:020000040800F2
:1000000000A7002045010008E9140008B10B000812
:10001000E514000877090008D32F0008000000004D
:10002000000000000000000000000000E9160008C9
:100030007B0900080000000071150008FD1700088A
:100040005F0100085F0100085F0100085F01000810
:100050005F0100085F0100085F0100085F01000800
:100060005F0100085F0100085F0100085F010008F0
:100070005F0100085F0100085F0100085F010008E0
:100080005F0100085F0100085F0100085F010008D0
:100090005F0100085F0100085F0100085F010008C0
:1000A0005F0100085F0100085F0100085F010008B0
:1000B0005F0100085F010008951B00085F01000850
:1000C0005F0100085F0100085F0100085F01000890
:1000D0005F010008CD2C00085F0100085F010008E7
:1000E0005F0100085F0100085F0100085F01000870
:1000F0005F0100085F0100085F0100085F01000860
:100100005F0100085F0100085F0100085F0100084F
:100110005F0100085F0100085F0100085F0100083F
:100120005F0100085F0100085F0100085F0100082F
:10013000DFF80CD000F050FB0048004721F9000820
:1001400000A700200648804706480047FEE7FEE774
:10015000FEE7FEE7FEE7FEE7FEE7FEE7FEE7FEE777
:100160003D1800083101000840EA01039B0703D055
:1001700009E008C9121F08C0042AFAD203E011F8E6
:10018000013B00F8013B521EF9D27047D2B201E0A8
:1001900000F8012B491EFBD270470022F6E710B58C
:1001A00013460A4604461946FFF7F0FF204610BDE5
:1001B000421C10F8011B0029FBD1801A704703462E
:1001C00011F8012B00F8012B002AF9D118467047CD
:1001D000F0B480EA0102D40F4200B2EB410F02D228
:1001E0000246084611464A0042D0C30DDDB2C1F3B3
:1001F000C752AD1A202D35DAC1F3160141F40002C1
:1002000004B15242C5F1200602FA06F12A41104417
:10021000B3EBD05F23D0C4B1012DA0EBC35009DCF8
:10022000F0BC4FF0004202EAC352DBB200F500001E
:1002300000F0F6B9400000F1807000EBC350A0F16F
:10024000807040EAD170490009E0490841EAC07174
:10025000A0EBC35000F50000400800EBC350F0BC19
:1002600000F0D5B96142012202EB4101001BF6E723
:10027000F0BC704781F00041AAE780F00040A7E79A
:1002800080EA010210B502F00043400022D04A008B
:100290001FD0010E01EB1261C0F35600C2F35602EB
:1002A00040F4000042F40002A0FB022000047F3969
:1002B000140400D0401C50EA124001D44000491EF2
:1002C000C2B20C0604EBD010401C4008802A02D0B9
:1002D00003E0002010BD20F00100002900DA00201A
:1002E000184310BD30B480EA010202F0004530F03E
:1002F000004221F0004013D090B1C30DD40DC2F3E1
:100300001601C0F31600E41A41F4000140F40002A3
:100310007D34914201D3641C00E04900002C02DAD4
:1003200030BC002070474FF400000023914201D3FD
:10033000891A034340084FEA4101F7D151B1914274
:1003400002D14FF0004105E002D24FF0010101E07F
:100350006FF0010103EBC450284430BC00F057B9E2
:100360002DE9FE4F81EA030404F0004421F000412E
:1003700000944FF0000B23F0004350EA01045ED0DC
:1003800052EA03045BD0C3F30A54C1F30A552C4468
:10039000A4F2F3340194A0FB0254C1F3130141F41D
:1003A0008011C3F3130343F4801301FB024400FBE9
:1003B000034E840A970A44EA815447EA8357A4FB10
:1003C000076802958D0A05FB07854FEA932C04FB0D
:1003D0000C542705029D4FEA065847EA1637B5EB3D
:1003E00008056EEB070C870E920E47EA811742EA6A
:1003F0008312A7FB0201B6EB0B0164EB00042B0D8B
:1004000043EA0C335E1844EB1C50DA465146E7FBD6
:100410000201C5F313044FEA0B3343EA14534FEAC6
:100420000432019C43EA0603A4F10C040294009CEC
:10043000CDE900B400F031F903B0BDE8F08F002041
:100440000146F9E7C10F80EAE0700844CA07962325
:10045000002100F0E5B896230022114600F0E0B834
:100460000EB540F2334102910021CDE900110A4658
:100470000B4600F012F903B000BD00F0004220F07E
:100480000040C10DC0F3160040F400007F2901DADE
:1004900000207047962903DCC1F19601C84001E0B5
:1004A00096398840002AF4D04042704720F000403E
:1004B000C10DC0F3160040F400007F2901DA0020CE
:1004C0007047962903DCC1F19601C8407047963900
:1004D00088407047C1F30A5210B5C1F3130140F2CE
:1004E000FF3341F480119A4201DA002010BD40F23E
:1004F00033439A42A2F2334203DC524200F077F8CF
:1005000010BD904010BD00F0004230F000400AD015
:10051000C10D01F56071C0F3160042EA0151C20835
:1005200040071143704700200146704730B5041E54
:1005300071F1000404DB4FF00044404264EB010120
:10054000141E73F1000405DB1C464FF000435242B9
:1005500063EB04038B4208BF824230BD30B5041EFA
:1005600071F1000404DB4FF00044404264EB0101F0
:10057000141E73F1000405DB1C464FF00043524289
:1005800063EB0403994208BF904230BD2DE9F05F50
:100590000546002092469B468846064681464024F2
:1005A0001BE0284641464746224600F020F85346C5
:1005B0005A46C01A914110D311461846224600F0FF
:1005C0001DF92D1A67EB01084F4622460120002134
:1005D00000F014F917EB00094E41201EA4F10104AC
:1005E000DFDC484631462A464346BDE8F09F202AD4
:1005F00004DB203A21FA02F00021704721FA02F3CD
:10060000D040C2F1200291400843194670470029AA
:10061000A8BF7047401C490008BF20F00100704788
:1006200010B4B0FA80FC00FA0CF050EA010404BFE8
:1006300010BC704749B1CCF1200421FA04F411FA3E
:100640000CF118BF012121430843A3EB0C01CB1D82
:100650004FEA00614FEA102042BF002010BC7047F3
:1006600000EBC35010440029A4BF10BC7047401CCD
:10067000490008BF20F0010010BC704710B5141EDF
:1006800073F1000408DA401C41F1000192185B414B
:100690001A4301D120F0010010BD2DE9F04D924622
:1006A0009B4611B1B1FA81F202E0B0FA80F2203239
:1006B000904600F0A3F804460F4640EA0A0041EADB
:1006C0000B0153465A46084313D0114653EA010022
:1006D00019D0C8F140025046FFF789FF05460E4683
:1006E00050465946424600F089F8084305D001209B
:1006F00004E020463946BDE8F08D0020054346EA77
:10070000E0762C4337430A986305E40AA0EB08001F
:100710000022FD0A44EA47540A3002D5002001466F
:10072000E9E7010510196941DDE90845001969414A
:10073000BDE8F04DA2E72DE9F04D00231A461B1A43
:100740008A4103DB00200146BDE8F08DC1F30A5267
:10075000C1F3130141F480154FF0000BD10702D112
:1007600000186D41521E0027044640F2FF11384622
:1007700001EB620A3E468046024600204FF480119B
:10078000FFF735FFC2197141BB1846EB0100B4EB0E
:10079000030C75EB000C04D3E41A65EB0005174657
:1007A0000E46241908F101006D4180463428E3DD2E
:1007B000F91946EB0600091BA84103D24FF0FF329E
:1007C000134601E0002213461BEB070046EB0A51DB
:1007D000BDE8F04DFFF752BF064C074D06E0E0685C
:1007E00040F0010394E8070098471034AC42F6D378
:1007F000FFF7A2FCEC7501080C760108202A04DB47
:10080000203A00FA02F1002070479140C2F1200323
:1008100020FA03F319439040704770B58C1810F814
:10082000015B15F0070301D110F8013B2A1106D135
:1008300010F8012B03E010F8016B01F8016B5B1E4F
:10084000F9D12B0705D40023521E0DD401F8013B2A
:10085000FAE710F8013BCB1A921C03E013F8015B96
:1008600001F8015B521EF9D5A142D8D3002070BD1A
:1008700010B500F0BBF910BD2DE9F04107460C465C
:100880000026002509E036023919491B491E88B2A5
:1008900000F008F80644681CC5B2A542F3DB3046F8
:1008A000BDE8F08170B50446002600F03FFA254609
:1008B000E11704EB11610912A02202EB4101C8B259
:1008C00000F002FA00F06AFAE11704EB1161091274
:1008D000A4EB0121C8B200F0F7F900F05FFA00F0D4
:1008E00025FAA12000F0F0F900F058FA002000F0FD
:1008F000BFF9064600F036FA304670BD2DE9F041EA
:1009000005460E461746002409E0E20026FA02F2E8
:10091000D1B22A1990B200F006F8601CC4B2BC42F1
:10092000F3DBBDE8F08170B504460E4600F0FEF939
:100930002546E11704EB11610912A02202EB4101E7
:10094000C8B200F0C1F900F029FAE11704EB116117
:100950000912A4EB0121C8B200F0B6F900F01EFAAA
:10096000304600F0B1F900F019FA00F0FBF90A2066
:1009700002F0BEFD70BD00BFFEE7704751B18200BE
:10098000A2F1C042126842F001038200A2F1C0420B
:10099000136009E08200A2F1C0421268034B1A40C2
:1009A0008300A3F1C0431A6070470000FEFF0F00F0
:1009B000D0E901121143C26811430269114342692F
:1009C000114382691143C2691143026A1143426AA9
:1009D0001143826A1143C26A1143026B11430268D8
:1009E0009200A2F1C0421160816808290BD1016810
:1009F0008900A1F1C041096841F040020168890005
:100A0000A1F1C0410A60416B0968426B526841EA3A
:100A10000211426B926841EA0221426B928941EADB
:100A20000241426B128A41EA0251426B127D41EA55
:100A30000261426B926911430268521C9200A2F15A
:100A4000C0421160C16AB1F5804F1BD1816B09684A
:100A5000826B526841EA0211826B926841EA02217C
:100A6000826B128A41EA0251826B127D41EA026175
:100A7000826B9269114302689200A2F1C042C2F8EF
:100A8000041107E06FF0704201688900A1F1C041D4
:100A9000C1F8042170472DE9F041024600250026E7
:100AA000002000230024002791F803C00CF00F055C
:100AB00091F803C00CF0100CBCF1000F03D091F8BA
:100AC00002C04CEA050591F800C0BCF1000F31D01E
:100AD000146800202BE04FF0010C0CFA00F3B1F881
:100AE00000C00CEA03069E4220D183004FF00F0C99
:100AF0000CFA03F7BC4305FA03FC4CEA040491F832
:100B000003C0BCF1280F06D14FF0010C0CFA00FC19
:100B1000C2F814C00AE091F803C0BCF1480F05D137
:100B20004FF0010C0CFA00FCC2F810C0401C082861
:100B3000D1D31460B1F800C0BCF1FF0F34DD5468AC
:100B400000202EE000F1080C4FF0010808FA0CF329
:100B5000B1F800C00CEA03069E4221D183004FF099
:100B60000F0C0CFA03F7BC4305FA03FC4CEA04042F
:100B700091F803C0BCF1280F05D100F1080C08FA68
:100B80000CF8C2F8148091F803C0BCF1480F07D1EB
:100B900000F1080C4FF0010808FA0CF8C2F81080B8
:100BA000401C0828CED35460BDE8F0810161704735
:100BB00000BFFEE710B500200A49086000F082FD82
:100BC00000200949C1F89C01022002F0B7FC012075
:100BD00004490860052002F0B1FC00200249C1F878
:100BE000980110BD988121420080214208B5012161
:100BF000082000F0DFFC4020ADF8000003208DF855
:100C0000020010208DF8030069460848FFF743FFF3
:100C10008020ADF8000069460448FFF73CFF012042
:100C2000034908600349C1F89C0108BD000C01405C
:100C3000988121420080214210B500200A490860B5
:100C400000F040FD01200949C1F89C01022002F09A
:100C500075FC012004490860052002F06FFC0020AB
:100C60000249C1F8980110BD9881214200802142BB
:100C700070B50546002400F017FD002616E00020A0
:100C80000F490860022002F059FC01200D49C1F80B
:100C900098016006040E0A487C38006808B1601CA0
:100CA000C4B2012002F04AFC701CC6B2082EE6DB7A
:100CB00015B9FFF7C1FF01E0FFF77CFF204670BDCB
:100CC000988121420080214270B5044600F0FAFC70
:100CD000002014490860002520E004F0800000286E
:100CE00004DD01200F49091D086003E000200D49C3
:100CF000091D08606006040E022002F01FFC01209E
:100D000008490860022002F019FC00200649C1F8D9
:100D10009801022002F012FC681CC5B2082DDCDB31
:100D200070BD0000988121420080214210B500F082
:100D3000C9FC0120094908600949C1F8980105204A
:100D400002F0FCFB002005490860062002F0F6FBDB
:100D500000200349C1F8980110BD00009C81214288
:100D60000080214210B500F0ADFC00200949086068
:100D70000949C1F89C01012006490860062002F0DB
:100D8000DDFB01200449C1F89C01062002F0D6FBDE
:100D900010BD0000988121420080214210B500243E
:100DA00001200F49086002F0C9FB00F07DFC012022
:100DB0000C49C1F8980102F0C1FB07E0601CC4B205
:100DC000FA2C03DDFFF7CEFF012010BD0448803868
:100DD00000680028F2D10249091F086000BFF4E74B
:100DE0009C8121420080214208B50121442000F06D
:100DF000E1FB0120ADF8000028208DF803006946D2
:100E00000648FFF748FE1C20ADF8000048208DF88A
:100E1000030069460248FFF73EFE08BD0008014096
:100E20000018014070B506460F484088401E83B246
:100E30000D480088401E82B20021084600F062F989
:100E400000240CE0002504E0304600F01FFB681C85
:100E500085B205484088A842F6DC601C84B202488E
:100E60000088A042EEDC70BD180000202DE9F84F8C
:100E700006460F4690469946DDF828B0A8EB0600D6
:100E8000401C1FFA80FAA9EB0700401C80B20090BA
:100E9000002415E000250FE03A1991B2721990B2C2
:100EA0004B46424600F02EF904FB0A513BF8110074
:100EB00000F0ECFA681C85B25545EDDB601C84B28D
:100EC00000988442E6DBBDE8F88F000000B50246DA
:100ED0000F4882716AB9362000F0CCFA222000F067
:100EE000CFFA4FF4F0700A4948804FF488700880B8
:100EF0000CE0362000F0BEFA002000F0C1FA4FF4FA
:100F00008870034948804FF4F070088000BD0000ED
:100F10001800002070B504460D4616462B462246A2
:100F20002946204600F0EEF8304600F0AFFA70BDDA
:100F30002DE9FF4F84B081468A460020039002903D
:100F40000698A0EB09050798A0EB0A06CDF80490D7
:100F5000CDF800A0002D01DD012705E00DB9002727
:100F600002E04FF0FF376D42002E02DD4FF0010826
:100F700006E016B94FF0000802E04FF0FF38764265
:100F8000B54201DD2C4600E034464FF0000B21E075
:100F9000009A91B2019A90B200F022F80398284486
:100FA00003900298304402900398A04205DD039814
:100FB000001B03900198384401900298A04205DD7F
:100FC0000298001B02900098404400900BF1010031
:100FD0001FFA80FB601C8345DADD08B0BDE8F08FA6
:100FE00030B504460D462B4622462946204600F0E1
:100FF00089F80248008800F049FA30BD140000204A
:101000002DE9F04306460F4690460024454603204E
:10101000A0EB48093CE07A1B91B2321990B2FFF77D
:10102000DFFF3A1B91B2721990B2FFF7D9FF3A195C
:1010300091B2721990B2FFF7D3FF7A1991B23219B7
:1010400090B2FFF7CDFF7A1991B2321B90B2FFF741
:10105000C7FF3A1991B2721B90B2FFF7C1FF7A1B1A
:1010600091B2321B90B2FFF7BBFF3A1B91B2721BD9
:1010700090B2FFF7B5FF641CB9F1000F03DAA000CE
:10108000801D814404E0601B80000A3081446D1E95
:10109000AC42C0DDBDE8F08310B50246012000E09F
:1010A00050430B1EA1F10104E1B2F9D110BD0000C3
:1010B0002DE9F0470446BE2000F0DCF9052000F0E1
:1010C000DFF92046FFF7CCF907464FF066320C4BAC
:1010D000FFF746F90546FFF7FDF91FFA80F9484684
:1010E00000F0CEF9012000F0CBF9FF2000F0C8F9A4
:1010F000002000F0C5F9002000F0C2F9BDE8F0873B
:101100006666044070B504460D4650488079002854
:101110004CD12B2000F0AEF92646E11704EB11610B
:10112000C1F30F2000F0ACF9E11704EB11610912D3
:10113000A4EB012188B200F0A3F91646D11702EB07
:101140001161C1F30F2000F09BF91646D11702EB95
:1011500011610912A2EB012188B200F091F92A2055
:1011600000F088F92E46E91705EB1161C1F30F2055
:1011700000F086F9E91705EB11610912A5EB0121D1
:1011800088B200F07DF91E46D91703EB1161C1F357
:101190000F2000F075F91E46D91703EB11610912F3
:1011A000A3EB012188B200F06BF94BE02A2000F09C
:1011B00061F92646E11704EB1161C1F30F2000F03D
:1011C0005FF9E11704EB11610912A4EB012188B268
:1011D00000F056F91646D11702EB1161C1F30F204A
:1011E00000F04EF91646D11702EB11610912A2EB7D
:1011F000012188B200F044F92B2000F03BF92E4683
:10120000E91705EB1161C1F30F2000F039F9E91777
:1012100005EB11610912A5EB012188B200F030F94C
:101220001E46D91703EB1161C1F30F2000F028F916
:101230001E46D91703EB11610912A3EB012188B2F5
:1012400000F01EF92C2000F015F970BD18000020E8
:101250002DE9F84F80460E4617461C46B3462046F9
:10126000E31704EB5373DB1021464FEAE47C04EBF5
:101270005C7C4FEAEC0CA4EBCC0CBCF1000F02D070
:101280004FF0010C01E04FF0000C6344224604EBE8
:10129000D27C4FEA6C0C03FB0CF3DBB20093A7F19A
:1012A0002000C7B2002556E00C2C07D107EB470001
:1012B0002B4901EB800010F8059013E0102C05D1AC
:1012C000284800EB071010F805900BE0182C07D108
:1012D00007EBC700244901EB800010F8059001E0FE
:1012E000BDE8F88F4FF0000A2FE009F0800030B120
:1012F0001E48028831464046FFF70CFE07E00A9878
:1013000028B91B48028831464046FFF703FE4FEAE2
:1013100049604FEA1069701C86B216484088B04296
:1013200000DCDDE7A6EB0B00A0420AD15E4608F127
:1013300001001FFA80F80F480088404500DCCFE725
:1013400006E00AF1010000F0FF0ABAF1080FCCDB59
:1013500000BF681CC5B200988542A5DB00BFBFE78F
:101360007AFD0008EE010108DE07010814000020E4
:1013700016000020180000202DE9FF4F81B007461D
:1013800091461E460E9D4FF0000A002439E0301BA6
:10139000401EC1B20A20FFF77FFEB9FBF0F00A2120
:1013A000B0FBF1F201FB1208BAF1000F16D1701E6A
:1013B000A04213DDB8F1000F0ED10020AB4605EBC3
:1013C000DB71491001FB0471009088B22B4620228A
:1013D0000299FFF73DFF12E04FF0010A0020AB46F3
:1013E00005EBDB71491001FB0471009088B208F134
:1013F0003001CAB22B460299FFF72AFF00BF601CDA
:10140000C4B2B442C3DB05B0BDE8F08F2DE9F847A4
:1014100004460D4690469946DDE9096704F0FF0A47
:1014200008EB04001FFA80F809EB05001FFA80F9A9
:1014300016E0444502DB5446A81985B24D4500DB51
:1014400014E0002000903A78334629462046FFF702
:10145000FFFE304606EBD07104EB61018CB27F1CBD
:1014600038787E2802DC38782028E2DA00BFBDE830
:10147000F88700000149088070470000FE07006CF3
:1014800001490880704700000008006C014908808D
:10149000704700000008006C08B50121482000F0EA
:1014A00089F82020ADF8000010208DF803000320FB
:1014B0008DF8020069460948FFF7EDFA2021074838
:1014C000FFF774FB2020ADF8000069460448FFF7E1
:1014D000E2FA20210248FFF769FB08BD000C014039
:1014E0000018014000BFFEE77047000070B5002102
:1014F00000230F22C47804B3154C246804F4E0647C
:10150000C4F5E064210AC1F10403CA40447804FA36
:1015100003F184781440214309010E4C0678A1554B
:10152000047804F01F050124AC4005786D11AD006E
:1015300005F1E025C5F8004109E0047804F01F0535
:101540000124AC40044D0678761145F8264070BD64
:101550000CED00E000E400E080E100E0024901431E
:10156000024A1160704700000000FA050CED00E02F
:101570007047000029B1064A52690243044B5A6180
:1015800004E0034A52698243014B5A6170470000EC
:101590000010024029B1064AD2690243044BDA61C5
:1015A00004E0034AD2698243014BDA6170470000CC
:1015B0000010024029B1064A92690243044B9A6125
:1015C00004E0034A92698243014B9A61704700002C
:1015D0000010024030B500210022002400232D4DD0
:1015E0006D6805F00C0121B1042905D0082923D12B
:1015F00005E0294D056022E0274D05601FE0254DDF
:101600006D6805F47012234D6D6805F48034022571
:1016100005EB92421CB9214D554305600BE01D4D71
:101620006D6805F400351DB11C4D5543056002E0A1
:10163000194D5543056002E0174D056000BF00BF1E
:10164000144D6D6805F0F0010909154D6B5C0568D6
:10165000DD4045600F4D6D6805F4E061090A104DED
:101660006B5C4568DD4085600A4D6D6805F460512E
:10167000C90A0B4D6B5C4568DD40C560054D6D6862
:1016800005F44041890B074D6B5CC568B5FBF3F56C
:10169000056130BD0010024000127A0000093D00D3
:1016A000000000201000002008B58020ADF80000E8
:1016B00048208DF8030069460148FFF7ECF908BDA2
:1016C000000C014008B58020ADF8000003208DF823
:1016D000020010208DF8030069460248FFF7DBF98D
:1016E00008BD0000000C0140704710B500F002F882
:1016F00010BD00000CB50020019000903348006838
:1017000040F480303149086000BF3048006800F480
:10171000003000900198401C0190009818B9019881
:10172000B0F5A06FF1D12948006800F4003010B185
:101730000120009001E0002000900098012843D192
:101740002348006840F010002149086008460068FE
:1017500020F0030008600846006840F002000860BE
:101760001A48406819494860084640684860084679
:10177000406840F4806048600846406820F47C106F
:1017800048600846406840F4E81048600846006831
:1017900040F08070086000BF0C48006800F00070E6
:1017A0000028F9D00948406820F003000749486044
:1017B0000846406840F00200486000BF03484068A7
:1017C00000F00C000828F9D10CBD00000010024008
:1017D00000200240042808D14FF0E021096941F0BF
:1017E00004014FF0E022116107E04FF0E0210969A8
:1017F00021F004014FF0E0221161704770470000B2
:1018000010B504466FF00400FFF7E4FFE11704EBA6
:101810005171C1F3C701074A11701046007800EBFF
:101820004001C1EBC0104FF6FF7101EAC000024950
:10183000088010BD6A0000206C00002010B513481D
:10184000006840F0010011490860084640681049EE
:1018500008400E494860084600680E4908400B4998
:1018600008600846006820F4802008600846406848
:1018700020F4FE0048604FF41F008860FFF735FF3A
:101880004FF000600449086010BD000000100240E5
:101890000000FFF8FFFFF6FE08ED00E000B59DB088
:1018A00001210802FFF766FE012007900020089042
:1018B0000F20099000200A900B900C900D9015209D
:1018C0000090019005200290002003900490059064
:1018D000069006200E9000200F901090102011907E
:1018E0000020129014901390159016904FF4805091
:1018F0001790002018904FF48040199000201A9003
:1019000007A81B90CDF870D00EA8FFF751F8012161
:101910000620FFF733F81DB000BD000008B5012117
:101920004FF4B470FFF746FE4CF23370ADF8000090
:1019300018208DF8030003208DF80200694618482E
:10194000FFF7A9F84FF68070ADF8000018208DF869
:10195000030003208DF8020069461248FFF79BF848
:1019600041F20100ADF8000018208DF803000320BB
:101970008DF8020069460C48FFF78DF80120ADF89C
:10198000000010208DF8030003208DF80200694646
:101990000648FFF780F801200549086008BD0000EF
:1019A000001401400018014000200140000C0140DB
:1019B0008081214210B5FFF7B1FFFFF76FFF3220A2
:1019C00001F096FD6E4881886EA001F005FBE220D3
:1019D000FFF750FD2C20FFF753FD0220FFF750FDCD
:1019E0000420FFF74DFDE020FFF744FD0120FFF745
:1019F00047FD012001F07CFDE020FFF73BFD0320C7
:101A0000FFF73EFD052001F073FD0120FFF732FDD9
:101A10000A2001F06DFDE620FFF72CFD0120FFF705
:101A20002FFD3320FFF72CFD3220FFF729FDB020DA
:101A3000FFF720FD2020FFF723FD0020FFF720FD0A
:101A40000120FFF71DFD40F2DF10FFF719FD012017
:101A5000FFF716FD40F20F10FFF712FD0020FFF711
:101A60000FFDB420FFF706FD0220FFF709FD40F24D
:101A70000D20FFF705FD0020FFF702FD2B20FFF7EB
:101A8000FFFC2A20FFF7FCFC0020FFF7F9FC0120F7
:101A9000FFF7F6FC0020FFF7F3FCB620FFF7EAFCA7
:101AA0000120FFF7EDFC4FF49070FFF7E9FC0020F8
:101AB000FFF7E6FC0C20FFF7E3FC0B20FFF7E0FC50
:101AC0000020FFF7DDFC0120FFF7DAFCB820FFF76C
:101AD000D1FC0F20FFF7D4FC0120FFF7D1FCBA2086
:101AE000FFF7C8FC0120FFF7CBFC3620FFF7C2FC54
:101AF0000020FFF7C5FCF020FFF7BCFC0320FFF738
:101B0000BFFC2120FFF7B6FCBC20FFF7B3FC802010
:101B1000FFF7B6FC8020FFF7B3FC8020FFF7B0FC96
:101B20000120FFF7ADFC0A2001F0E2FC2920FFF7BD
:101B3000A1FCBE20FFF79EFC0E20FFF7A1FCFF20BA
:101B4000FFF79EFC0920FFF79BFCFF20FFF798FCA6
:101B50000020FFF795FC0020FFF792FCD020FFF754
:101B600089FC0D20FFF78CFC6420FFF7A1FA002010
:101B7000FFF7ACF94FF6FF70FFF754F910BD000006
:101B800018000020204C43442049443A25780D0A8F
:101B90000000000010B50121054800F04EF810B11A
:101BA00001200DF00BFB0121014800F037F810BDBA
:101BB000000800407FB505460C4601210420FFF7D0
:101BC000E9FCADF80850ADF804400020ADF80A007B
:101BD000ADF8060001A9104800F04AF801221146AC
:101BE0000D4800F03BF801210B4800F017F81E20CB
:101BF0008DF8000002208DF8010003208DF802000E
:101C000001208DF803006846FFF770FC01210248AF
:101C100000F007F87FBD000000080040CA430282C0
:101C2000704721B1028842F00102028004E002887C
:101C30004FF6FE731A400280704730B5024600200E
:101C400000230024158A05EA0103958905EA0104A9
:101C500013B10CB1012000E0002030BD1AB183891E
:101C60000B43838102E083898B43838170470000AB
:101C7000002202881D4B98420ED01D4B98420BD07B
:101C8000B0F1804F08D01B4B984205D01A4B9842B8
:101C900002D01A4B984204D14FF68F731A404B88EA
:101CA0001A43174B984207D0164B984204D04FF670
:101CB000FF431A40CB881A4302808B8883850B88A8
:101CC00003850A4B98420BD0094B984208D00E4B23
:101CD000984205D00D4B984202D00D4B984201D14D
:101CE0000B7A03860123838270470000002C014099
:101CF000003401400004004000080040000C004097
:101D00000010004000140040004001400044014029
:101D1000004801402DE9FC5F04460D4617461E466B
:101D2000DDE90EABDDE90C894FF4784057490880B6
:101D300057A01021CDE90010564843880288A02101
:101D40002820FFF763FB54A01021CDE90010514873
:101D500043880288A0217820FFF758FB4FA010216C
:101D6000CDE900104B4843880288B4212820FFF7B2
:101D70004DFB4BA01021CDE9001046484388028856
:101D8000B4217820FFF742FB46A01021CDE90010D6
:101D9000404843880288C8212820FFF737FB42A02B
:101DA0001021CDE900103B4843880288C8217820E3
:101DB000FFF72CFB3DA01021CDE9001035484388EA
:101DC0000288DC212820FFF721FB39A01021CDE972
:101DD0000010304843880288DC217820FFF716FB8A
:101DE00034A01021CDE900102A4843880288F02150
:101DF0002820FFF70BFB102004232246A02100908F
:101E00004020FFF7B9FA102004232A46A0210090B1
:101E10009020FFF7B1FA102004233A46B421009035
:101E20004020FFF7A9FA102004233246B421009085
:101E30009020FFF7A1FA102004234246C821009009
:101E40004020FFF799FA102004234A46C821009049
:101E50009020FFF791FA102004235246DC210090D5
:101E60004020FFF789FA102004235A46DC21009015
:101E70009020FFF781FA102003230090F0216020CA
:101E8000109AFFF779FABDE8FC9F000014000020CB
:101E900078313A001800002079313A0078323A005F
:101EA00079323A0078333A0079333A0078343A009C
:101EB00079343A006661632069733A0000B597B0DF
:101EC000002012900B9012901F20FE4908804FF6C0
:101ED000FF70FD490880FEF7A5FF4FF47840F949EF
:101EE00008804FF6FF70FEF79DFF0020F54908803F
:101EF000F648006810216423A022CDE900102821B3
:101F00000846FFF783FA4FF478421421084600F0A0
:101F100003FC0020EE4988868863D0E3EC484068E3
:101F20000A9001200A998847E94890F8340000F0A7
:101F3000C00040287AD100200B90E548808E20F028
:101F40004000E34988860846818913AA129822F83E
:101F50002010DF48018C129802EB8000418012981B
:101F6000401CC0B212901298012806D0022815D049
:101F7000032829D0042810D141E04FF6FF72142124
:101F8000084600F0C9FBD3480088143880B24FF4EB
:101F9000784214210A9000F0BFFB80E3CD4800880E
:101FA000143880B24FF6FF7214210A9000F0B4FB8F
:101FB000C8484088143880B24FF4784201460A90ED
:101FC000142000F0A9FB6AE3C2484088143880B2AC
:101FD0004FF6FF7201460A90142000F09DFBBD48A9
:101FE0004088143880B20A90BA480088143880B209
:101FF0004FF4784209900A9900F08EFB4FE3BDF848
:102000004C00BDF85010401A0A90002801DB0A98D5
:1020100001E00A9840420F90BDF84E1013A8C08806
:10202000081A0A90002802DB0A9802E038E30A98AE
:1020300040420E900F9840430F900E9840430E90F0
:10204000DDE90E1008440590FEF70AFACDE9060115
:102050000DF01DFDCDE90801FEF73CFA80B21190AC
:10206000BDF85400BDF85810401A0A90002801DB52
:102070000A9801E00A9840420F9013A84189C0894C
:10208000081A0A90002801DB0A9801E00A984042E9
:102090000E900F9840430F900E9840430E90DDE94C
:1020A0000E1008440590FEF7DBF9CDE906010DF0AE
:1020B000EEFCCDE90801FEF70DFA80B21090109801
:1020C000FEF7C9F909901198FEF7C5F9089009992A
:1020D000FEF708F90A90FEF716FACDE90C014FF069
:1020E00066327D4BDDE90C01FEF720FA0AD37B4A0C
:1020F0007B4BDDE90C01FEF731FA03D3119808B1EF
:102100001098E8BB0020129072484088143880B2C2
:102110000A9070480088143880B24FF6FF72099018
:102120000A9900F0F9FA4FF478421421084600F0B9
:10213000F3FA00226B4BDDE90C01FEF711F9CDE952
:102140000801FEF7C7F980B213A90A90C989BDF842
:10215000582013AB5B89CDE90132CDE90310BDF8FE
:102160005400009013A8C0880990BDF85000089052
:10217000BDF84E000790BDF84C00069007A900E09E
:1021800003E00EC9FFF7C6FD99E2BDF84C00BDF8AB
:102190005410401A0A90002801DB0A9801E00A98BE
:1021A00040420F90BDF84E1013A84089081A0A90BB
:1021B000002801DB0A9801E00A9840420E900F982F
:1021C00040430F900E9840430E90DDE90E100844F6
:1021D0000590FEF745F9CDE906010DF058FCCDE973
:1021E0000801FEF777F980B21190BDF85000BDF8F4
:1021F0005810401A0A90002801DB0A9801E00A985A
:1022000040420F9013A8C188C089081A0A9000287C
:1022100001DB0A9801E00A9840420E900F98404373
:102220000F900E9840430E90DDE90E100844059083
:10223000FEF716F9CDE906010DF029FCCDE90801FC
:10224000FEF748F980B210901098FEF704F9099053
:102250001198FEF700F908900999FEF743F80A90E3
:10226000FEF751F9CDE90C014FF066321A4BDDE96A
:102270000C01FEF75BF906D3184A194BDDE90C0196
:10228000FEF76CF954D2002012901248408814389E
:1022900080B20A900F480088143880B24FF6FF725F
:1022A00009900A9900F038FA4FF478421421084650
:1022B00000F032FA00220B4BDDE90C01FEF750F87A
:1022C00012E00000140000201600002094460108CF
:1022D00020000020180000206666EE3FCDCCCCCC5C
:1022E000CCCCF03F00005940CDE90801FEF7F2F8F0
:1022F00080B213A90A90C989BDF8582013AB5B8935
:10230000CDE90132CDE90310BDF85400009013A8C7
:10231000C0880990BDF850000890BDF84E000790A5
:10232000BDF84C00069007A90EC9FFF7F3FCC6E103
:10233000BDF85000BDF85410401A0A90002801DB87
:102340000A9801E00A9840420F9013A8C18840897A
:10235000081A0A90002801DB0A9801E00A98404216
:102360000E900F9840430F900E9840430E90DDE979
:102370000E1008440590FEF773F8CDE906010DF044
:1023800086FBCDE90801FEF7A5F880B21190BDF8F3
:102390004C00BDF85810401A0A90002801DB0A983A
:1023A00001E00A9840420F90BDF84E1013A8C08972
:1023B000081A0A90002801DB0A9801E00A984042B6
:1023C0000E900F9840430F900E9840430E90DDE919
:1023D0000E1008440590FEF743F8CDE906010DF014
:1023E00056FBCDE90801FEF775F880B21090109801
:1023F000FEF731F809901198FEF72DF80890099929
:10240000FDF770FF0A90FEF77EF8CDE90C014FF062
:102410006632AD4BDDE90C01FEF788F806D3AB4A16
:10242000AB4BDDE90C01FEF799F840D20020129089
:10243000A8484088143880B20A90A648008814380A
:1024400080B24FF6FF7209900A9900F065F94FF4D7
:1024500078421421084600F05FF900229E4BDDE926
:102460000C01FDF77DFFCDE90801FEF733F880B2DE
:1024700013A90A90C989BDF8582013AB5B89CDE92F
:102480000132CDE90310BDF85400009013A8C088B4
:102490000990BDF850000890BDF84E000790BDF8B7
:1024A0004C00069007A90EC9FFF734FC07E1BDF800
:1024B0005000BDF84C10401A0890FDF7C3FF0A9079
:1024C0008448008828380890FDF7BCFF09900A99D5
:1024D000FDF708FF81498863BDF85000BDF84C1036
:1024E00008440590FDF7AEFF06907C48806B0146DE
:1024F00005900698FDF7C4FE08907648008806907F
:10250000FDF7A9FF07900899FDF7B4FE4FF0804151
:102510000990FDF7E7FE0A90FDF7AFFF00B26F49A3
:10252000A1F8400013A84089BDF84E10401A089049
:10253000FDF788FF0A906748408828380890FDF723
:1025400081FF09900A99FDF7CDFE6449C86313A87D
:102550004089BDF84E1008440590FDF773FF0690C2
:102560005E48C06B014605900698FDF789FE08900D
:10257000584840880690FDF76EFF07900899FDF7D0
:1025800079FE4FF080410990FDF7ACFE0A90FDF70F
:1025900074FF00B25149A1F842000846806B0890D0
:1025A000FDF76BFF0990002801DB099801E009980D
:1025B000404202280DDC4948C06B0890FDF75DFFE2
:1025C0000A90002801DB0A9801E00A98404202289C
:1025D00042DD002012903F484088143880B20A90B3
:1025E0003C480088143880B24FF6FF7209900A996F
:1025F00000F092F84FF478421421084600F08CF86D
:1026000037A01021CDE90010324840880A903148A7
:102610000088099002461A2128200A9BFEF7F6FE40
:102620002E4890F8440008B9012000E000202B4912
:1026300081F84400084690F8440030B190202D49BC
:102640000870D0202C49087005E0D0202949087076
:1026500090202949087032E01F20284908804FF651
:10266000FF70FEF7DFFB26A01021CDE9001019480E
:1026700040880A9017480088099002466E2123205E
:102680000A9BFEF7C3FE4FF47A7000F031FF00F0B2
:1026900037FA4FF6FF70FEF7C5FB17B000BD00BF5D
:1026A0000A2000F025FF0B98401C80B20B900B987D
:1026B000B0F57A7F02DD00F067F801E000BF2DE49D
:1026C00000BF00BFE9E700006666EE3FCDCCCCCC92
:1026D000CCCCF03F18000020000059402000002022
:1026E0005450204E65656420726561646A75737428
:1026F0002100000068000020690000201400002074
:10270000546F7563682053637265656E2041646A17
:10271000757374204F4B210070B504460D46164664
:102720001848068004F10D018AB2193988B22B4687
:102730002946FEF7FDFB05F10D0083B2193881B281
:1027400022462046FEF7F4FB6A1C91B2621C90B24E
:10275000FEF746FC6A1C91B2621E90B2FEF740FC86
:102760006A1E91B2621C90B2FEF73AFC6A1E91B2E8
:10277000621E90B2FEF734FC062229462046FEF780
:102780003FFC70BD1400002070B5D520FEF78AF81C
:1027900004460A2C44D10421C820FEF76DF80446F3
:1027A0002046FDF74FFE05461E49FDF79BFD1E49DD
:1027B00088630421CC20FEF75FF804462046FDF72D
:1027C00041FE05461749FDF78DFD1749C8630221F3
:1027D000D020FEF751F800B21349A1F840000221C1
:1027E000D220FEF749F800B20F49A1F84200D420E8
:1027F000FEF758F80C4981F84400084690F8440068
:1028000030B1902009490870D0200949087005E0CE
:10281000D02006490870902005490870012070BD3D
:102820000020FCE720BCBE4C2000002068000020F7
:102830006900002008B501218820FEF7BBFE0220B8
:10284000ADF8000010208DF8030003208DF8020081
:1028500069462848FEF71FF902212648FEF7A6F927
:102860000420ADF8000048208DF803006946214897
:10287000FEF711F904211F48FEF798F94FF4206084
:10288000ADF8000010208DF8030003208DF8020041
:1028900069461948FEF7FFF84FF420611648FEF725
:1028A00085F94FF48060ADF8000048208DF80300F2
:1028B00069461148FEF7EFF84FF480610E48FEF7C5
:1028C00075F90E49A1F1140000F0A2F8FDF7D0FF50
:1028D000FFF75AFF08B1002008BD4FF6FF70FEF762
:1028E000A1FAFFF7EBFA00F00BF9FFF74DFF01201B
:1028F000F2E70000000C0140001C014040000020F5
:1029000070B506460025002400201E4908601E49B7
:10291000C1F8A4011D490860304600F0B1F9062055
:1029200000F00CFE00201A49C1F88401012000F0DB
:1029300005FE01201349086000F000FE0020144944
:10294000C1F8840100BF15E04FF6FF7000EA4404AF
:1029500000200C490860012000F0F0FD01200C4926
:10296000C1F8840107487C38006808B1601C84B253
:10297000681CC5B2102DE7DB241101200349086053
:10298000204670BD8481214200802342AC812342D5
:10299000008021422DE9F04194B0804600270024B8
:1029A00006E04046FFF7ACFF2DF81400601C84B22F
:1029B000282CF6DB002416E0601C85B20FE03DF801
:1029C00014003DF81510884207DD3DF814603DF80D
:1029D00015002DF814002DF81560681C85B2282DFF
:1029E000EDDB601C84B2272CE6DB0027012404E029
:1029F0003DF814000744601C84B2272CF8DB262025
:102A0000B7FBF0F086B2304614B0BDE8F0810000AC
:102A10002DE9F04104460D4607480078FFF7BAFF5C
:102A2000064606480078FFF7B5FF074626802F8048
:102A30000120BDE8F081000068000020690000204E
:102A40007FB504460D4602A903A8FFF7E1FF06463D
:102A500016B9002004B070BD694601A8FFF7D8FF81
:102A600006460EB90020F5E7BDF80400BDF80C10CD
:102A7000884206DCBDF80C10BDF8040032308142FB
:102A80000CDBBDF80C00BDF80410884236DCBDF844
:102A90000410BDF80C00323081422FDABDF800007E
:102AA000BDF80810884206DCBDF80810BDF800002B
:102AB000323081420CDBBDF80800BDF800108842BE
:102AC0001CDCBDF80010BDF808003230814215DA78
:102AD000BDF80C10BDF80420881800EBD071C1F3CC
:102AE0004F012180BDF80810BDF80020881800EBC8
:102AF000D071C1F34F0129800120ABE70020A9E785
:102B000070B51B49886B1B49FDF7BAFB0546FDF7FD
:102B1000B4FC044604222146C820FDF7EFFE144908
:102B2000C86B1449FDF7ACFB0546FDF7A6FC04464F
:102B300004222146CC20FDF7E1FE0D48B0F94010FB
:102B40000222D020FDF7DAFE0948B0F94210022235
:102B5000D220FDF7D3FE064890F84410D420FDF7AC
:102B6000E2FE0A242146D520FDF7DDFE70BD0000FF
:102B70002000002020BCBE4C2DE9F04104463E4818
:102B80000068002855D12CB13C49A1F11400FFF791
:102B900057FF3DE03949A1F11400FFF751FFB8B3E9
:102BA00036492039B1F94000FDF74CFC074633495E
:102BB00020398889FDF74FFC804630482038816BEA
:102BC0004046FDF75DFB06463946FDF701FB05462D
:102BD000FDF76CFC294920398881B1F94200FDF7E5
:102BE00031FC074625492039088CFDF734FC804626
:102BF00022482038C16B4046FDF742FB0646394665
:102C0000FDF7E6FA0546FDF751FC1C49203908841A
:102C10001A48203890F8340000F0800020BBC02013
:102C2000164920398886084681898182018C018570
:102C30001AE01248203890F8340000F0800040B1CB
:102C40000E482038808E20F080000C49203988867C
:102C50000AE0002109482038818201854FF6FF7083
:102C600006492039888108840448203890F83400C7
:102C700000F08000BDE8F081288123424000002060
:102C800070B50446002500BF17E004F0800018B1BD
:102C900001200B49086002E0002009490860600635
:102CA000040E002007490860012000F047FC0120C5
:102CB0000549C1F88401681CC5B2082DE5DB70BD6B
:102CC000A4812342848121420080214210B540F238
:102CD00025511D4800F0B8F810B31B4800F070F9FA
:102CE000C4B21A48008800F40040C8B917480088E8
:102CF00000F4804060B10A2C03D000201349088002
:102D000020E01248008840F400401049088019E093
:102D10000D2C06D10D48008840F480400B490880F6
:102D200010E00A480088C0F30D0009490C54074818
:102D30000088401C0549088008460088C72801DD36
:102D40000020088010BD0000003801406E00002007
:102D50006C01002010B586B0044601210420FEF766
:102D600029FC01218803FEF725FC4FF40070ADF823
:102D7000140003208DF8160018208DF8170005A9FF
:102D80001E48FDF788FE4FF48060ADF81400042063
:102D90008DF8170005A91948FDF77DFE0194002064
:102DA000ADF80800ADF80A00ADF80C00ADF8100061
:102DB0000C20ADF80E0001A9114800F095F8012192
:102DC0000F4800F028F840210D4800F01BF80122C0
:102DD00040F225510A4800F061F825208DF80000E6
:102DE00003208DF801008DF8020001208DF803000A
:102DF0006846FEF77BFB06B010BD000000080140EE
:102E00000038014001F40072B2F5007F00D100BF2C
:102E1000CA430280704721B1828942F40052828104
:102E200004E082894DF6FF731A40828170470246A2
:102E30000020B1F5007F00D100BF13880B400BB11B
:102E4000012000E00020704770B5024600240023F6
:102E50000025002040F66A16B14200D100BFC1F340
:102E6000421501F01F03012606FA03F3012D02D1DA
:102E70009689334006E0022D02D1168A334001E0E4
:102E8000968A33400C12012606FA04F41688344060
:102E900013B10CB1012000E0002070BDF0B5034675
:102EA000002400260025002040F66A17B94200D110
:102EB00000BF1846C1F3421401F01F06012707FAAC
:102EC00006F5012C01D10C3004E0022C01D11030A8
:102ED00000E014301AB107682F43076002E007686A
:102EE000AF430760F0BD00002DE9F04786B005460E
:102EF0000E460024A24600BFA1460027B08900B1BB
:102F000000BF2F462C8A4CF6FF700440F088044323
:102F10002C82AC894EF6F3100440B0883189084306
:102F2000718908430443AC81AC8A4FF6FF400440EA
:102F3000B0890443AC8201A8FEF74CFB1F488742CE
:102F400002D1DDF810A001E0DDF80CA0A88900F4A2
:102F5000004040B10AEBCA0000EB0A10316849009A
:102F6000B0FBF1F807E00AEBCA0000EB0A10316889
:102F70008900B0FBF1F86420B8FBF0F004012009EF
:102F8000642101FB1089A88900F4004040B132207F
:102F900000EBC900B0FBF1F000F00700044308E0CB
:102FA000322000EB09106421B0FBF1F000F00F00BB
:102FB00004432C8106B0BDE8F087000000380140D2
:102FC00001468888C0F308007047C1F30802828078
:102FD000704700BFFEE700000FB4054B10B503A912
:102FE000044A029800F032F810BC5DF814FB0000AF
:102FF00055370008640100200FB4084B10B504A930
:1030000002AA039800F022F8044602A9002000F06A
:103010007DF9204610BC5DF814FB00000D3300085C
:1030200002E008C8121F08C1002AFAD17047704791
:10303000002001E001C1121F002AFBD170470000EF
:103040000149086070470000680100202DE9FF4F2A
:103050008DB09B460F460446002606E025280BD07F
:103060005A460F999047641C761C20780028F5D1A9
:1030700011B03046BDE8F08F0025A84601229849DE
:1030800000E0054314F8013F203B02FA03F0084238
:10309000F7D120782E2817D114F8010F45F0040538
:1030A0002A280ED06FF02F022078A0F130010929D4
:1030B0000AD808EB880102EB410100EB0108641C0F
:1030C000F2E757F8048B641C20786C280DD004DCE0
:1030D0004C2812D06A2811D104E074280DD07A2827
:1030E0000CD10AE045F4001507E0617845F480153D
:1030F000814202D1641C05F58015641C2278692A7E
:1031000045D008DC002AB3D0582A69D0632A10D0F1
:10311000642A08D13BE0702A67D0732A13D0752A3D
:103120005CD0782A5CD010465A460F999047761C9E
:10313000D3E017F8040B8DF8000000208DF8010093
:10314000E946012003E057F8049B4FF0FF30690780
:103150004FF0000501D40AE06D1C45450DDA8542AB
:10316000FADB19F805100029F6D106E06D1C85423E
:10317000FCDB19F805100029F8D12E4404E019F8F9
:10318000010B5A460F9990476D1EF8D2A5E00A2010
:103190000021CDE90801C5F3025002280DD001CF6E
:1031A000C117031E71F100030DDA4FF0000CD0EBD4
:1031B0000C006CEB01012D2308E0FF1D27F0070731
:1031C000F7E80201EDE72B0504D52B238DF8283015
:1031D00001233BE0EB0739D02023F7E70A2000E08A
:1031E00010200021CDE9080107E01020002145F062
:1031F0000405CDE908014FF00808C5F30250022884
:103200000FD001CF00214FF0000A2B071FD5702AE5
:103210000DD0DDE908C38CF0100C5CEA030C0CD077
:1032200015E0FF1D27F00707F7E80201EBE7402252
:103230008DF828204FF0010A0BE050EA010306D078
:1032400030238DF828308DF8292002239A46582AF9
:1032500004D024A20DF120090B9209E026A2F9E77F
:10326000DDE90823FDF792F90B9B9B5C09F8013D12
:1032700050EA0102F4D1ADEB090020300890680754
:1032800001D44FF001080899884502DDA8EB010040
:1032900000E000208046002506E00AA85A46405D6E
:1032A0000F9990476D1C761C5545F6DB04E03020E5
:1032B0005A460F999047761CB8F10001A8F1010811
:1032C000F5DC05E019F8010B5A460F999047761C7A
:1032D0000899481E08900029F4DC641CC5E600002B
:1032E00009280100303132333435363738396162DC
:1032F00063646566000000003031323334353637A0
:103300003839414243444546000000000A68531CD6
:103310000B6010707047000010B58AB0044694F836
:103320002000C0F3400020B994F8200000F0010014
:1033300070B194F82000C0F34000F0B994F8200078
:1033400000F00100C8B194F82000C0F38000A0B1E3
:103350002422214601A8FCF707FF2146194809F05D
:10336000EAFB204609F0D0FE0120174908700498B6
:1033700010B101A8049988471FE0E08B404200B2D9
:10338000608394F8200000F00100B0B194F82010A0
:10339000C1F3800119B9A18B494209B2618310348C
:1033A000217C8908C943227C61F38202227420684F
:1033B000616821606060103C00BF034800780AB07B
:1033C00010BD00007C050020F00000202DE9F04138
:1033D00007462F4809F0C8FA044608E0206A20F0A2
:1033E0000800206221462A4809F0C3FA0446002C4E
:1033F000F4D1284800680BF0C3FE0646244809F0C3
:10340000B3FA04463CE000202349087094F82000F9
:10341000C0F3C00038BB206A20F0080008302062EA
:10342000608B304400B26083B4F91A0000281ADBC4
:10343000B4F91A00218B884202DD208B00B2608330
:103440002046A16888470546606818B129B2D4E9CA
:1034500000029047B4F91A00218B884202DB204613
:10346000FFF75AFF00BF0C48007820B1084809F068
:103470007BFA044604E02146054809F07AFA04463E
:10348000002CC0D10BF08AFE02490860BDE8F08133
:103490007C050020EC000020F000002030B5034641
:1034A000022B04D10E48405C5043001230BD032B68
:1034B00004D10C48405C50430012F7E7042B04D1C0
:1034C0000948405C50430012F0E7C1EBC105581EAB
:1034D000B5FBF0F0C4B20548005D5043000AE5E7D3
:1034E000D2460108D4460108D7460108DB46010848
:1034F0000146114A12884A434FF0E0235A610022E4
:103500009A611A46126942F001021A6100BF4FF037
:10351000E022106900F001021AB100F48032002AA2
:10352000F5D04FF0E022126922F001024FF0E023C3
:103530001A6100229A6170476C0000200146114A0E
:1035400012784A434FF0E0235A6100229A611A46EA
:10355000126942F001021A6100BF4FF0E0221069C7
:1035600000F001021AB100F48032002AF5D04FF0C9
:10357000E022126922F001024FF0E0231A610022DA
:103580009A6170476A000020F8B506460C46154659
:103590000095E788BBB2A788BAB26788B9B2278816
:1035A000B8B2FDF763FC304602F018FFF8BD704773
:1035B00070B504460D460026207800F0010068B979
:1035C0002068B5EB500F09D82946204600F020F8B6
:1035D000206820F00100401C2060261D304670BD90
:1035E00010B50146002011B9084A10680CE00A1D08
:1035F0000B6802EB5300031D044C246804F580445F
:10360000A34200D3002000BF10BD00000001002035
:1036100030B501F0030212B121F00301091D0A1DAA
:103620000368B2EB530F01D1026851080268B1EB95
:10363000520F0ED0031D5A18146824F001041460B0
:103640000468C1EB5404241F156864F35F0515601A
:1036500000BF026861F35F02026030BD2DE9F84FE0
:1036600004468846914694F8580000F0010008B1DD
:10367000BDE8F88FE56800264FF0010A4FF0010B16
:1036800000BF8DB994F85800C0F3001000B956B9C6
:10369000BBF1000F00D1EBE72046C04705464FF0D5
:1036A000000AD34600E0E3E716B92E4606B9DFE785
:1036B000BAF1000F06D029462046C8470546B54254
:1036C00000D1D5E74FF0010A05B9DAE728680AF01A
:1036D00063FB00B900E0D4E700BFE068A84200D176
:1036E000C6E7E068A8B1E168086800221021C36954
:1036F0009847E168002208680D2106F00EFD009051
:103700000098012800D0B3E7E16808680AF0CAFB16
:1037100000BFE560E168086800220F21C36998478F
:10372000E168002208680C2106F0F7FC0746012F2B
:1037300000D09DE7E16808680CF04AF9E168086884
:103740000AF0B0FBA06910B12046A169884700BF0C
:103750008EE7000070B504460D46E1B20548FFF75C
:1037600034FC00BF80210348FFF761FB0028F9D03B
:10377000204670BD003801402DE9FC4780460E46CA
:1037800016B90020BDE8FC87D8F80C406069B0424B
:1037900001D1A069F6E70025AEE005EB8501A06840
:1037A00050F82100301A019005EB8501A06800EB6C
:1037B000810080880199884200D29BE0002705EBB8
:1037C0008501A06800EB8100807C00F0030040B917
:1037D00005EB8501A06800EB8100C08801994718BE
:1037E00084E005EB8501A06800EB8100807C00F09F
:1037F000030001280FD105EB8502A16801EB8201CE
:10380000C86805EB8502A16801EB8201C988019AAD
:10381000825C8F186AE005EB8501A06800EB8100EF
:10382000807C00F00300022827D13948009005EB86
:103830008503A06800EB8300028A05EB8503A0687E
:1038400000EB83000223816801A80BF0FFFF814693
:10385000B9F1000F10D005EB8502A16801EB8201E0
:103860008968A9EB0100400805EB8502A16801EB1E
:103870008201C9880F1800BF38E005EB8501A068F8
:1038800000EB8100807C00F0030003282ED120484B
:10389000009005EB8503A06800EB8300028A05EB2E
:1038A0008503A06800EB83000223816801A80BF068
:1038B000CDFF8146B9F1000F17D005EB8503A26853
:1038C00002EB83029268A9EB0200400805EB850336
:1038D000A26802EB8302D16805EB8503A26802EBC4
:1038E0008302D2880B5CD71800BF00BF6661A76156
:1038F000384647E7681C85B2608AC0F30900A842D1
:103900003FF74BAF66610020A06100BF3AE70000BF
:1039100071FD00082DE9FC5F80460D461646D8F87B
:103920000C704FF0000A788AC0F34030002841D173
:10393000FC68A068C0F30160D8B9D4F8009005EB2A
:10394000062080B2019027480090A06820F07F42B6
:103950000223494601A80BF079FF8346BBF1000F13
:1039600006D0ABEB09004008616811F900A000BF68
:103970001FE0A068C0F3016001281AD1D4F80090BC
:1039800005EB0620019018480090A06820F07F42C7
:103990000423494601A80BF059FF8346BBF1000FF1
:1039A00006D0ABEB09000009616811F900A000BF67
:1039B00000BF13E0F8684368595D43689A5D0029C9
:1039C0000BDD002A09DD531E4C1E90F80DC004FBD0
:1039D0000C330468E35C4FFA83FA00BF5046BDE83D
:1039E000FC9F0000234C0008034C00080146002007
:1039F000302905DB392903DCA1F13002D0B21CE00B
:103A0000612902DBA1F12002D1B2A1F14102062A13
:103A100010D2DFE802F0030507090B0D0A200BE0C6
:103A20000B2009E00C2007E00D2005E00E2003E04C
:103A30000F2001E0002000BF00BF704770B50446B2
:103A40000D46A06DA96830F821102184A06DA968E9
:103A500000EB810041886184B4F92410B4F920009E
:103A600081420DD1B4F92610B4F92200814207D168
:103A7000A87B012804D104F11C0000F059FD03E0EB
:103A800004F11C0000F012FF218CA184618CE18400
:103A900070BD00002DE9F04F87B00446A5690027EE
:103AA00003E028460AF092F9054628460AF05AF93A
:103AB00008B1002DF5D115B907B0BDE8F08F284643
:103AC0000AF044F900B9F7E728460AF045F9064636
:103AD000218AA089084401B22182618AE0890844D0
:103AE00001B2618294F8240000F0010058BB06F096
:103AF000010070B1B4F91000002802DDB4F9100023
:103B000002E0B4F91000404267490968097D884223
:103B100011DA06F00200B0B1B4F91200002802DD9B
:103B2000B4F9120002E0B4F9120040425E4909689B
:103B3000097D884207DB94F8240020F00100401C36
:103B400084F82400012794F8240000F001000028E4
:103B50007ED0A08910B9E0890028F9D052490968BF
:103B6000C86802F06DFC8246B5F910B0B5F91200D4
:103B7000069028460AF02AF903900AF073F9059096
:103B800028460AF023F903900AF0FEF8049028462C
:103B90000AF070F9804628460AF078F98146032E2B
:103BA00012D13FB1208A40440FFA80F8608A48441D
:103BB0000FFA80F9E089484402B2A089404401B27A
:103BC00028460AF05DFA1CE006F0010058B11FB16A
:103BD000208A40440FFA80F8A089404401B2284668
:103BE0000AF008FB0DE006F0020050B11FB1608A38
:103BF00048440FFA80F9E089484401B228460AF0A7
:103C000006FBB5F9100058452DD1B5F912100698EC
:103C1000814228D128460AF0D9F801900AF022F909
:103C2000039028460AF0D2F801900AF0ADF802900D
:103C300005990398884215D104990298884211D1B8
:103C400019490968C86802F0FBFB0190019A00E07D
:103C500027E0A2EB0A0291B2134A1268D06802F080
:103C600049FC00BF1CE094F8240020F00200801CF6
:103C700084F82400A7B10C48EB690D21026828469E
:103C80009847204600F072FF00B115E70022082196
:103C9000284606F042FA204600F068FF00B10BE724
:103CA00000BF00BF08E70000700000202DE9FF41C1
:103CB000044694F82400C0F3400008B9BDE8FF8131
:103CC000E56903E028460AF081F8054628460AF02F
:103CD00049F808B1002DF5D105B9EFE728460AF0FB
:103CE00047F8D8B994F8240020F0020184F8241091
:103CF0005948EB690E21026828469847002209219D
:103D0000284606F00AFA204600F030FF00B1D5E759
:103D100000220921284606F000FACFE728460AF0DB
:103D20001BF80646B4F914004B490968497DC1F1F6
:103D300064014843642190FBF1F001B2A182B4F91F
:103D4000160045490968497DC1F164014843642171
:103D500090FBF1F001B2E182A08A10B9E08A00285C
:103D60005DD002A9284609F0B7FF28460AF082F87C
:103D7000A18A08440FFA80F828460AF087F801461D
:103D8000E08A084407B2032E05D13A464146284648
:103D90000AF076F90EE006F0010020B1414628460F
:103DA0000AF028FA06E006F0020018B13946284663
:103DB0000AF02DFA6946284609F08EFFBDF9080081
:103DC000BDF90010884201D0A08A38BBBDF90A00B5
:103DD000BDF90210884201D0E08AF8B994F82400B5
:103DE00020F0020184F824100021A181E181A18248
:103DF000E1821948EB690E2102682846984720465F
:103E000000F0B4FE00B159E700220921284606F06F
:103E100084F9204600F0AAFE00B14FE71AE094F8BA
:103E2000240020F0020184F824100B48EB690E21D5
:103E3000026828469847204600F098FE00B13DE70A
:103E400000220921284606F068F9204600F08EFE7F
:103E500000B133E700BF31E7700000202DE9F843DF
:103E600004460D46A87B012806D194F84C00C0F307
:103E7000C00008B1BDE8F88394F84C00C0F3C0005E
:103E800080B194F84C0020F0080184F84C10002117
:103E9000616494F84C0020F0010184F84C1000217A
:103EA0002020015594F82080A97B202001556968C5
:103EB0006162676D07B9DDE7384606F083FFC549E3
:103EC00008600846006800B9D4E7A87B002843D101
:103ED000384606F06EFF00B3B5F90C0000280CDA86
:103EE000002604E01421384606F0C2FF761CB5F91E
:103EF0000C004042B042F5DC0EE0B5F90C000028A1
:103F00000ADD002604E01321384606F0B1FF761CD6
:103F1000B5F90C00B042F6DC1EE0B5F90C00002843
:103F20000BDA002603E0384606F02EFF761CB5F9C2
:103F30000C004042B042F6DC0DE0B5F90C00002860
:103F400009DD002603E0384606F0B4FE761CB5F91C
:103F50000C00B042F7DC00BF384606F033FF9D4945
:103F600008600846006800B984E7A87B012831D1C1
:103F7000B8F1000F2ED100200090964800686A46E4
:103F80001221C3699348006898470BF007F96064F1
:103F9000384606F00EFF10B99DF80000C8B98D48EC
:103FA000006800220721C3698A480068984704F125
:103FB0001C0000F0DBFD00B15CE7002211468548E3
:103FC000006806F0AAF804F11C0000F0CFFD00B173
:103FD00050E7F9E0A87B01284BD1B8F1010F48D197
:103FE00094F84C0000F001000028F2D1606C0BF056
:103FF000C7F8E18A8842ECD9002000907548006833
:104000006A461221C3697348006898479DF800000A
:1040100068B1384608F04EFD18BB384606F0C9FEB8
:1040200080F001063146384606F041FF19E0694844
:10403000006800220B21C36966480068984704F1B4
:104040001C0000F093FD00B114E700220421614838
:10405000006806F062F804F11C0000F087FD00B172
:1040600008E794F84C0020F00100401C84F84C0054
:10407000AAE0A87B0028ACD1B8F1010FA9D100902B
:10408000544800686A461221C3695248006898473C
:104090009DF80000B0BB4F48006800220A21C369A8
:1040A0004C480068984704F11C0000F05FFD00B127
:1040B000E0E694F84C0000F0010028B9002203214A
:1040C0004448006806F029F804F11C0000F04EFD99
:1040D00000B1CFE6002206213E48006806F01DF838
:1040E00004F11C0000F042FD00B1C3E600220721EC
:1040F0003848006806F011F804F11C0000F036FDA5
:10410000A8B3B7E6FFE797F85800C0F3400078B3CC
:1041100094F84C0000F0010018B1384608F0CAFCD1
:1041200028B32C48006800220A21C3692948006886
:10413000984704F11C0000F019FD00B19AE6002236
:1041400003212448006805F0E8FF04F11C0000F09A
:104150000DFD00B18EE6002206211E48006805F024
:10416000DCFF04F11C0000F001FD10B182E622E04A
:1041700010E0002207211748006805F0CEFF04F187
:104180001C0000F0F3FC00B174E60A21384606F08A
:104190006FFE10E09DF8000068B197F85800C0F37A
:1041A000400040B994F84C0000F0010018B901211A
:1041B000384606F07CFE0021616494F84C0020F043
:1041C000010184F84C1000BF00200249086000BFC4
:1041D00050E60000740000202DE9F04104460D4631
:1041E000A87B012806D194F84C00C0F3C00008B1A8
:1041F000BDE8F08194F84C00C0F3C00080B194F8A1
:104200004C0020F0080184F84C100021616494F8FF
:104210004C0020F0010184F84C10002120200155B1
:10422000676D07B9E4E7384606F0CCFDA849086099
:104230000846006800B9DBE7D4F824806968616249
:104240002020065DA97B0155A87B012861D1002EA5
:104250005FD10AF0A3FF606468680A281ED10A21B2
:10426000384606F005FE9A48006800220721C36917
:1042700097480068984704F11C0000F077FC00B1F3
:10428000B6E7002211469248006805F046FF04F1A7
:104290001C0000F06BFC00283AD0A9E768681B28D6
:1042A00010D11B21384606F0E3FD00221221884878
:1042B000006805F032FF04F11C0000F057FC0028F4
:1042C000EAD095E7686809280DD10021384606F044
:1042D000EEFD384606F0EEFC04F11C0000F046FC52
:1042E0000028D9D084E768680B280DD10021384612
:1042F00006F0DDFD384606F047FD04F11C0000F035
:1043000035FC0028C8D073E73846696806F0B0FD70
:10431000D9E0A87B012872D1012EFCD194F84C0081
:1043200000F0010068BB606C0AF02AFFE18A884255
:1043300027D994F84C0020F00100401C84F84C0070
:1043400068680A28E4D10AF029FFA0646048006880
:1043500000220B21C3695E480068984704F11C00E5
:1043600000F004FC00B143E7002204215848006833
:1043700005F0D3FE04F11C0000F0F8FB0028C7D0C4
:1043800036E794F84C0000F001000028C0D0A06C83
:104390000AF0F6FE218B8842BAD90AF0FFFEA0642B
:1043A00068680A281AD14A48006800220C21C369AB
:1043B00047480068984704F11C0000F0D7FB00B1A3
:1043C00016E7002205214248006805F0A6FE04F128
:1043D0001C0000F0CBFB002875D009E768680928AD
:1043E0000ED10021384606F062FD384606F062FC28
:1043F00004F11C0000F0BAFB002864D0F8E619E0D4
:1044000068680B280CD10021384606F050FD38466C
:1044100006F0BAFC04F11C0000F0A8FB90B3E7E63C
:104420003846696806F024FD04F11C0000F09EFB8C
:1044300040B3DDE6A87B28BB012E44D1C5F804803B
:1044400068680A2837D12248006800220A21C36917
:104450001F480068984704F11C0000F087FB00B17A
:10446000C6E694F84C0000F0010060B90022032178
:104470001748006805F051FE04F11C0000F076FBBF
:1044800008B1B5E61FE0002206211148006805F0DA
:1044900044FE04F11C0000F069FB00B1A8E6002214
:1044A00007210B48006805F038FE04F11C0000F0FD
:1044B0005DFB00B19CE60021616494F84C0020F0A3
:1044C000010184F84C1000200149086000BF8FE60C
:1044D0007400002070B504460D46206D90B1B4F90B
:1044E0002400B5F90010884205D1B4F92600B5F9C9
:1044F0000210884206D0B5F90220B5F90010206DEF
:1045000009F0BEFD2988218469886184207F012803
:1045100004D104F11C0000F00BF803E004F11C00CE
:1045200000F0C4F9218CA184618CE18470BD00008D
:104530002DE9F0410446DB49A069086094F8300099
:10454000C0F3C00008B1BDE8F081D7480068C66874
:104550000027D448006828BB304601F077FF0546A5
:104560002946204600F012FBCE4908600846006844
:1045700048B9304601F075FF05462946204600F04F
:1045800005FBC8490860C748006848B9304601F0D3
:1045900073FF05462946204600F0F8FAC149086035
:1045A00001272FE094F82400C0F3400050BB1021F5
:1045B000BC48006809F0EAFC20BB304601F046FF29
:1045C00005462946204600F0E1FAB649086008464B
:1045D000006848B9304601F044FF054629462046A8
:1045E00000F0D4FAAF490860AE48006848B93046D8
:1045F00001F042FF05462946204600F0C7FAA949C6
:10460000086001273FB1E06928B10021A182E18261
:104610002046FFF74BFBA349A069096888426ED08A
:10462000A1882181E1886181A069B0B1A5699E4816
:10463000EB690921026828469847204600F096FA5F
:1046400000B180E700220221284605F066FD2046E1
:1046500000F08CFA00B176E700BF92480168A161D2
:104660000168E1610068002849D00AF097FDA06266
:1046700094F8300020F0010084F8300094F8240011
:1046800020F0010184F8241094F8240020F00201A5
:1046900084F82410002121826182A181E181814876
:1046A0000568884609E095F83000C0F3401000B175
:1046B000A846284609F08AFB0546002DF3D1B8F13B
:1046C000000F02D0404609F06AFC76480068C369D2
:1046D000754807210268734800689847204600F033
:1046E00045FA00B12FE7002211466E48006805F038
:1046F00014FD204600F03AFA00B124E700BFA1887B
:104700002089081A01B2A181E1886089081A01B2E2
:10471000E181B4F9140000EB8000C010A082B4F96C
:10472000160000EB8000C110E182B4F914000028EB
:1047300004DAA08A401C01B2A18207E0B4F9140097
:10474000002803DDA08A401E01B2A182B4F9160040
:10475000002804DAE08A401C01B2E18207E0B4F9E3
:104760001600002803DDE08A401E01B2E182A18A22
:10477000B4F90C00800001EBE00001B2A182E18AF3
:10478000B4F90E00800001EBE00001B2E18245487F
:104790000068002875D043480068C3694248082172
:1047A0000268404800689847204600F0DFF900B1F1
:1047B000C9E6002201213B48006805F0AEFC204616
:1047C00000F0D4F900B1BEE62046FFF763F92046B9
:1047D00000F0CCF900B1B6E694F82400C0F3400034
:1047E00078BB94F8300000F0010050BBA06A0AF0DA
:1047F000C7FC2D490968C98A884222D9294800681E
:10480000C36929480B21026826480068984720465A
:1048100000F0ACF900B196E60022042121480068BE
:1048200005F07BFC204600F0A1F900B18BE694F87E
:10483000300020F00100401C84F830000AF0AEFC8B
:10484000E06294F82400C0F34000D0B994F830003E
:1048500000F00100A8B1E06A0AF092FC1249096870
:10486000098B88421CD90F480068C3690E480C2187
:1048700002680C4800689847204600F077F908B1B4
:1048800061E60DE0002205210648006805F045FCC0
:10489000204600F06BF900B155E60AF07FFCE062BB
:1048A00000BF50E674000020700000202DE9F041A8
:1048B000044694F83000C0F3C00058B10021A16153
:1048C000E1610020A062E06294F8300020F008006E
:1048D00084F830008C49A069086008460068002808
:1048E00074D010218848006809F050FB00283AD0A5
:1048F00085480068C36985480A21026882480068C3
:104900009847204600F032F908B1BDE8F08194F8EC
:104910002400C0F34000D0B994F8300000F001004A
:1049200050B9002203217848006805F0F6FB2046C4
:1049300000F01CF900B1E8E7002206217248006887
:1049400005F0EBFB204600F011F900B1DDE7002295
:1049500007216D48006805F0E0FB204600F006F9ED
:1049600000283FD0D1E768480068C36967480A213A
:104970000268654800689847204600F0F7F800B1E3
:10498000C3E794F8300000F0010078B994F82400EF
:10499000C0F3400050B9002203215B48006805F0D5
:1049A000BCFB204600F0E2F800B1AEE794F824002A
:1049B000C0F3400058B9002206215348006805F0B2
:1049C000ACFB204600F0D2F808B19EE78AE0002256
:1049D00007214D48006805F0A0FB204600F0C6F80E
:1049E00000B192E7204600F0C1F800B18DE74FF02A
:1049F00000084548006809F0C4F9054620214248EE
:104A0000006809F0C3FA10BB3F48076810E0384659
:104A100009F0DCF9074607B90CE02021384609F017
:104A2000B5FA08B1002705E0384609F0AAF90546AD
:104A3000002DECD000BF4DB147B1284606F0B0F9CB
:104A400020B14FF00108384606F040F900BF2E496A
:104A5000206A0968884219D0B8F1000F16D10022E7
:104A60000D21206A05F059FB204600F07FF800B1C7
:104A70004BE700220C21A06905F04FFB204600F017
:104A800075F800B141E7204801682162204600F036
:104A90006DF800B139E71C48066803E0304609F0BC
:104AA00095F90646304609F05DF908B1002EF5D1BA
:104AB00096B1304609F05CF970B194F82400C0F367
:104AC000400048B100220A21304605F026FB20466E
:104AD00000F04CF800B118E70021A1610020A062AD
:104AE000E06200BFE06960B194F83000C0F34000BC
:104AF00038B92046FFF7DAF8204600F037F800B161
:104B000003E700BF01E700007400002070000020F0
:104B100090F84C10C1F3400129B300224263826334
:104B2000C26390F8401021F0010280F8402090F814
:104B3000401021F0020280F8402090F84C1021F043
:104B4000010280F84C200022426482648285C28582
:104B50000286428690F84C1021F0020280F84C2028
:104B60000021014A1160704774000020014691F84D
:104B70003000C0F3400010B10020034A106091F8EB
:104B80003000C0F340007047740000202DE9F04170
:104B900007460C460025391D04F1100001F069FAA2
:104BA00000282BD0201D07F0DFFE80460BE0414699
:104BB0003846FFF7EBFF054605B107E04146201DEB
:104BC00007F0D7FE8046B8F1000FF0D100BFA5B9BD
:104BD000204609F07BF880B1264608E0304609F00F
:104BE000DBF800B105E0304609F0F0F80646002E8B
:104BF000F4D100BF06B9254600BF00BF2846BDE876
:104C0000F08130B5024614460B4620881D88A84224
:104C100003D020881D88401B30BD60885D88401B04
:104C2000FAE730B5024614460B4620781D78A842B4
:104C300003D020781D78401B30BD60785D78401B24
:104C4000FAE72DE9F04F85B00446894615461E4621
:104C5000E88E401E07B24FEA670807F0010AFF2EF0
:104C600002D13820405D03E03820405D70430012DF
:104C700083462088ADF80C00A088ADF8100060884D
:104C8000A0EB0800A0EB0A0000B2ADF80E00E0882F
:104C9000404400B2ADF81200BDF90C00BDF910108F
:104CA000884202DABDF90C0001E0BDF91000ADF850
:104CB0000400BDF90C00BDF91010884202DDBDF9F9
:104CC0000C0001E0BDF91000ADF80800BDF90E00C0
:104CD000BDF91210884202DABDF90E0001E0BDF9FB
:104CE0001200ADF80600BDF90E00BDF912108842A1
:104CF00002DDBDF90E0001E0BDF91200ADF80A00B9
:104D0000A88E5B4602464946009001A801F04CFD82
:104D100005B0BDE8F08F0FB59DB02298FF2803D1F4
:104D2000209890F8380005E0209890F838002299F3
:104D3000484300121C9009F007FC0A9001F055FB53
:104D40001B901D9881880088081A00B2ADF8680091
:104D50001D98C1884088081A00B2ADF86A001D98F5
:104D6000007EF0B11D98B0F90210B0F906201E982F
:104D7000104481420ADABDF86A00404200B2ADF840
:104D80006400BDF86800ADF8660028E0BDF86A0070
:104D9000ADF86400BDF86800404200B2ADF86600AE
:104DA0001DE01D98B0F90010B0F904201E981044C1
:104DB00081420ADABDF86A00ADF86400BDF8680007
:104DC000404200B2ADF8660009E0BDF86A0040421A
:104DD00000B2ADF86400BDF86800ADF86600BDF83B
:104DE0006400000100B2ADF86400BDF86600000187
:104DF00000B2ADF866002098B0F936001890189807
:104E0000400000B21790179880000A9001F02CFD26
:104E1000169000201590189800283CD00020039090
:104E200019AA03A904A800F0F1FE189840430290C3
:104E30000020159028E0BDF81820DDE9151020F8B5
:104E40002120BDF81A20DDE9151000EB8100428019
:104E5000BDF918004043BDF91A2002FB0200019081
:104E6000DDE90101884208D3159818901B9818B104
:104E70001898401E00B218900BE004A800F030FF14
:104E80001598401C00B215901798401E159988423D
:104E9000D1DC00BF00BF189813901B9828B1189858
:104EA00008B9012013900020149000201290119056
:104EB0001898B0B11898401E169931F920000A9040
:104EC00000EBD070401012901898401E169901EB1C
:104ED0008000B0F902000A9000EBD07040101190F1
:104EE00023E01D98007E70B11D98B0F90210B0F952
:104EF00006201E981044814205DB16984088401E0B
:104F000001B2169841801D98007E70B91D98B0F9C5
:104F10000010B0F904201E981044814205DB169859
:104F20000088401E01B2169801800020159077E19C
:104F3000DDE9151030F821101298081A02B2DDE9E7
:104F4000151020F82120DDE9151000EB81004188C3
:104F50001198081A02B2DDE9151000EB81004280B9
:104F60001B9800287DD015980028FBD01D98007E46
:104F7000002877D01598401E169931F92020084650
:104F8000159930F921008242ECD0DDE9151000EBD3
:104F9000810042881499169800EB81004088101A0D
:104FA00000B20A901D98B0F91200002847DA1C9848
:104FB00001902098808EADF800001D9842881499C9
:104FC000169800EB8100408811180A980844401C8C
:104FD00000B209901D9802881499169830F82100A3
:104FE0001044401E00B208901F9BDDE9091201F039
:104FF0008BFB1C9801902098808EADF800001D98C6
:10500000C2881499169800EB8100408811180A98FC
:105010000844401C00B209901D9882881499169883
:1050200030F821001044401C00B208900A98404219
:1050300002B21F9BDDE9080101F066FB41E01C980C
:1050400001902098808EADF800001D984288149938
:10505000169800EB81004088104400B209901D981A
:1050600001E0BEE030E00288169830F821001044DC
:10507000401E00B208901F9BDDE9091201F044FBBD
:105080001C9801902098808EADF800001D98C28871
:105090001499169800EB81004088104400B20990E2
:1050A0001D988288169830F821001044401C00B2E8
:1050B00008900A98404202B21F9BDDE9080101F006
:1050C00023FB15981490A7E01598401E169901EB44
:1050D0008000B0F902200846159900EB8100B0F974
:1050E000020082427DD0DDE9151030F821201499AC
:1050F00030F82100101A00B20A901D98B0F90E0085
:10510000002845DA1C9801902098808EADF80000A8
:105110001D9842881499169800EB8100408810442D
:10512000401E00B209901D980288169830F82100A0
:1051300011180A980844401C00B208901F9BDDE932
:10514000091201F0B3FA1C9801902098808EADF8F6
:1051500000001D98C2881499169800EB81004088C1
:105160001044401C00B209901D988288169830F8AF
:10517000210011180A980844401C00B208900A98AF
:10518000404202B21F9BDDE9080101F08FFA40E0C6
:105190001C9801902098808EADF800001D984288E0
:1051A0001499169800EB810040881044401E00B20C
:1051B00009901D980288169830F82100104400B21A
:1051C00008901F9BDDE9091201F070FA1C9801900C
:1051D0002098808EADF800001D98C288149916980A
:1051E00000E019E000EB810040881044401C00B250
:1051F00009901D988288169830F82100104400B25A
:1052000008900A98404202B21F9BDDE9080101F0B4
:105210004DFA1598149000BF1598401C00B21590D7
:10522000189915988842FFF683AE189800287ED00A
:105230001B980028FBD01D98007E002878D013987A
:10524000401E169901EB800042880846149900EB35
:1052500081004088101A00B20A901D98B0F912001F
:10526000002851DA1C9801902098808EADF800003B
:105270001D9842881499169800EB810040881118F7
:105280000A98084400B208901D980288149916984C
:1052900030F821001044401E00B207901D98418A4A
:1052A0000A98084400B2099002461F9BDDE90701F5
:1052B00001F02AFA1C9801902098808EADF8000029
:1052C0001D98C2881499169800EB81004088111827
:1052D0000A98084400B208901D988288149916987C
:1052E00030F821001044401C00B207901D98418AFC
:1052F0000A980844404200B2099002461F9BDDE92B
:10530000070101F001FA4DE01C9801902098808E71
:10531000ADF800001D9842881499169800EB8100A2
:105320004088104400B208901D98028801E0E7E030
:1053300039E0169830F821001044401E00B2079062
:105340001D98418A0A98084400B2099002461F9BA2
:10535000DDE9070101F0D8F91C9801902098808EB2
:10536000ADF800001D98C2881499169800EB8100D2
:105370004088104400B208901D988288169830F832
:1053800021001044401C00B207901D98418A0A98E1
:105390000844404200B2099002461F9BDDE9070124
:1053A00001F0B2F9ACE01398401E169931F82020B4
:1053B0000846149930F82100101A00B20A901D987E
:1053C000B0F90E0000284FDA1C9801902098808ECA
:1053D000ADF800001D9842881499169800EB8100E2
:1053E00040881044401E00B208901D98028816980C
:1053F00030F8210011180A98084400B207901D984F
:10540000C1890A98084400B2099002461F9BDDE951
:10541000070101F04BF91C9801902098808EADF89F
:1054200000001D98C2881499169800EB81004088EE
:105430001044401C00B208901D988288169830F8DD
:10544000210011180A98084400B207901D98C189DC
:105450000A980844404200B2099002461F9BDDE9C9
:10546000070101F023F94AE01C9801902098808EF2
:10547000ADF800001D9842881499169800EB810041
:1054800040881044401E00B208901D98028816986B
:1054900030F82100104400B207901D98C1890A9885
:1054A000084400B2099002461F9BDDE9070101F0A4
:1054B000FDF81C9801902098808EADF800001D9892
:1054C000C2881499169800EB810040881044401C53
:1054D00000B208901D988288169830F82100104478
:1054E00000B207901D98C1890A980844404200B252
:1054F000099002461F9BDDE9070101F0D7F800BFC4
:10550000002010900F901B9840B31D98007EB8B9F2
:105510001D98B0F90E00002809DA4FF0FF30109006
:10552000189808B9002000E010980F901FE00120A3
:105530000F90189808B9002000E00F98109016E01E
:105540001D98B0F91200002809DA4FF0FF301090D2
:10555000189808B9002000E010980F9007E001208B
:105560000F90189808B9002000E00F9810901D982F
:105570000088ADF838001D984088ADF83A00012049
:105580000B901D98007E00287CD0B5E0002015907F
:1055900053E0BDF83820DDE9151030F82100104443
:1055A00000B2ADF83000BDF83A20DDE9151000EB8F
:1055B00081004088104400B2ADF83200BDF83010D0
:1055C0001D9800890844BDF83810401A401E00B2EA
:1055D000ADF83400BDF83200ADF836002098808E6A
:1055E0000A9002460CA81C9B1F9901F0DDF8159843
:1055F000F8B1DDE9151030F92120481E169931F96E
:105600002000824215D00B9898B91C980090BDF8E4
:1056100032101D98408A081A00B209902098808E96
:105620000A90BDF930000890DDE909131F9A01F0D6
:105630000EFF1598401C00B21590189915988842D5
:10564000A7DB1B98E8B31C9801902098808EADF8DA
:105650000000BDF838101D980089081A00B20A90A1
:10566000BDF83A101698408801441098081A00B204
:105670000990BDF8381016980088084400B20890C8
:105680001F9B00E0E9E0DDE9091201F00FF81C982A
:1056900001902098808EADF800001D980189BDF81A
:1056A0003800081A00B20A90BDF83A201398401E3C
:1056B000169901EB8000408811180F98084400B239
:1056C00000E00FE00990BDF838201398401E1699AD
:1056D00031F82000104400B208901F9BDDE9091248
:1056E00000F0E4FF00200B901D980089ADF8380011
:1056F0001D984089ADF83A001D9800F036FB00284F
:105700007FF444AF159052E0BDF83820DDE9151064
:1057100030F82100104400B2ADF83000BDF83A2056
:10572000DDE9151000EB81004088104400B2ADF8AF
:105730003200BDF830101D9800890844BDF83810BB
:10574000401A00B2ADF83400BDF83200ADF83600B2
:105750002098808E0A9002460CA81C9B1F9901F08D
:1057600023F81598F8B1DDE9151030F92120481E0D
:10577000169931F92000824215D00B9898B91C98DF
:105780000090BDF832101D98408A081A00B20990A6
:105790002098808E0A90BDF930000890DDE9091349
:1057A0001F9A01F054FE1598401C00B215901899EC
:1057B00015988842A8DB1B9800284DD01C980190B2
:1057C0002098808EADF800001D980089BDF8381033
:1057D000401A401C404200B20A90BDF83A10169898
:1057E000408801441098081A00B20990BDF838109A
:1057F00016980088084400B208901F9BDDE9091242
:1058000000F054FF1C9801902098808EADF80000A5
:105810001D980089BDF83810401A401C00B20A904B
:10582000BDF83A201398401E169901EB800040887D
:1058300011180F98084400B20990BDF83820139849
:10584000401E169931F82000104400B208901F9BAA
:10585000DDE9091200F02AFF6DE1B7E000201590A4
:1058600058E0BDF83820DDE9151030F8210010446B
:1058700000B2ADF83000BDF83A20DDE9151000EBBC
:1058800081004088104400B2ADF83200BDF830000D
:10589000ADF83400BDF832101D9840890844BDF8B9
:1058A0003A10401A401E00B2ADF836002098808EA3
:1058B0000A9002460CA81C9B1F9900F075FF1598D2
:1058C00020B3DDE9151000EB8100B0F90220481E7D
:1058D000169901EB8000B0F90200824216D00B98B5
:1058E000A0B91C980090BDF830101D98C089081A06
:1058F00000B208902098808E0A90BDF9320009907D
:1059000001460A9B1F9A089801F0A1FD1598401CBA
:1059100000B21590189915988842A2DB1B98F0B335
:105920001C9801902098808EADF80000BDF83A10C8
:105930001D984089081A00B20A90BDF83A101698CE
:105940004088084400B20990BDF8381016980088C5
:1059500001441098081A00B208901F9BDDE9091253
:1059600000F0D2FE1C9801902098808EADF80000C7
:105970001D984089BDF83A10401A00B20A90BDF84F
:105980003A201398401E169901EB8000408810447D
:1059900000B20990BDF838201398401E00E00BE0DB
:1059A00031F8200011180F98084400B208901F9B8E
:1059B000DDE9091200F0A8FE00200B901D98008977
:1059C000ADF838001D984089ADF83A001D9800F0F8
:1059D000BBF900287FF442AF159057E0BDF838209E
:1059E000DDE9151030F82100104400B2ADF83000A8
:1059F000BDF83A20DDE9151000EB81004088104425
:105A000000B2ADF83200BDF83000ADF83400BDF89A
:105A100032101D9840890844BDF83A10401A00B26F
:105A2000ADF836002098808E0A9002460CA81C9B88
:105A30001F9900F0B9FE159820B3DDE9151000EBB1
:105A40008100B0F90220481E169901EB8000B0F9E0
:105A50000200824216D00B98A0B91C980090BDF8A5
:105A600030101D98C089081A00B208902098808EC6
:105A70000A90BDF93200099001460A9B1F9A0898C6
:105A800001F0E5FC1598401C00B215901899159886
:105A90008842A3DB1B98E8B31C9801902098808E65
:105AA000ADF800001D984089BDF83A10401A401C1E
:105AB000404200B20A90BDF83A1016984088084457
:105AC00000B20990BDF8381016980088014410986B
:105AD000081A00B208901F9BDDE9091200F014FEBD
:105AE0001C9801902098808EADF800001D98408988
:105AF000BDF83A10401A401C00B20A90BDF83A2096
:105B00001398401E169901EB80004088104400B2A3
:105B1000099000E00FE0BDF838201398401E31F8DE
:105B2000200011180F98084400B208901F9BDDE96F
:105B3000091200F0E9FD21B000BD2DE9F04F85B05C
:105B40000446894615461E46E88E401E07B24FEAB7
:105B5000670807F0010AFF2E02D13820405D03E0FC
:105B60003820405D7043001283462088A0EB080077
:105B700000B2ADF80C00A0884044504400B2ADF82B
:105B800010006088ADF80E00E088ADF81200BDF995
:105B90000C00BDF91010884202DABDF90C0001E0DA
:105BA000BDF91000ADF80400BDF90C00BDF91010EE
:105BB000884202DDBDF90C0001E0BDF91000ADF82E
:105BC0000800BDF90E00BDF91210884202DABDF9D5
:105BD0000E0001E0BDF91200ADF80600BDF90E009F
:105BE000BDF91210884202DDBDF90E0001E0BDF9D9
:105BF0001200ADF80A00A88E5B46024649460090A6
:105C000001A800F0D1FD05B0BDE8F08F30B50B88DC
:105C100003804B884380138883805488C480B0F904
:105C20000430B0F900401B1B002B05DDB0F9043037
:105C3000B0F900401B1B04E0B0F90030B0F904409B
:105C40001B1B1BB28381B0F90030B0F90440A342A2
:105C500001DA012301E04FF0FF33C381B0F90630D0
:105C6000B0F902401B1B002B05DDB0F90630B0F97E
:105C700002401B1B04E0B0F90240B0F90630E31A01
:105C80001BB20382B0F90240B0F906309C4201DA3F
:105C9000012301E04FF0FF334382B0F90C40B0F92B
:105CA0001050AC4202DDB0F90C4002E0B0F91040F7
:105CB0006442234604EBD374641024B2848200232C
:105CC000C382B0F90C30B0F91040A34201DD0123CA
:105CD00000E000230376038803814488448130BDBB
:105CE0000146B1F90800B1F90420904207D1B1F999
:105CF0000A20B1F90600824201D100207047888A4B
:105D0000C882B1F91600B1F90C205242904209DD67
:105D1000888A0A8A801A00B288820889CA8910444F
:105D200000B20881B1F91600B1F91020904209DAE9
:105D3000888A8A89104400B2888248894A8A104435
:105D400002B24A810120D9E770B50446B4F908507F
:105D500000BF2046FFF7C4FF08B9002070BDB4F9AA
:105D60000800A842F5D00120F8E770B50446B4F960
:105D70000A5000BF2046FFF7B3FF08B9002070BDEE
:105D8000B4F90A00A842F5D00120F8E710B52421A3
:105D9000064806F008FE09F001FA054908600023EC
:105DA00003221E21034809F02DF810BD7C050020B8
:105DB000EC000020CD33000870B50546686818B1C6
:105DC000D5E9000100F024F80F4806F0F7FD04467D
:105DD0000CB900BFFEE704B970BD95F8200020F0B3
:105DE000040085F82000242229462046FAF7BCF951
:105DF000606820B1238A19B2D4E9000290470120DB
:105E00000249087000BFE7E77C050020F000002091
:105E10002DE9F04107460D464FF00008104806F006
:105E2000A3FD044617E021460D4806F0A2FD0646F4
:105E30002068B8420ED16068A84200D055B921460A
:105E4000074806F078FE204607F05EF90120054974
:105E5000087080463446002CE5D14046BDE8F0810C
:105E60007C050020F000002010B50146088BB1F938
:105E70001A40A04202D14FF4806205E0B1F91A0045
:105E800080020C8B90FBF4F2D1E90440001B00FB74
:105E900002F39B120869034418B210BD30B50446E2
:105EA0000B46981A002801DD981A00E0D01A054622
:105EB0004FF47A70684390FBF4F1B1F5803F01D361
:105EC0004FF6FF7101B9491C88B230BD0A68026003
:105ED0004A68426070470A6802604A6842607047D8
:105EE0000A6802604A68426070470146C8884A886A
:105EF000801A401C00B270470146C8884A88801A40
:105F0000401C00B270470146C8884A88801A401C6D
:105F100000B2704710B50146B1F90420B1F9003064
:105F2000D21A521CB1F90630B1F902401B1B5B1C9E
:105F300002FB03F010BD014688880A88801A401CC5
:105F400000B27047014688880A88801A401C00B257
:105F50007047014688880A88801A401C00B2704742
:105F6000014688880A88801A401C00B270470146A2
:105F700088880A88801A401C00B2704730B50346F2
:105F8000B1F90040B2F90050AC4202DDB1F9004075
:105F900001E0B2F900401C80B1F90240B2F90250B0
:105FA000AC4202DDB1F9024001E0B2F902405C808E
:105FB000B1F90440B2F90450AC4202DAB1F904403C
:105FC00001E0B2F904409C80B1F90640B2F90650F4
:105FD000AC4202DAB1F9064001E0B2F90640DC80D9
:105FE0000120B3F90040B3F90450AC4205DCB3F929
:105FF0000240B3F90650AC4200DD002030BD10B5C0
:1060000002460020B2F90030B1F90040A34212DB91
:10601000B2F90230B1F90240A3420CDBB2F904300C
:10602000B1F90440A34206DCB2F90630B1F90640EA
:10603000A34200DC012010BD0246B2F90000B1F914
:106040000430984213DCB2F90400B1F900309842F0
:106050000DDBB2F90200B1F90630984207DCB2F963
:106060000600B1F90230984201DB012070470020A0
:10607000FCE710B502460020B1F90030B2F900404B
:10608000A34212DBB1F90030B2F90440A3420CDCA8
:10609000B1F90230B2F90240A34206DBB1F9023095
:1060A000B2F90640A34200DC012010BD10B5B1F9E1
:1060B0000030B2F90040A34202DAB1F9003001E049
:1060C000B2F900300380B1F90230B2F90240A342C4
:1060D00002DAB1F9023001E0B2F902304380B1F9DD
:1060E0000430B2F90440A34202DDB1F9043001E00A
:1060F000B2F904308380B1F90630B2F90640A34208
:1061000002DDB1F9063001E0B2F90630C38010BDFE
:1061100010B5029C018042808380C48010BD01467E
:10612000B1F90200B1F90020904201DC0120704772
:106130000020FCE7028000234380C2F101031BB270
:106140000B8070474288521C12B24280B1F9002085
:10615000002A07DC0B8842885200521C1A4412B2F3
:106160000A800CE00288521E12B202804288038824
:10617000D21A5200521C0B881A4412B20A8070477D
:1061800018B50346D408BDF8000064F3040000907D
:106190008C08BDF8000064F34A100090DC08BDF8DC
:1061A000000064F3CF200090BDF80040204618BDE9
:1061B00007B581B0BDF80800C00AC2F1FF0148432D
:1061C000BDF80410C90A01FB0200010ABDF8000075
:1061D00061F3CF200090BDF80800C0F34510C2F174
:1061E000FF014843BDF80410C1F3451101FB020053
:1061F000010ABDF8000061F34A100090BDF80800E4
:1062000000F01F00C2F1FF014843BDF8041001F087
:106210001F0101FB0200010ABDF8000061F3040048
:106220000090BDF80010084604B000BD07B581B06D
:10623000BDF80800C00AC2F1FF014843BDF80410D0
:10624000C90A01FB0200010ABDF8000061F3CF207A
:106250000090BDF80800C0F34510C2F1FF014843AB
:10626000BDF80410C1F3451101FB0200010ABDF89D
:10627000000061F34A100090BDF8080000F01F0014
:10628000C2F1FF014843BDF8041001F01F0101FBFA
:106290000200010ABDF8000061F304000090BDF89F
:1062A0000010084604B000BD2DE9F04104460F4639
:1062B00015461E461C212046F9F76FFF27606560D2
:1062C0002068A060E660BDE8F081000038B50446B3
:1062D00020212046F9F761FF0020E0604FF448706C
:1062E00020804FF4A060608000206060A06820F0F3
:1062F0000200A060064800680090BDF80000A0837E
:10630000A06820F00100401CA0600020606138BD42
:106310009C74010870B505462C4806F04FFB0446F6
:1063200024B90CB900BFFEE7002070BD2022294629
:106330002046F9F719FF202104F59E70F9F72DFF8B
:106340004FF4807104F13C00F9F727FF442104F178
:10635000240006F028FB1E48006808B91C480460A9
:106360001B48066804600020C4F85C010021084650
:1063700007F0BEFA20630021084607F0B9FA60630F
:106380000021084607F0B4FAA0631249606B07F0D9
:1063900019FF1049A06B07F015FF206B07F082FD75
:1063A0000B480660234603221E210B4808F02AFDF5
:1063B0002062206A08B900BFFEE7206A08B9002001
:1063C000B3E7206A08F090FE2046AEE74C050020B7
:1063D000E00000207002002019650008416889690A
:1063E00021F0010142689161704700B5014611B981
:1063F00000F00CF8014609B9002000BD087A00F051
:106400000100FAE70146486870470000014800684B
:1064100070470000E000002000B5014611B9FFF709
:10642000F5FF014611B94FF4487000BD087AC0F37A
:10643000400010B9B1F90000F7E7B1F90200F4E744
:106440000146B1F85C01C0F30900704710B504467D
:1064500014B9FFF7DBFF04460CB9002010BDA06B98
:10646000FCE710B5044614B9FFF7D0FF04460CB999
:10647000002010BD606BFCE710B5044614B9FFF7AF
:10648000C5FF04460CB9002010BD206BFCE700B529
:10649000014611B9FFF7BAFF014611B94FF4A060E8
:1064A00000BD087AC0F3400010B9B1F90200F7E767
:1064B000B1F90000F4E701464868006820B1486877
:1064C000406808B1012070470020FCE700B5024693
:1064D000B2F90000B2F9021000FB01F31046FFF719
:1064E000EAFF28B15068C068984201D1012000BD80
:1064F0000020FCE7B0F85C21C2F309028A4203DA0B
:106500000022C0F85C2106E0B0F85C21C2F3090269
:10651000521AC0F85C2170472DE9FC5F804608F0F4
:106520003DFE01905249D8F80C00086008F052F87E
:1065300007F0D8FF4E480068B0F85C01C0F30900CE
:1065400000287DD04A480068FFF7C0FF002865D0CA
:1065500047480068FFF756FF054608F05FF900BF9F
:10656000A86900F001000028FAD1D5F80890296840
:10657000A868884201D1686800E0286800903C481B
:106580000068FFF749FF064600243EE038480068EF
:1065900000F59E70005DB0BB354800683C3030F9B6
:1065A0003410334800683C3000EBC400B0F90200FE
:1065B00006FB001047002E4909683C3101EBC4007E
:1065C000FFF7B9FC4FEA400B294800683C3000EB6C
:1065D000C400B0F902A00CE0009AD11909EB070041
:1065E0005A46F9F7C1FD07EB46070AF101000FFA19
:1065F00080FA1F4800683C3000EBC400B0F9060088
:106600005045E9DA00BF601C84B219480068B0F850
:106610005C01C0F30900A042B8DC00BF4FF48071F8
:10662000134800683C30F9F7B8FD20211048006895
:1066300000F59E70F9F7B1FD00200D49096800E0F2
:1066400012E0C1F85C010A480068806960B10198F5
:1066500008F096FD0446064800688369054821460F
:10666000026803480068984700F0ECF8BDE8FC9F1A
:10667000880000208400002010B503460BB90020DC
:1066800010BD082B07DA581E074C54F82000405C58
:106690005043000AF4E7012000EB410050435C0046
:1066A00090FBF4F0C0B2EBE7900000202DE9F84F2A
:1066B00006468A4614461F46DDF82C804FF0000B34
:1066C000002C03DA4FF0010B604204B2002517E002
:1066D000424629462046FFF7CFFF8146BBF1000F17
:1066E00003D0A8EB090000F0FF09711908B2CDF83A
:1066F00000903A4651460A9B00F0A9FE681C05B27C
:10670000A542E5DBBDE8F88F2DE9F84F82460E463D
:1067100014461F46DDF82C804FF0000B002C03DAE6
:106720004FF0010B604204B2002517E042462946B3
:106730002046FFF7A1FF8146BBF1000F03D0A8EB75
:10674000090000F0FF09701901B2CDF800903A4637
:1067500050460A9B00F07BFE681C05B2A542E5DBB3
:10676000BDE8F88F2DE9F04104460D46164607F0C6
:10677000EBFE8046FFF739FE0746B4EB650F04DBFE
:10678000C5F34F040CB1601E84B2B4EB660F04DB9A
:10679000C6F34F040CB1601E84B2002C01DDE01B77
:1067A00084B22046BDE8F0812DE9FF4F85B08046D8
:1067B00089461D46102D02DA09B0BDE8F08FFB2D89
:1067C00000DDFF254A46414603A8FFF7D7FB0746F1
:1067D00007B9F1E707F0B8FE83465846FFF712FE07
:1067E0000446BDF80C00218A401A00B2ADF804003E
:1067F000BDF80E10608A081A00B2ADF80600BDF8A8
:106800001000218A401A00B2ADF80800BDF812103D
:10681000608A081A00B2ADF80A00D4F808A004F1A2
:106820001000FFF78FFB0646BDF9060070430AEB28
:10683000400A0095A06801AA3146079B09F04DF96E
:1068400000BFB9E710B50648006840B104480068C9
:1068500006F05AFC0020024908600249086010BD99
:10686000FC0000208C00002010B50446134800688E
:10687000844202D81248006810BD104804601048D5
:10688000006860B9204606F019FC0D49086008460A
:10689000006808B900BFFEE709480068ECE7214638
:1068A0000748006806F08EFC054908600846006845
:1068B00008B900BFFEE702480068DDE78C00002051
:1068C000FC0000202DE9FF4FA7B082461446DDF8FA
:1068D000E480DDE93476606A269006F0020020B993
:1068E0005046FFF736FB259010E047F61841B4F903
:1068F0002A008DE84300B4F92830394609A8626AB5
:1069000008F032FDBDF92400259000BF00BF269895
:10691000007A618D084400B2249000202390BAF8D8
:106920000000ADF88800BAF80200ADF88A00002037
:1069300021902090369870B13698B0F900002190DF
:106940003698B0F902002090BDF88A1020980844CB
:1069500000B2ADF88A000025681E1F90B8F1000F44
:1069600024D0209810BBBAF9020000281EDABAF928
:106970000210D8F80800401A002805DDBAF9021004
:10698000D8F80800401A04E0BAF90200D8F8081054
:10699000401A24994900C1F58061884203DD4FF017
:1069A000FF30C8F80000D8F800001F90B8F1000FC1
:1069B0000BD01F98002808DB1F9DBDF88A00B8F88F
:1069C0000410084400B2ADF88A000096B4F92820FB
:1069D0007819DDE9253108F037FC00EB05092EE0D8
:1069E0004D460096B4F928207819DDE9253108F0E4
:1069F0002BFC8144BDF88A102498084400B2ADF8FD
:106A00008A00B8F1000F15D0BDF98A0010F5806F2B
:106A100010DBD8F8000000280CDAC8F80050BDF9E7
:106A20008A00BAF90210401AC8F80400BAF9020044
:106A3000C8F80800785D10B92BB0BDE8F08FBDF93B
:106A40008A10249801442898B0F902008142C7DBDB
:106A500006F00400D0B10096B4F92830A9EB050285
:106A600091B27819269A08F0E5FC23905046FFF77A
:106A700070FA2399A0EB010B0BEBDB70BDF88810CB
:106A800001EB600000B2ADF8880018E006F00800E5
:106A9000A8B10096B4F92830A9EB050291B2781993
:106AA000269A08F0C7FC23905046FFF752FA239924
:106AB000401ABDF88810084400B2ADF888002A9842
:106AC000FF2802D12C20005D04E02C20005D2A99D3
:106AD000484300121E9000201D901B90AF490AA849
:106AE00007F0CEFE608CADF82A000AA8BDF82A1087
:106AF000ADF82C104BE1369830B1BDF888102198D4
:106B0000084400B2ADF8880000201D901C95E5E017
:106B10001CA93846A24A1268904709901C99781817
:106B200000219F4A12689047089006F00100002853
:106B300077D09CA001780998814213D11D9828B97B
:106B40001C9880B21B9001201D90C7E01D98012861
:106B500002D100201D9005E01D98022802D10020DE
:106B60001D90BBE01D9801285BD10998202857D1C2
:106B7000DDE91B01081A07284ED11B98384401682B
:106B800005918088ADF8180000208DF81A009DF856
:106B90001500FCF72BFF83469DF81400FCF726FF39
:106BA0000BEB001004909DF81700FCF71FFF8346C5
:106BB0009DF81600FCF71AFF0BEB001003909DF8F0
:106BC0001900FCF713FF83469DF81800FCF70EFF31
:106BD0000BEB00100290049BD8B2039BD9B2029B2E
:106BE000DAB24FEAD20CBDF804306CF3040301931F
:106BF0004FEA910CBDF804306CF34A1301934FEA4D
:106C0000D00CBDF804306CF3CF230193BDF804C061
:106C100063461A9302E004E0208C1A9002201D9033
:106C20005CE0206A07901D98022801D11A9807900D
:106C3000DDE90821269803F044FB00B219904FF6D5
:106C4000FF713798884230D0389888422DD0384626
:106C5000554A1C991268904783463798834523DD2F
:106C60003898834520DCBDF88800ADF81400BDF8E5
:106C70008A00ADF81600BDF8881019980144208DDF
:106C80000844401E00B2ADF81800BDF88A102498E0
:106C90000844401E00B2ADF81A000AAA05A81E9BBF
:106CA000289900F03FFC00BF00BF1E980190BDF87E
:106CB0001C00ADF8000022A8099B269A289900F034
:106CC00075F81998002808DDBDF88810228D1998EC
:106CD0001044084400B2ADF8880000BF1C98484535
:106CE000FFF416AF4D460096B4F928207819DDE977
:106CF000253108F0A9FA8144BAF80000ADF88800FF
:106D000006F00400D0B10096B4F92830A9EB0502D2
:106D100091B27819269A08F08DFB23905046FFF720
:106D200018F92399A0EB010B0BEBDB70BDF8881071
:106D300001EB600000B2ADF8880018E006F0080032
:106D4000A8B10096B4F92830A9EB050291B27819E0
:106D5000269A08F06FFB23905046FFF7FAF8239924
:106D6000401ABDF88810084400B2ADF88800BDF89C
:106D70008A102498084400B2ADF88A00BDF98A1040
:106D80002898B0F90600814200DD55E600BF785D25
:106D900000287FF4B0AE00BF4EE600006003002084
:106DA0002801002023000000340100202DE9FF4FBE
:106DB0009DB00C46D1A000681C90D1A000681B902B
:106DC000D0A30FCB17AD0FC52B98102802DA21B036
:106DD000BDE8F08F2B98FB2801DDFF202B901F983A
:106DE00000B9F4E7002315A9DDE91F0203F018FA42
:106DF0001490149800B9EAE71D9800889DF958107E
:106E0000084405B21F98017A407A091A1D984088F3
:106E100008449DF85710401A9DF95910401A06B2BF
:106E20009DF85A00012806D0022809D004280CD069
:106E3000082814D10EE00DF1700B802013900FE0A4
:106E40000DF16C0BC02013900AE00DF15C0BF020EB
:106E5000139005E04FF0000BFF20139000E0B6E721
:106E600000BFDDE91F0103F0D3F98246BAF1000F3C
:106E700000D1ACE79DF856002844B4F900108842D0
:106E80000EDBB4F90400A8420ADB9DF85700304439
:106E9000B4F90210884203DBB4F90600B04200DA0C
:106EA00095E707F051FB11901198FFF7ABFA804678
:106EB00008F11000FFF746F81090D8F808709DF818
:106EC0005600C0100D909DF8560000F0070018B154
:106ED0000D98401CC0B20D909DF856009DF85A10B8
:106EE00048430C90B4F90000A84201DC002002E005
:106EF000B4F90000401B00B20B909DF856002844E6
:106F0000B4F90410884202DC9DF8560003E0B4F99D
:106F10000400401B401C00B20A90B4F90200B042C9
:106F200001DC002002E0B4F90200801B00B20990ED
:106F30009DF857003044B4F90610884202DC9DF8F1
:106F4000570003E0B4F90600801B401C00B2089013
:106F5000B8F91200311A109801FB0050B8F910105E
:106F6000401A07EB40070B9A1099099800FB012083
:106F700007EB40070C99099848439DF85A200B9954
:106F800001FB0200079007980AEBD00A079800F06F
:106F900007090020049009980E90A7E0139840FA82
:106FA00009F012900B980F9080E0C9F108009DF84D
:106FB0005A10421A9AF8000012990840104106909F
:106FC0000698D0B32B98FF280AD19DF85A000828BC
:106FD00001D1069802E006981BF8000005900FE02A
:106FE0009DF85A00082804D12B99069848430012AE
:106FF00005E006981BF800002B9948430012059005
:1070000011984069D0B105980290BDF8A800ADF87C
:1070100004000E988119B8F81200081A00B2009006
:107020000F982844B8F81020801A03B2D8F8081036
:107030001198D0F814C0109AE0471BE03888BDF8CA
:10704000A810884216D00598FB2803DDBDF8A800DB
:1070500038800FE0059810280CDD049850B9388866
:1070600002900146059A2A98FFF7A2F80390BDF80E
:107070000C003880BF1C9DF85A00C0F1080048453C
:107080000ADD9DF85A0048441FFA80F99DF85A100D
:1070900012980841129005E04FF0000913981290E1
:1070A0000AF1010A0F98401C00B20F900A990F983C
:1070B0008842FFF67AAF9DF856100A98091A0B9885
:1070C00008449DF85A1000FB01901FFA80F90AEB62
:1070D000E90A09F00709DDE90A01411A1098401A86
:1070E00007EB40070E98401C00B20E9008990E98CE
:1070F0008842FFF653AF00BF69E6000000FF0000C2
:107100000055AAFF00112233445566778899AABB1F
:10711000CCDDEEFF2DE9F04F8BB004460D4617464F
:107120001E46DDF85080F08E10B90BB0BDE8F08F30
:10713000B4F90000B5F90010884206D1B4F9020094
:10714000B5F90210884200D1EFE7B7F90010B6F99F
:107150003600081AB4F90010884209DDB7F90010AA
:10716000B6F93600081AB5F90010884200DDDCE7F0
:10717000B7F90410B6F936000844B4F90010884293
:1071800009DAB7F90410B6F936000844B5F9001069
:10719000884200DAC9E7B7F90210B6F93600081AD2
:1071A000B4F90210884209DDB7F90210B6F93600C9
:1071B000081AB5F90210884200DDB6E7B7F90610E3
:1071C000B6F936000844B4F90210884209DAB7F972
:1071D0000610B6F936000844B5F90210884200DA04
:1071E000A3E7B4F90000B5F90010401A002805DD46
:1071F000B4F90000B5F90010401A04E0B5F9000038
:10720000B4F90010401AB4F90210B5F90220891A35
:10721000002905DDB4F90210B5F90220891A04E04D
:10722000B5F90210B4F90220891A88421FDDB4F9B9
:107230000000B5F9001088420CDA2088ADF80C0087
:107240006088ADF80E002888ADF808006888ADF8B1
:107250000A002BE02888ADF80C006888ADF80E0015
:107260002088ADF808006088ADF80A001EE0B4F987
:107270000200B5F9021088420CDA2088ADF80C0043
:107280006088ADF80E002888ADF808006888ADF871
:107290000A000BE02888ADF80C006888ADF80E00F5
:1072A0002088ADF808006088ADF80A0002AA03A99A
:1072B00004A8FEF7ABFCBDF91210BDF9160081421F
:1072C00006D143463246394604A8FDF7BAFCBCE075
:1072D000BDF91000BDF91410884206D1434632466C
:1072E000394604A8FEF729FCAFE04FF0000907F08B
:1072F0002BF98346FFF779F88246BAF1000F74D074
:107300009DF82800F0B3BDF91210BDF916008142B6
:107310001EDA4FF00109BDF81400ADF80400BDF805
:107320001600401E00B2ADF8060001AA03A904A889
:10733000FEF76CFCBDF92200002802DDBDF9220039
:1073400002E0BDF92200404200B2ADF8220072E036
:10735000BDF91210BDF9160081426CDD4FF0000935
:10736000BDF81400ADF80400BDF81600401C00B2D2
:10737000ADF8060001AA03A904A8FEF747FCBDF971
:10738000220000E00CE0002802DDBDF9220002E04E
:10739000BDF922004042404200B2ADF822004AE06E
:1073A000BDF91000BDF9141088421FDA4FF0010931
:1073B000BDF81400401E00B2ADF80400BDF8160080
:1073C000ADF8060001AA03A904A8FEF71FFCBDF949
:1073D0001E00002802DDBDF91E0002E0BDF91E00FE
:1073E000404200B2ADF81E0025E025E0BDF91000D6
:1073F000BDF9141088421EDD4FF00009BDF81400DD
:10740000401C00B2ADF80400BDF81600ADF806004F
:1074100001AA03A904A8FEF7F9FBBDF91E00002884
:1074200002DDBDF91E0002E0BDF91E0040424042EF
:1074300000B2ADF81E0000BF33463A46494604A8E4
:10744000CDF80080FDF767FC00BF00BF6DE62DE9B9
:10745000FF4F83B004460D461746DDF84080B8F173
:10746000100F02DA07B0BDE8F08FB8F1FB0F01DDB5
:107470004FF0FF08B7F90000A0420BDCB7F9040099
:10748000A04207DBB7F90200A84203DCB7F9060007
:10749000A84200DAE6E707F057F881464846FEF7CB
:1074A000B1FF064606F11000FEF74CFD8246308A19
:1074B000201A04B2708A281A05B2D9F8140078B1DB
:1074C000CDF80880BDF81800ADF804000095B1684B
:1074D00023460FFA8AF24846D9F814C0E0471FE065
:1074E00000200290D6F808B005FB0A400BEB400BD9
:1074F0000298A0B9B8F1FF0F04D1BDF81800ABF89D
:1075000000000CE0BBF800004246014600900698DF
:10751000FEF74EFE0190BDF80400ABF8000000BF7E
:1075200000BF9FE72DE9F04105460E4614461F4671
:107530002846FEF7E1FC012804DB2846FEF710FD93
:10754000012801DABDE8F081608A28B13B46224675
:107550003146284602F085F931462846FEF76CFD93
:1075600000B9EFE7207A10280DDD3B462246314670
:10757000284602F0C4F8E08828B13B46224631464E
:10758000284601F0A8FAA08990B1A07B80B1E07BE9
:1075900010280DDB3B4622463146284601F062F8B2
:1075A000E08828B13B4622463146284600F002F8E2
:1075B00000BFC7E70FB5A3B02598C08880B222905E
:1075C00006F0C2FF0790FEF710FF21902598B0F952
:1075D0000C002090259840891F902598807B1E9054
:1075E0002698FF2802D12598C07B04E02598C07B0F
:1075F0002699484300121D902098401E00B220900A
:10760000219818B12098401E00B220902398FEF7D0
:10761000A7FC1C902398FEF76FFC1B90DDE91B2153
:107620002298FFF79FF8229023980188229801441E
:107630002198084400B2ADF8680023984188229848
:1076400001442198084400B2ADF86A0023980188EB
:10765000229801442198084400B2ADF864002398B0
:10766000C1882298091A2198081A00B2ADF866005C
:10767000239881882298091A2198081A00B2ADF837
:10768000600023984188229801442198084400B260
:10769000ADF86200239881882298091A2198081A67
:1076A00000B2ADF85C002398C1882298091A21988D
:1076B000081A00B2ADF85E00229802B215A916A809
:1076C000FEF738FD20992298401A00B212901298C5
:1076D000002801DA0020129013A914A8129AFEF7CC
:1076E00029FD00200D900C90229800B20B900020F4
:1076F0000A90099020992298401A00B20890FCE361
:10770000BDF95200BDF95010884209DABDF85800A1
:10771000BDF85010401A00B20F900F980E900AE07A
:10772000BDF85800BDF85A10401A00B20F900F98DB
:10773000401E00B20E90219800287DD0BDF958104F
:107740000B98814279D0BDF95A000C90DDE90C010B
:10775000401A00B207900B98ADF818000D98ADF8DC
:107760001A000020059027E10798012806DD1D9AE0
:1077700005990798FBF792FE049008E01D9A059979
:107780000798FEF779FF1D99081AC0B204901E9859
:1077900000F00100D8B31E9800F00800B8B30498B8
:1077A0000090BDF85E00BDF81A1001440598084429
:1077B00000B20290BDF85C00BDF818100844401CEF
:1077C00000B201902598408903460390249ADDE990
:1077D0000101FFF73CFE04980090BDF85E00BDF883
:1077E00018100844401C00B20290BDF85C00BDF8BF
:1077F0001A1001440598084400B201902598408968
:1078000003460390249ADDE90101FFF720FE1E984C
:1078100000F00100E8B31E9800F00400C8B304981B
:107820000090BDF86600BDF818100844401C00B276
:107830000290BDF8640001E04CE1C8E0BDF81A1008
:10784000494201440598081A00B2019025984089E0
:1078500003460390249ADDE90101FFF7F8FD04983F
:107860000090BDF86600BDF81A1001440598084460
:1078700000B20290BDF86400BDF8181049420844F7
:10788000401E00B201902598408903460390249A37
:1078900000E003E0DDE90101FFF7D9FD1E9800F0EB
:1078A0000200E0B31E9800F00400C0B304980090FA
:1078B000BDF86A00BDF81A10494201440598081A3B
:1078C00000B20290BDF86800BDF8181049420844A3
:1078D000401E00B201902598408903460390249AE7
:1078E000DDE90101FFF7B3FD04980090BDF86A00DF
:1078F000BDF8181049420844401E00B20290BDF87D
:107900006800BDF81A10494201440598081A00B2EF
:1079100001902598408903460390249A00E003E0F3
:10792000DDE90101FFF793FD1E9800F00200E0B3CE
:107930001E9800F00800C0B304980090BDF86200E3
:10794000BDF8181049420844401E00B20290BDF82C
:107950006000BDF81A1001440598084400B2019077
:107960002598408903460390249ADDE90101FFF739
:107970006EFD04980090BDF86200BDF81A104942EF
:1079800001440598081A00B20290BDF86000BDF8E5
:1079900018100844401C00B2019025984089034605
:1079A0000390249ADDE9010100E001E0FFF74FFDBB
:1079B0000598401C00B20590079905988842FFF68B
:1079C000D3AEBDF958000B900C980D9000BFBDF9D7
:1079D0005010089881427DD0BDF95A000990DDE928
:1079E0000901401A00B207900898ADF818000A98EB
:1079F000ADF81A00002005904BE10798012809DD39
:107A00001D9A05990798FBF749FD1D99081AC0B200
:107A1000049005E01D9A05990798FEF72DFE049045
:107A20001E9800F00100F8B11E9800F00800D8B1CF
:107A300004980090BDF85E00BDF81A100144059846
:107A4000084400B20290BDF85C00BDF8181008446C
:107A5000401E00B201902598408903460390249A65
:107A6000DDE90101FFF7F3FC1E9800F0010000B30F
:107A70001E9800F00400E0B104980090BDF8660084
:107A8000BDF818100844401E00B20290BDF8640012
:107A9000BDF81A10494201440598081A00B2019035
:107AA0002598408903460390249ADDE90101FFF7F8
:107AB000CEFC1E9800F0020018B31E9800F00400DF
:107AC000F8B104980090BDF86A00BDF81A10494258
:107AD000014400E0E8E00598081A00B20290BDF801
:107AE0006800BDF8181049420844401C00B20190DB
:107AF0002598408903460390249ADDE90101FFF7A8
:107B0000A6FC1E9800F0020000B31E9800F00800CA
:107B1000E0B104980090BDF86200BDF81810494229
:107B20000844401C00B20290BDF86000BDF81A1075
:107B300001440598084400B2019025984089034605
:107B40000390249ADDE90101FFF781FCBDF91800DB
:107B5000401EBDF91A200599114488427ED01E9816
:107B600000F00100F8B11E9800F00800D8B10498A8
:107B70000090BDF85E00BDF818100844401E00B229
:107B80000290BDF85C00BDF81A1001440598084445
:107B900000B201902598408903460390249ADDE9BC
:107BA0000101FFF754FC1E9800F0010000B31E987D
:107BB00000F00400E0B104980090BDF86600BDF844
:107BC0001A1001440598084400B20290BDF8640000
:107BD000BDF8181049420844401C00B20190259895
:107BE000408903460390249ADDE90101FFF72FFC49
:107BF0001E9800F0020008B31E9800F00400E8B1DF
:107C000004980090BDF86A00BDF818104942084475
:107C1000401C00B20290BDF86800BDF81A1049423D
:107C200001440598081A00B201902598408903463E
:107C30000390249ADDE90101FFF709FC1E9800F08A
:107C4000020058B11E9800F0080038B10498009066
:107C5000BDF86200BDF81A10494200E015E0014489
:107C60000598081A00B20290BDF86000BDF818101F
:107C70000844401E00B201902598408903460390B5
:107C8000249ADDE90101FFF7E2FB0598401C00B2F0
:107C90000590079905988842FFF6AFAEBDF95000F0
:107CA000089009980A9000BF1E9800F00100E0B308
:107CB0001E9800F00800C0B3BDF85C00BDF8581075
:107CC00001440E98081A00B2ADF84000BDF85C00FF
:107CD000BDF85810084400B2ADF84400BDF85E008D
:107CE000BDF85A10084400B2ADF84200BDF85E007D
:107CF000BDF85A10084400B2ADF8460010A81D9B0C
:107D00001F9A2499FEF750FDBDF85C00BDF85A108B
:107D1000084400B2ADF84000BDF85C00BDF85A1050
:107D2000084400B2ADF8440000E017E0BDF85E0082
:107D3000BDF8581001440F98081A00B2ADF842007F
:107D4000BDF85E00BDF85810084400B2ADF846001A
:107D500010A81D9B1F9A2499FEF726FD1E9800F07F
:107D60000100E8B31E9800F00400C8B3BDF8640039
:107D7000BDF85A104942084400B2ADF84000BDF8C1
:107D80006400BDF85A104942084400B2ADF84400FE
:107D9000BDF86600BDF8581001440E98081A00B2EC
:107DA000ADF84200BDF86600BDF85810084400B2B6
:107DB000ADF8460010A81D9B1F9A2499FEF7F4FC0D
:107DC000BDF86400BDF858104942084400B2ADF84F
:107DD0004000BDF86400BDF858104942014400E07D
:107DE0001AE00F98084400B2ADF84400BDF86600F0
:107DF000BDF85A10084400B2ADF84200BDF8660064
:107E0000BDF85A10084400B2ADF8460010A81D9BFA
:107E10001F9A2499FEF7C8FC1E9800F00200E8B3F0
:107E20001E9800F00400C8B3BDF96600BDF95A10F1
:107E30000844BDF96A10BDF95A20524211448842E3
:107E40002BDDBDF86800BDF858104942084400B267
:107E5000ADF84000BDF86800BDF858104942014433
:107E60000E98084400B2ADF84400BDF86A00BDF8B1
:107E70005A104942084400B2ADF84200BDF86A0009
:107E8000BDF85A104942084400B2ADF8460010A8A7
:107E90001D9B1F9A2499FEF787FC00E02BE0BDF89C
:107EA0006800BDF85A104942084400B2ADF84000DD
:107EB000BDF86800BDF85A104942084400B2ADF858
:107EC0004400BDF86A00BDF858104942084400B2A9
:107ED000ADF84200BDF86A00BDF8581049420144AF
:107EE0000F98084400B2ADF8460010A81D9B1F9AD9
:107EF0002499FEF759FC1E9800E077E000F002009C
:107F0000E8B31E9800F00800C8B3BDF86000BDF8E3
:107F10005A10084400B2ADF84000BDF86000BDF84A
:107F20005A10084400B2ADF84400BDF86200BDF834
:107F300058104942084400B2ADF84200BDF8620052
:107F4000BDF85810494201440E98084400B2ADF8FB
:107F5000460010A81D9B1F9A2499FEF725FCBDF929
:107F60005E00BDF95A100844BDF96210BDF95A20EF
:107F70005242114488422BDDBDF8600000E027E04A
:107F8000BDF8581001440F98081A00B2ADF840002F
:107F9000BDF86000BDF85810084400B2ADF84400C8
:107FA000BDF86200BDF85A104942084400B2ADF86D
:107FB0004200BDF86200BDF85A104942084400B2C0
:107FC000ADF8460010A81D9B1F9A2499FEF7ECFB04
:107FD00015A916A8FEF7B6F8BDF95200BDF9501064
:107FE000884203DA13A914A8FEF7ACF8BDF95A00C9
:107FF000BDF9581088427FF783AB219800287DD0C7
:10800000BDF95A000C90DDE90C01401A00B207904E
:108010000B98ADF818000D98ADF81A0000200590E7
:108020001CE11D9A05990798FEF726FB1D99081A71
:10803000C0B204901E9800F00100D8B31E9800F062
:108040000800B8B304980090BDF85E00BDF81A109F
:1080500001440598084400B20290BDF85C00BDF8E8
:1080600018100844401C00B201902598408903462E
:108070000390249ADDE90101FFF7E9F904980090E3
:10808000BDF85E00BDF818100844401C00B2029014
:10809000BDF85C00BDF81A1001440598084400B210
:1080A00001902598408903460390249ADDE9010157
:1080B000FFF7CDF91E9800F00100E0B31E9800F024
:1080C0000400C0B304980090BDF86600BDF8181015
:1080D0000844401C00B20290BDF86400BDF81A10BC
:1080E000494201440598081A00B201902598408938
:1080F00003460390249ADDE9010100E0B0E2FFF7B6
:10810000A6F904980090BDF86600BDF81A10014465
:108110000598084400B20290BDF86400BDF818103C
:1081200049420844401E00B2019025984089034608
:108130000390249A00E003E0DDE90101FFF787F9ED
:108140001E9800F00200E0B31E9800F00400C0B3D7
:1081500004980090BDF86A00BDF81A104942014425
:108160000598081A00B20290BDF86800BDF8181012
:1081700049420844401E00B20190259840890346B8
:108180000390249ADDE90101FFF761F9049800905A
:10819000BDF86A00BDF8181049420844401E00B2FC
:1081A0000290BDF86800BDF81A10494201440598D4
:1081B000081A00B201902598408903460390249A3A
:1081C00000E003E0DDE90101FFF741F91E9800F04E
:1081D0000200E0B31E9800F00800C0B304980090BD
:1081E000BDF86200BDF8181049420844401E00B2B4
:1081F0000290BDF86000BDF81A10014405980844CB
:1082000000B201902598408903460390249ADDE945
:108210000101FFF71CF904980090BDF86200BDF859
:108220001A10494201440598081A00B20290BDF89C
:108230006000BDF818100844401C00B20190259859
:10824000408903460390249ADDE9010100E001E042
:10825000FFF7FDF80598401C00B2059007990598B6
:108260008842FFF6DEAEBDF91800BDF91A10401ABB
:10827000002805DDBDF91800BDF91A10401A04E008
:10828000BDF91A00BDF91810401A079988427DD12E
:108290000B98ADF818000B98ADF81A001D98401017
:1082A00004901E9800F00100E0B11E9800F0080054
:1082B000C0B104980090BDF85E00BDF818100844E5
:1082C00000B20290BDF85C00BDF81A10084400B27C
:1082D00001902598408903460390249ADDE9010125
:1082E000FFF7B5F81E9800F00100E8B11E9800F005
:1082F0000400C8B104980090BDF86600BDF81A10DB
:10830000084400B20290BDF86400BDF8181049425C
:10831000084400B201902598408903460390249AAE
:10832000DDE90101FFF793F81E9800F00200F0B1BB
:108330001E9800F00400D0B104980090BDF86A00C7
:10834000BDF818104942084400B20290BDF8680018
:10835000BDF81A104942084400B20190259840899E
:1083600003460390249ADDE90101FFF770F81E9897
:1083700000F00200F8B11E9800F00800D8B104988F
:108380000090BDF86200BDF81A1000E014E0494208
:10839000084400B20290BDF86000BDF8181008440F
:1083A00000B201902598408903460390249ADDE9A4
:1083B0000101FFF74CF800BFBDF952000990089881
:1083C000ADF818000A98ADF81A00DDE90901401A65
:1083D00000B20790002005903CE11D9A059907988E
:1083E000FEF74AF904901E9800F00100F8B11E98BB
:1083F00000F00800D8B104980090BDF85E00BDF808
:108400001A1001440598084400B20290BDF85C00BF
:10841000BDF818100844401E00B20190259840890C
:1084200003460390249ADDE90101FFF710F81E9836
:1084300000F0010000B31E9800F00400E0B10498C1
:108440000090BDF86600BDF818100844401E00B248
:108450000290BDF86400BDF81A1049420144059825
:10846000081A00B201902598408903460390249A87
:10847000DDE90101FEF7EBFF1E9800F0020008B3F2
:108480001E9800F00400E8B104980090BDF86A005E
:10849000BDF81A10494201440598081A00B202902A
:1084A000BDF86800BDF8181049420844401C00B2ED
:1084B00001902598408903460390249ADDE9010143
:1084C000FEF7C5FF1E9800F0020000B31E9800F0F2
:1084D0000800E0B104980090BDF86200BDF81810E3
:1084E00049420844401C00B20290BDF86000BDF84B
:1084F0001A1001440598084400B20190259840895B
:1085000003460390249ADDE90101FEF7A0FFBDF9BF
:108510001800401EBDF91A200599114488427DD0EB
:108520001E9800F00100F8B11E9800F00800D8B1C4
:1085300004980090BDF85E00BDF818100844401E75
:1085400000B20290BDF85C00BDF81A100144059815
:10855000084400B201902598408903460390249A6C
:10856000DDE90101FEF773FF1E9800F0010000B382
:108570001E9800F00400E0B104980090BDF8660079
:10858000BDF81A1001440598084400B20290BDF8E5
:108590006400BDF8181049420844401C00B2019024
:1085A0002598408903460390249ADDE90101FEF7EE
:1085B0004EFF1E9800F0020008B31E9800F0040061
:1085C000E8B104980090BDF86A00BDF8181049425F
:1085D0000844401C00B20290BDF86800BDF81A10B3
:1085E000494201440598081A00B201902598408933
:1085F00003460390249ADDE90101FEF728FF1E9847
:1086000000F0020050B11E9800F0080030B104984C
:108610000090BDF86200BDF81A1000E016E0494273
:1086200001440598081A00B20290BDF86000BDF838
:1086300018100844401E00B2019025984089034656
:108640000390249ADDE90101FEF701FF0598401C23
:1086500000B20590079905988842FFF6BEAE00BFAC
:1086600027B000BD2DE9FF4F87B004469146B9F809
:1086700006001FFA80F805F067FF0090FDF7B5FED1
:1086800007462046FDF76CFC06902046FDF734FCBB
:108690000590B9F90C600A98FF2802D199F80F00EB
:1086A00004E099F80F000A9948430012049099F8E1
:1086B0000E50B9F80A0003904FF0000BDA46701E16
:1086C00006B24046DDE90521FEF74CF88046B0458C
:1086D00006DAA6EB0800C01B0FFA80FBB24603E0E7
:1086E00008EB07000FFA80FAB9F8060000287DD1E0
:1086F00005F0020098B12088ADF80400A088ADF81C
:1087000008006088ADF806006088304400B2ADF81B
:108710000A0001A8DDE903230899FEF745F805F0F2
:10872000080028B3A088801B00B2ADF80400A08820
:10873000ADF80800B4F9021005F0020008B1701C91
:1087400000E00020084400B2ADF80600B4F90610BD
:1087500005F0010008B1701C00E00020081A00B20A
:10876000ADF80A0001A8DDE903230899FEF71CF81B
:1087700005F0040028B32088ADF8040020883044B8
:1087800000B2ADF80800B4F9021005F0020008B11B
:10879000701C00E00020084400B2ADF80600B4F9F7
:1087A000061005F0010008B1701C00E00020081A56
:1087B00000B2ADF80A0001A8DDE903230899FDF72E
:1087C000F3FF05F00100A8B12088ADF80400A088EF
:1087D000ADF80800E088801B00B2ADF80600E08824
:1087E000ADF80A0001A8DDE9032300E005E00899DF
:1087F000FDF7DAFF0BB0BDE8F08F0AF101000FFAC8
:1088000080FA05F0020028B16088504400B2ADF84B
:10881000060004E06088404400B2ADF8060005F0B0
:10882000010030B1E088A0EB0A0000B2ADF80A0008
:1088300005E0E088A0EB080000B2ADF80A0005F002
:10884000040070B12088ADF80400BDF80400304485
:1088500000B2ADF8080001A8DDE903230899FDF78F
:10886000A3FF05F0080070B1A088ADF80800BDF8BE
:108870000800801B00B2ADF8040001A8DDE9032365
:108880000899FDF791FF20885044A0EB0B0000B23F
:10889000ADF80400A088A0EB0A00584400B2ADF87F
:1088A000080005F0020068B16088ADF80600608835
:1088B000304400B2ADF80A0001A8DDE903230899AD
:1088C000FDF772FF05F0010070B1E088ADF80A0015
:1088D000BDF80A00801B00B2ADF8060001A8DDE972
:1088E00003230899FDF760FFBBF1000F7ED005F070
:1088F0000200E8B105F00400D0B12088ADF8040012
:1089000020884044384400B2ADF8080060884044F4
:10891000401C384400B2ADF806006088304400B214
:10892000ADF80A0001A8DDE903230899FDF73CFF33
:1089300005F00200F0B105F00800D8B1A088A0EB66
:108940000800C01B00B2ADF80400A088ADF8080014
:1089500060884044401C384400B2ADF8060060888E
:10896000304400B2ADF80A0001A8DDE903230899FC
:10897000FDF71AFF05F00100F0B105F00400D8B1D1
:108980002088ADF8040020884044384400B2ADF897
:108990000800E088801B00B2ADF80600E088A0EB7C
:1089A0000800401EC01B00B2ADF80A0001A8DDE9B6
:1089B00003230899FDF7F8FE05F00100B0B105F0BA
:1089C000080098B1A088A0EB0800C01B00B2ADF869
:1089D0000400A088ADF80800E088801B00B2ADF864
:1089E0000600E088A0EB0800401E00E009E0C01B84
:1089F00000B2ADF80A0001A8DDE903230899FDF7EC
:108A0000D3FEB9F80600002863D105F00600A8B12E
:108A10002088ADF804002088384400B2ADF8080082
:108A20006088ADF806006088384400B2ADF80A00EE
:108A300001A8DDE903230899FDF7B6FE05F00A0059
:108A4000A8B1A088C01B00B2ADF80400A088ADF8A2
:108A500008006088ADF806006088384400B2ADF8C0
:108A60000A0001A8DDE903230899FDF79DFE05F042
:108A70000500A8B12088ADF804002088384400B271
:108A8000ADF80800E088C01B00B2ADF80600E08831
:108A9000ADF80A0001A8DDE903230899FDF784FE7B
:108AA00005F00900A8B1A088C01B00B2ADF8040011
:108AB000A088ADF80800E088C01B00B2ADF8060041
:108AC000E088ADF80A0001A8DDE903230899FDF765
:108AD0006BFE00BF8EE60FB5A9B02B98C08880B2A0
:108AE000289005F031FD0B90FDF77FFC27902B9827
:108AF000408826902B98808825902C98FF2802D1BA
:108B00002B98007A04E02B98007A2C9948430012A5
:108B100023902998FDF7F0F921902998FDF720FA84
:108B20002090DDE920122898FDF71CFE2890299856
:108B30000188289801442798084400B2ADF87C00C9
:108B400029984188289801442798084400B2ADF834
:108B50007E0029980188289801442798084400B28B
:108B6000ADF878002998C1882898091A2798081A1A
:108B700000B2ADF87A00299881882898091A2798B8
:108B8000081A00B2ADF87400299841882898014469
:108B90002798084400B2ADF8760029988188289873
:108BA000091A2798081A00B2ADF870002998C188F0
:108BB0002898091A2798081A00B2ADF87200289868
:108BC00002B212A913A8FDF7B5FABDF87200BDF8FC
:108BD0004E10084400B20090BDF87000BDF84C1073
:108BE000084400B20B90BDF87A00BDF84E1008445E
:108BF00000B20A90BDF87800BDF84C104942084414
:108C000000B20990014616A8DDE90A23FDF780FAB3
:108C1000BDF87200BDF84C10084400B20090BDF8D9
:108C20007000BDF84E10084400B20B90BDF87A10E9
:108C3000BDF84C00084400B20A90BDF87800BDF8B9
:108C40004E104942084400B20990014614A8DDE9DB
:108C50000A23FDF75DFABDF87600BDF84E104942D3
:108C6000084400B20090BDF87400BDF84C100844F0
:108C700000B20B90BDF87E00BDF84E10494208448A
:108C800000B20A90BDF87C00BDF84C10494208447F
:108C900000B20990014618A8DDE90A23FDF738FA69
:108CA000BDF87600BDF84C104942084400B200906F
:108CB000BDF87400BDF84E10084400B20B90BDF82A
:108CC0007E00BDF84C104942084400B20A90BDF83D
:108CD0007C00BDF84E104942084400B2099001469C
:108CE0001AA8DDE90A23FDF713FA0020119010906D
:108CF000289800B20F908AE2279800287DD0BDF90D
:108D00004C100F988142F9D0BDF94E001090DDE96A
:108D10001001401A00B207900F98ADF81800119892
:108D2000ADF81A000F992898401AC0EB002121983D
:108D3000B1FBF0F0C0B22290229ADDE92501FDF7E7
:108D400075FA0E90229ADDE92510FDF76FFA0D9065
:108D500000200590F8E00798012806DD239A059980
:108D60000798FAF79BFB049008E0239A0599079867
:108D7000FDF782FC2399081AC0B204900498009071
:108D8000BDF87200BDF818100844401C00B20390F2
:108D9000BDF87000BDF81A1001440598084400B2EF
:108DA00002900D9B2A9A0399FEF751FB04980090BC
:108DB000BDF87A00BDF818100844401C00B20390BA
:108DC000BDF87800BDF81A10494201440598081A08
:108DD00000B202900D9B2A9A0399FEF738FB049883
:108DE0000090BDF87E00BDF8181049420844401EAE
:108DF00000B20390BDF87C0000E0B0E0BDF81A10AE
:108E0000494201440598081A00B202900E9B2A9A22
:108E10000399FEF71CFB04980090BDF87600BDF89E
:108E2000181049420844401E00B20390BDF8740077
:108E3000BDF81A1001440598084400B202900E9B38
:108E40002A9A0399FEF703FB11992898411A05986D
:108E50000844C0EB00212198B1FBF0F0C0B2229091
:108E6000229ADDE92510FDF7E1F90C9004980090B5
:108E7000BDF87210BDF81A0001440598084400B20C
:108E80000390BDF87000BDF818100844401C00B2F3
:108E900002900C9B2A9A0399FEF7D9FA0498009045
:108EA000BDF87A00BDF81A1001440598084400B2D4
:108EB0000390BDF87810BDF8180040420844401EE9
:108EC00000B202900C9B2A9A0399FEF7C0FA229AEC
:108ED000DDE92501FDF7AAF90C9004980090BDF892
:108EE0007E00BDF81A10494201440598081A00B2E4
:108EF0000390BDF87C00BDF8181049420844401E9C
:108F000000B202900C9B2A9A0399FEF7A0FA0498EB
:108F10000090BDF87610BDF81A0040420144059853
:108F2000081A00B20390BDF87410BDF81800084488
:108F3000401C00B202900C9B2A9A0399FEF787FA14
:108F40000598401C00B20590079905988842FFF6E5
:108F500002AFBDF94C000F901098119000BF002097
:108F60000B900A9009900890BDF94E10BDF97A0057
:108F70000844BDF95A10884201D001200990BDF97A
:108F80004C10BDF97A000844BDF95210884201D056
:108F900001200890BDF94E004042BDF97E10084402
:108FA000BDF96210884201D001200A90BDF94C0041
:108FB0004042BDF97E100844BDF96A10884201D0D4
:108FC00001200B900B9808B3BDF89800BDF89410E1
:108FD000884202D12698249012E02998B0F9060020
:108FE000BDF96A10401AC0EB00212198B1FBF0F0E6
:108FF000C0B22290229ADDE92510FDF717F92490DE
:109000001AA8DDE923322A99FDF7CEFB0A9808B3A6
:10901000BDF89800BDF89410884202D1269824909B
:1090200012E02998B0F90610BDF96200081AC0EBE9
:1090300000212198B1FBF0F0C0B22290229ADDE924
:109040002510FDF7F3F8249018A8DDE923322A99BA
:10905000FDF7AAFB099808B3BDF89800BDF8941075
:10906000884202D12698249012E02998B0F906107F
:10907000BDF95A00081AC0EB00212198B1FBF0F0AD
:10908000C0B22290229ADDE92510FDF7CFF8249096
:1090900016A8DDE923322A99FDF786FB089808B364
:1090A000BDF89800BDF89410884202D1269824900B
:1090B00012E02998B0F90600BDF95210401AC0EB31
:1090C00000212198B1FBF0F0C0B22290229ADDE994
:1090D0002510FDF7ABF8249014A8DDE923322A9976
:1090E000FDF762FBBDF87210BDF84E00084400B2F7
:1090F0000090BDF87000BDF84C10084400B2079015
:10910000BDF87A10BDF84E00084400B20690BDF8D4
:109110007810BDF84C004042084400B2059001466A
:1091200016A8DDE90623FCF7F3FFBDF87210BDF8C1
:109130004C00084400B20090BDF87000BDF84E101D
:10914000084400B20790BDF87A10BDF84C000844FE
:1091500000B20690BDF87810BDF84E0040420844B9
:1091600000B20590014614A8DDE90623FCF7D0FF04
:10917000BDF87610BDF84E004042084400B20090A1
:10918000BDF87400BDF84C10084400B20790BDF85B
:109190007E00BDF84E104942084400B20690BDF86A
:1091A0007C00BDF84C104942084400B205900146CD
:1091B00018A8DDE90623FCF7ABFFBDF87600BDF883
:1091C0004C104942084400B20090BDF87400BDF84C
:1091D0004E10084400B20790BDF87E00BDF84C1058
:1091E0004942084400B20690BDF87C00BDF84E101C
:1091F0004942084400B2059001461AA8DDE9062359
:10920000FCF786FF12A913A8FCF79CFF00BF13A868
:10921000FCF785FF00287FF46FADBDF89800BDF81E
:109220009410884202D12698249012E02998B0F92F
:109230000600BDF96A10401AC0EB00212198B1FB6D
:10924000F0F0C0B22290229ADDE92510FCF7EEFF83
:1092500024901AA8DDE923322A99FDF7A5FABDF971
:109260006A00BDF96210884221D0BDF89800BDF8AF
:109270009410884202D12698249012E02998B0F9DF
:109280000600BDF96210401AC0EB00212198B1FB25
:10929000F0F0C0B22290229ADDE92510FCF7C6FF5B
:1092A000249018A8DDE923322A99FDF77DFABDF84C
:1092B0009800BDF89410884202D12698249012E0BC
:1092C0002998B0F90600BDF95A10401AC0EB0021E8
:1092D0002198B1FBF0F0C0B22290229ADDE925106E
:1092E000FCF7A4FF249016A8DDE923322A99FDF7A4
:1092F0005BFABDF95200BDF95A10884221D0BDF881
:109300009810BDF89400814202D12698249012E072
:109310002998B0F90600BDF95210401AC0EB00219F
:109320002198B1FBF0F0C0B22290229ADDE925101D
:10933000FCF77CFF249014A8DDE923322A99FDF77D
:1093400033FA279800287ED0299801882898084465
:10935000801C00B2ADF86800299881882898081A06
:10936000801E00B2ADF86C0029984088ADF86A0004
:1093700029984088ADF86E002B98408808900246E6
:109380001AA8239B2A99FDF70FFA2998C088ADF8EF
:109390006A002998C088ADF86E002B9880880890E4
:1093A00002461AA8239B2A99FDF7FEF9BDF94E0043
:1093B0001090DDE91001401A00B20B900F98ADF843
:1093C00028001198ADF82A000F992898401AC0EB90
:1093D00000212198B1FBF0F0C0B22290229ADDE981
:1093E0002501FCF723FF0D90229ADDE92510FCF7FB
:1093F0001DFF0E9000200990EEE0239A09990B982A
:10940000FDF73AF92399081AC0B20890089800901D
:10941000BDF87200BDF828100844401C00B2079047
:10942000BDF87000BDF82A1001440998084400B244
:1094300006900E9B2A9A0799FEF709F80898009063
:10944000BDF87A0000E058E1BDF828100844401C3F
:1094500000B20790BDF87810BDF82A0040420144E0
:109460000998081A00B206900E9B2A9A0799FDF7F0
:10947000EEFF08980090BDF87E00BDF82810494224
:109480000844401E00B20790BDF87C10BDF82A00C9
:10949000404201440998081A00B206900D9B2A9A8E
:1094A0000799FDF7D4FF08980090BDF87600BDF845
:1094B000281049420844401E00B20790BDF87410BD
:1094C000BDF82A0001440998084400B206900D9B9B
:1094D0002A9A0799FDF7BBFF11992898411A099814
:1094E0000844C0EB00212198B1FBF0F0C0B22290FB
:1094F000229ADDE92510FCF799FE0C90089800905F
:10950000BDF87200BDF82A1001440998084400B261
:109510000790BDF87010BDF828000844401C00B248
:1095200006900C9B2A9A0799FDF791FF08980090E6
:10953000BDF87A00BDF82A1001440998084400B229
:109540000790BDF87800BDF8281049420844401E35
:1095500000B206900C9B2A9A0799FDF778FF229A91
:10956000DDE92501FCF762FE0C9008980090BDF83B
:109570007E10BDF82A00404201440998081A00B242
:109580000790BDF87C00BDF8281049420844401EF1
:1095900000B206900C9B2A9A0799FDF758FF08988D
:1095A0000090BDF87600BDF82A10494201440998A0
:1095B000081A00B20790BDF87400BDF828100844DE
:1095C000401C00B206900C9B2A9A0799FDF73FFFBA
:1095D0000998401C00B209900B9909988842FFF63F
:1095E0000CAFBDF92800BDF92A10401A002805DD8E
:1095F000BDF92800BDF92A10401A04E0BDF92A007F
:10960000BDF92810401A0B99884275D10F98ADF812
:1096100028000F98ADF82A000F98C0EB0021219880
:10962000B1FBF0F0C0B22290229ADDE92501FCF7EF
:10963000FDFD0E90229ADDE92510FCF7F7FD0D9057
:1096400023984010089008980090BDF87200BDF86B
:109650002810084400B20790BDF87010BDF82A0029
:10966000084400B206900D9B2A9A0799FDF7EFFE79
:1096700008980090BDF87A00BDF82A10084400B29E
:109680000790BDF87800BDF828104942084400B2A0
:1096900006900D9B2A9A0799FDF7D9FE089800902D
:1096A000BDF87E00BDF828104942084400B207907A
:1096B000BDF87C00BDF82A104942084400B206906B
:1096C0000E9B2A9A0799FDF7C2FE08980090BDF8F4
:1096D0007600BDF82A104942084400B20790BDF850
:1096E0007410BDF82800084400B206900E9B2A9A18
:1096F0000799FDF7ACFE00BF00BF2DB000BD2DE9FE
:10970000FF4F89B0044615469A46E88886B204F0B1
:109710001BFF0746FCF769FE089068880790A88839
:1097200006902046FCF7E8FB80462046FCF718FC34
:109730000490BAF1FF0F01D1287A03E0287A00FBE8
:109740000AF000120390424630460499FDF70AF8E9
:10975000064608EBD871B6EB610F02DD0DB0BDE82F
:10976000F08F2088ADF80400A088ADF80800BDF89F
:109770001C00BDF8181088422DD16088304400B21A
:10978000ADF80600E088801B00B2ADF80A00E8885A
:10979000D0B1089860B1BDF80600801C00B2ADF8E9
:1097A0000600BDF80A00801E00B2ADF80A000BE00A
:1097B000BDF80600401C00B2ADF80600BDF80A0076
:1097C000401E00B2ADF80A0001A8039B079A0A994F
:1097D000FCF7EAFF43E0608830440FFA80F9E08844
:1097E000801B0FFA80FBE88890B1089840B109F11E
:1097F00002000FFA80F9ABF102000FFA80FB07E0DC
:1098000009F101000FFA80F9ABF101000FFA80FBBA
:10981000B9F1000F01DA4FF000094F461CE0ADF836
:109820000670ADF80A70B4F90600BDF90610401ACA
:10983000C0EB0020B0FBF8F0C0B20590DDE90521D7
:109840000798FCF7F3FC009001A8039B009A0A9983
:10985000FCF7AAFF781C07B25F45E0DD00BF00BF40
:109860007CE72DE9FC4706460F4615469846B5F9B4
:1098700006403046FCF774FB81463046FCF73CFB63
:109880008246A0B252464946FCF76CFF04B231460C
:109890006846FCF725FBBDF80000204400B2ADF897
:1098A0000000BDF80400001B00B2ADF804006946DA
:1098B0003846FCF7A4FB08B1BDE8FC873146684692
:1098C000FCF70EFBBDF80200204400B2ADF8020028
:1098D000BDF80600001B00B2ADF806006946384628
:1098E000FCF78DFB00B1E7E7287D012806D1434650
:1098F0002A463946304600F044F907E0287D28B969
:1099000043462A463946304600F002F800BFD3E706
:109910002DE9FF4F95B08246164604F015FE8146AC
:10992000FCF763FD1490B6F90650B6F91270504674
:10993000FCF716FB13905046FCF7DEFA1290A8B223
:10994000DDE91221FCF70EFF05B2149800EB400090
:10995000284405B21498384407B2281D20F00300AB
:109960001190119840001190F81C00F0FC0010902C
:1099700010981090DDE910218818FCF775FF0F9002
:10998000DDF83C80DDF83C80119808EB000B2A469E
:109990000DA90EA8FCF7CEFB0FE0BDF83800BDF90D
:1099A0003A1028F81100BDF83A00BDF9381028F82F
:1099B00011000DA90EA8FCF7C5FB0EA8FCF7AFFB24
:1099C0000028EAD11898FF2801D1307A03E0307AD4
:1099D0001899484300120C90002409E0381B0C9998
:1099E00048434008B0FBF7F00BF80400601C04B2D9
:1099F000BC42F3DBBAF80000284400B2ADF81C000A
:109A0000BAF80600401B401C1499401A00B2ADF889
:109A10001E00BAF80400401B00B2ADF81800BAF8F6
:109A20000600401B401C1499401A00B2ADF81A0001
:109A300000246BE0BDF81C00001B00B2ADF82C0048
:109A4000BDF81E0038F81410084400B2ADF82E001E
:109A5000BDF81800204400B2ADF82800BDF81A0087
:109A600038F81410084400B2ADF82A000CB90020F0
:109A700005E0601E38F9100038F91410401A00B2E1
:109A800003904FF000093DE0039818B91BF8090056
:109A9000049009E01BF809100398A9EB00001BF8DB
:109AA000000008444008049004980090328A029212
:109AB000BDF92E10BDF92C001346169AFDF7C7FC10
:109AC000BDF82E00401C00B2ADF82E00BDF92800F4
:109AD000BDF91C1088420BDD04980090328A029276
:109AE000BDF92A10BDF928001346169AFDF7AFFC00
:109AF000BDF82A00401C00B2ADF82A0009F10100AF
:109B00001FFA80F9B945BFDB601C04B2AC4291DD9D
:109B1000BDF81C00401C00B2ADF82000BDF81E00CE
:109B2000284400B2ADF82200BDF81800401E00B273
:109B3000ADF82400BDF82200ADF826000020059005
:109B400019E005981BF80030308A0246049008A8F6
:109B50001699FCF729FEBDF82200401C00B2ADF8B2
:109B60002200BDF82600401C00B2ADF82600059882
:109B7000401C80B205900598B842E2DB19B0BDE800
:109B8000F08F2DE9FF4F99B08046914604F0DCFC40
:109B90000390FCF72AFC8246B9F90650B9F9127015
:109BA0004046FCF7DDF918904046FCF7A5F9179000
:109BB000A8B2DDE91721FCF7D5FD05B205EB0A00D7
:109BC00005B27800401C00B21690E819001D20F084
:109BD000030015901598400015901698C01C20F0B1
:109BE00003001490149880001490E819001D20F0D0
:109BF0000300139013981390DDE914210A4413997C
:109C00005018FCF731FE1290129E129E15983044A7
:109C10001190DDE914100844129E30441090304633
:109C20001599F6F7BAFA2A460EA90FA8FCF782FA98
:109C30000FE0BDF83C00BDF93E1026F81100BDF85C
:109C40003E00BDF93C1026F811000EA90FA8FCF744
:109C500079FA0FA8FCF763FA0028EAD11C98FF28CC
:109C600002D199F8080004E099F808001C994843CB
:109C700000120D9000240EE01698001B0D9949006B
:109C80004843010216984043B1FBF0F1119840F8A7
:109C90002410601C04B216988442EDDBB8F804006E
:109CA000401BA0EB0A0000B2ADF82000B8F8060097
:109CB000401BA0EB0A0000B2ADF82200B8F8040087
:109CC000401BA0EB0A0000B2ADF81C00B8F802007F
:109CD0002844504400B2ADF81E00B8F800002844F3
:109CE000504400B2ADF81800B8F80600401BA0EBD5
:109CF0000A0000B2ADF81A00B8F800002844504439
:109D000000B2ADF81400B8F802002844504400B284
:109D1000ADF81600002420E100200490834644E0C2
:109D20000022794208B22DE02318002B06DA36F81B
:109D30001430EB1AA3EB0B0319B20DE02318AB425E
:109D400000DD21E0231836F8133036F814C0A3EBF9
:109D50000C03A3EB0B0319B27B42994204DAF842DD
:109D600001D1012304930FE0B94203DD119B1B686D
:109D70001A4405E0A7EB010C119B53F82C301A4450
:109D8000411C08B2B842CFDD00BFC2F307231099CF
:109D900001F80B30049921B10BF101011FFA81FB8D
:109DA00006E00BF101001FFA80FBE8195845B7DA0D
:109DB00000BF36F81400BDF81C100844401C00B267
:109DC000ADF83000BDF81E00001B00B2ADF8320047
:109DD00036F81400BDF820100844401C00B2ADF85D
:109DE0002C00BDF82200204400B2ADF82E00BDF8D2
:109DF000140036F81410401A401E00B2ADF82800C6
:109E0000BDF81600001B00B2ADF82A00BDF818001E
:109E100036F81410401A401E00B2ADF82400BDF808
:109E20001A00204400B2ADF826000120039087E01C
:109E3000BDF92800BDF91410884214DABDF92A00D2
:109E4000BDF9161088420EDA03991098405C009014
:109E5000B9F810200292BDF92A10BDF92800134666
:109E60001A9AFDF7F4FABDF92400BDF918108842DA
:109E700014DABDF92600BDF91A1088420EDD0399E7
:109E80001098405C0090B9F810200292BDF926109D
:109E9000BDF9240013461A9AFDF7D9FABDF930002E
:109EA000BDF91C10884214DDBDF93200BDF91E1049
:109EB00088420EDA03991098405C0090B9F810209F
:109EC0000292BDF93210BDF9300013461A9AFDF71F
:109ED000BEFABDF92C00BDF92010884214DDBDF991
:109EE0002E00BDF9221088420EDD03991098405CC7
:109EF0000090B9F810200292BDF92E10BDF92C0087
:109F000013461A9AFDF7A3FABDF82C00401C00B2C4
:109F1000ADF82C00BDF82400401E00B2ADF82400BE
:109F2000BDF83000401C00B2ADF83000BDF828008C
:109F3000401E00B2ADF828000398401C80B2039088
:109F400003985845FFF674AF2CB94A464046109B1B
:109F50001A9900F009F8601C04B2E819A042BFF693
:109F6000DBAE1DB0BDE8F08F2DE9F04F8DB004469B
:109F70008B461746994604F0E7FA0190FCF735FA4C
:109F80000546B7F90660B7F912000C902046FBF7BA
:109F9000E7FF0B902046FBF7AFFF0A90B0B2DDE978
:109FA0000A21FCF7DFFB06B2701906B2A088401C3C
:109FB000401B00B2ADF8200060883044284400B255
:109FC000ADF82200BDF82000ADF82400E088801B29
:109FD000401B00B2ADF826002088401E284400B285
:109FE000ADF8180060883044284400B2ADF81A007B
:109FF000BDF81800ADF81C00E088801B401B00B2C3
:10A00000ADF81E0020883044284400B2ADF810009E
:10A010006088401E284400B2ADF81200A088801B62
:10A02000401B00B2ADF81400BDF81200ADF81600E8
:10A0300020883044284400B2ADF80800E088401C75
:10A04000401B00B2ADF80A00A088801B401B00B284
:10A05000ADF80C00BDF80A00ADF80E004FF0010895
:10A0600055E019F808A0388A53460246594601902F
:10A0700008A8FCF799FBBDF82000401C00B2ADF821
:10A080002000BDF82400401C00B2ADF82400388A3E
:10A09000534602465946019006A8FCF785FBBDF8D9
:10A0A0001800401E00B2ADF81800BDF81C00401E9C
:10A0B00000B2ADF81C00388A53460246594601905A
:10A0C00004A8FCF771FBBDF81200401E00B2ADF809
:10A0D0001200BDF81600401E00B2ADF81600388A16
:10A0E000534602465946019002A8FCF75DFBBDF8B5
:10A0F0000A00401C00B2ADF80A00BDF80E00401C7A
:10A1000000B2ADF80E0008F101000FFA80F80C98CB
:10A110008045A6DD0DB0BDE8F08F2DE9F041044685
:10A120000D46164614B90120BDE8F08133462A4693
:10A130002146A06900F004F807463846F4E700001D
:10A140002DE9FE4F06460C4690461F46009400201F
:10A150008DF8040002901F48006810B11D48006887
:10A1600002901C49C1F800D01B48D0F8009007604D
:10A1700001F0F4FA05462DB1A86818B14146284609
:10A18000AA68904716B141462046B0471248C0F829
:10A1900000901048006880680E4908609DF804002F
:10A1A00010B10020BDE8FE8F8CB194F83000C009DA
:10A1B00068B1206858B13A4641462068FFF7ADFFC4
:10A1C0008246BAF1010F01D00020EBE700BF012069
:10A1D000E8E700007C000020800000202DE9F0412D
:10A1E00005468846EE6841462846F9F7C5FA07460F
:10A1F00017B90020BDE8F081706800EBC7042CB1EE
:10A2000030682168C1F313010844F3E70020F1E747
:10A2100070B504460D46294620466268904770BDD9
:10A220002DE9F04104460D4616461F463B46324690
:10A2300029462046D4F800C0E047BDE8F0812DE96A
:10A24000FF5F80460C46D8F80C6040460299F9F74B
:10A2500093FA07461FB9002004B0BDE8F09F4FF005
:10A260000009F06870B140460399F9F785FA834612
:10A27000BBF1000F05D05A4639464046F9F74AFB74
:10A28000814600BF706800EBC7052868010D308A61
:10A2900000FB09F001EB201A0AF108004FEA101A3E
:10A2A000A4F800A06879E0702879A070A8792071DE
:10A2B000E87940B26071708AC0F38220A0710120F9
:10A2C000CAE72DE9FC4106460C4615462B462246B8
:10A2D00069463046FFF7A4FF07461FB1BDF80000EE
:10A2E000BDE8FC810020FBE70146087A70470000CA
:10A2F0002DE9F047814688464146484602F06EFC0B
:10A3000005460DB900BFFEE715B90020BDE8F0878E
:10A310001821284603F0E1FA04460CB900BFFEE715
:10A320000CB90020F2E700202075E06020610620D3
:10A3300060752F48006820B9284603F057FD2C4966
:10A3400008602C48006820B9284603F0CEFC294953
:10A3500008602949284603F0E4FE2849284603F00E
:10A3600080FEB8F1000F25D106231522DC212846F6
:10A3700000F0FFFA00220121284600F0C4FA50271D
:10A380003946284602F02BFE00BF782211462846A7
:10A3900003F0C9FE04F0E8FE06462EB1002128466F
:10A3A000F26E00F0FCFA04E0154A0021284600F0A5
:10A3B000F6FA1BE0404603F0E1FC0646317D2846F4
:10A3C000326900F0A0FA002707E0F06830F81700C3
:10A3D000E16821F81700781CC7B2207DB842F4DC90
:10A3E000707D6075284603F025FE00BF28468DE786
:10A3F000400100203C01002009AA000805A4000833
:10A40000D80300202DE9F04790B004468846154651
:10A41000022D03D1002010B0BDE8F087002D36D109
:10A42000D4F82890204603F0E5FC8246204603F04D
:10A43000A5FC06464146204600F084F9B7782A4636
:10A4400041462046174B1B689847514601A804F027
:10A4500017FA707DB070BDF81E00400001B2ADF873
:10A460001E10BDF82000400001B2ADF8201001A878
:10A47000A0622A46414620460A4B1B689847B7709F
:10A48000C4F828904146204600F00EF807E0012D60
:10A4900005D12A4641462046024B1B6898470120B9
:10A4A000B9E700003C0100202DE9F34FAFB00546AD
:10A4B000284603F063FC804600BF284603F09AFC60
:10A4C0000446284603F06EFC1F90284603F0CAFCA1
:10A4D000834600EBDB704110608B081A0FFA80F99D
:10A4E000284603F0BFFC834600EBDB70298A01EBB2
:10A4F000600006B2284603F047FC834600EBDB70A1
:10A500004110688A084407B2284602F011FD1E90E7
:10A510001E99C1F5B47000EBD07149105A3109B2DF
:10A520001D91284600F0E9F91C90284600F0DFF95B
:10A530001B90214620A804F0A3F9ADF86860ADF89F
:10A540006A704FF0000AC3E0D8F80C0030F91A1016
:10A550001C98081A1E9948434201DDE91B01401A64
:10A5600092FBF0F000B2059005991D9800EB611088
:10A570000FFA80FB0BF1010000B20490584604F082
:10A580002BFE00FB09F047F6FF7190FBF1F0384419
:10A5900000B2ADF862000BF15A0000B204F01CFEEC
:10A5A00000FB09F047F6FF7190FBF1F0304400B278
:10A5B000ADF86000049804F00FFE00FB09F047F6C8
:10A5C000FF7190FBF1F0384400B2ADF85E000498E2
:10A5D0005A3000B204F000FE00FB09F047F6FF71AC
:10A5E00090FBF1F0304400B2ADF85C00059800F04B
:10A5F0001F000390BDF95C00BDF96010401A0028EF
:10A6000005DDBDF95C00BDF96010401A04E0BDF93C
:10A610006010BDF95C00081A03994843401100B26C
:10A620000290BDF95E00BDF96210401A002805DDF8
:10A63000BDF95E00BDF96210401A04E0BDF9620088
:10A64000BDF95E10401A03994843401100B20190D1
:10A65000BDF95C00BDF96010884203DA02984042FF
:10A6600000B20290BDF95E00BDF96210884203DAC3
:10A670000198404200B20190BDF860100298084471
:10A6800000B2ADF86400BDF862100198084400B251
:10A69000ADF86600D8F8100038B928480068009076
:10A6A000BDF80000ADF8B40006E0D8F8100000EBEB
:10A6B0004A000088ADF8B4001F9820AB009019A99B
:10A6C0001AA8309AFCF726FD0AF1010000F0FF0AF3
:10A6D00098F8140050453FF737AF194908A804F01F
:10A6E000CFF86089ADF8220008A86189ADF8241080
:10A6F00047F61841ADF82610E088301A00B2ADF8E0
:10A700001800E088381A00B2ADF81A00E08830442A
:10A7100000B2ADF81C00E088384400B2ADF81E006D
:10A72000284603F03FFB83465B4608AA06A83099FB
:10A73000FCF7F8FE31B0BDE8F08F00005475010859
:10A74000240300202DE9F34F97B00646304603F06E
:10A7500015FB1290304603F04DFB0446304603F0E3
:10A7600021FB1190304603F07DFB824600EBDA704E
:10A770004110B4F91A00032202FB1011E08B081AF1
:10A780000FFA80F8304603F06DFB824600EBDA707A
:10A79000318A01EB600000B21090304603F0F4FA09
:10A7A000824600EBDA704110708A084400B20F90C4
:10A7B000304602F0BDFB0FFA80F91298477DC9F5CB
:10A7C000B47000EBD07149105A3109B20E91304685
:10A7D00000F093F80D90304600F089F80C900025B9
:10A7E0007FE005FB09F0791E90FBF1F10E9808441B
:10A7F00000B20B900B9804F0EFFC00FB08F047F65A
:10A80000FF7190FBF1F000B20A900F990A9808448A
:10A8100000B20A900B985A3000B204F0DDFC00FB45
:10A8200008F047F6FF7190FBF1F00FFA80FA1098EC
:10A8300050440FFA80FADDE90C01401A6843791E92
:10A8400090FBF1F00FFA80FB0D9858440FFA80FB53
:10A8500013A9584605F024F8002147F61842B4F928
:10A860002A00CDE901210090B4F9283013A907A8E6
:10A87000626A04F079FDBDF91C0000EBD071AAEB0F
:10A88000610109B2ADF82010BDF91E0000EBD071D6
:10A890004A100A99891A09B2ADF82210BDF82000B1
:10A8A000BDF81C10084400B2ADF82400BDF8220029
:10A8B000BDF81E10084400B2ADF8260000204FF687
:10A8C000FF71CDE90201CDE90410014613A8CDE9DD
:10A8D0000001224608A8119B1899FBF7F3FF681C9A
:10A8E000C5B2BD42FFF67DAF19B0BDE8F08F10B51F
:10A8F0000446204602F00AFB10BD10B5044620466F
:10A9000002F00DFB10BD2DE9F04781460D46904643
:10A91000484603F033FA0446207DA84222D0E0687E
:10A9200020B1E06802F0F0FB0020E0606900E06820
:10A9300002F048FCE060E06808B900BFFEE7E068AC
:10A9400008B9BDE8F0874846FFF7D7FF0746267DE0
:10A9500004E0E06820F81670701CC6B2AE42F8DB66
:10A96000257500BFC4F81080484603F09BFA00BF6D
:10A97000E7E72DE9F04105460E4617461C463A46E4
:10A980003146284602F00AFB284603F0F7F98046D4
:10A9900088F81540284603F085FABDE8F08170B5C7
:10A9A00005460E4614462146284603F00BFC70BDB2
:10A9B0002DE9F04781460D461446484603F0DEF97E
:10A9C0000746387DA84201DCBDE8F087F86830F919
:10A9D0001500A04200D1F7E74846FFF78EFF8046FA
:10A9E0004846FFF784FF0646B44201DD344602E0E4
:10A9F000444500DA4446F86820F81540484603F01C
:10AA000051FA00BFE0E700002DE9F04180460D4615
:10AA10001646324629464046134B1B689847074660
:10AA2000012F02D03846BDE8F081404603F0A6F978
:10AA300004462DB9E06802F067FB0020E06011E0F9
:10AA4000062D0FD13146002005E051F8202002B933
:10AA500003E0421CD0B20728F7DB00BF03A241F895
:10AA6000202000BF3846DEE7400100206C765F679B
:10AA70006175676500000000F0B589B000BFFBF7A5
:10AA8000C5FC0446FBF7F8FC07466449644803F03C
:10AA9000F7FE6448006808906148BDF820104180C6
:10AAA0006048001D006807905D48BDF81C1081805B
:10AAB0000A2141830821C1835A4808300068069062
:10AAC0005748BDF8181041810321C1860020059028
:10AAD0005348BDF81410018452480C3000680490AB
:10AAE0004F48BDF81010818600213846FFF700FC62
:10AAF0004D490860C82211464B48006803F013FB1B
:10AB00004948474D04682946204603F05BFB00BFD7
:10AB1000454800256426046832462946204602F04E
:10AB20000FFA00BF3F481030006803903F48BDF85F
:10AB30000C1001803B481430006802903B48BDF87F
:10AB4000081041800246022137480068FFF7DBFE0B
:10AB50003748B0F90020002133480068FFF728FF8C
:10AB60005A22012130480068FFF722FF2E485A255B
:10AB700004682946204602F032FA00BF06231F224D
:10AB8000F02129480068FFF7F4FE00200346024642
:10AB9000014600902448006802F04AFB0021384634
:10ABA00000F052FF2349086001212248006801F0AB
:10ABB0001FFD50211F48006803F00FFB01211D48B5
:10ABC000006801F0B5FC1B481B4D0468294620466F
:10ABD00003F0F8FA00BF01211648006801F0BEFC3E
:10ABE0003C2000231A4600900F4801681148006875
:10ABF00002F01EFB11A10F48006801F08CFD01213D
:10AC00000C48006801F054FD002303224FF47A71D0
:10AC10000C4804F0F7F809B0F0BD0000D80300209C
:10AC2000C49E002058750108540100205C010020DA
:10AC300060010020580100209C03002030206B6D33
:10AC40002F68000025FC00082DE9F04107460C465E
:10AC50000FB9BDE8F081384601F086FE064608E0EF
:10AC60003068A04200D1F4E73146384601F081FE59
:10AC70000646002EF4D1E06A30B1204603F079F99F
:10AC800010B1E06A00F0D1F8E762384601F0EFFE5B
:10AC900005460DB900BFFEE705B9DAE72C60384676
:10ACA00001F062FEA84202D1384600F0BEF800BFB3
:10ACB000CFE7000010B50446024A03492046F8F7E2
:10ACC000CDFC10BD73C9000869C900082DE9F04129
:10ACD00006460EB9BDE8F081F46A04B9FAE794F8C3
:10ACE000580000F0010000B1F4E70021204600F018
:10ACF000DEF8204601F038FE054640E02868B04204
:10AD000038D1E068A0B1E168086800221021C36969
:10AD10009847E168002208680D21FFF7FEF9074611
:10AD2000012F00D0D6E7E168086803F0BBF800BF48
:10AD3000E560E068E8B1E168086800220F21C369B6
:10AD40009847A06910B12046A1698847E1680022B0
:10AD500008680C21FFF7E1F90746012F00D0B9E799
:10AD6000E168086803F09EF8E168086804F030FEC6
:10AD700000BF06E02946204601F0FBFD0546002DF8
:10AD8000BCD100BF00BFA5E710B50446024A034985
:10AD90002046F8F763FC10BD89C900089DC900086A
:10ADA000014609B90020704791F85800C0F38000AF
:10ADB000F9E7014609B90020704791F85800C0F33F
:10ADC0004000F9E7014609B900207047C86808B992
:10ADD0000020FAE7C8680068F7E7000010B55C21BA
:10ADE000014801F0E0FD10BD8805002070B5044663
:10ADF0000D46294604F11C0003F042FD94F858006A
:10AE0000C0F3400038B1606960B104F11C01204614
:10AE10006269904706E0206920B104F11C012046D8
:10AE20002269904704F11C0070BD70B5044614F807
:10AE3000580FC0F30015207820F01000103020705B
:10AE400014F85809C0F3C00018B92046FFF732FFC4
:10AE500007E094F85800C0F3C00010B12046FFF797
:10AE600093FF94F8580065F3041084F8580070BDFF
:10AE700073B506463046FFF7A5FF05460DB901201C
:10AE80007CBD01AA11212846EB6998470446012C94
:10AE900001D02046F4E701AA0B212846FFF73DF92F
:10AEA0000446012C01D02046EAE72046E8E72DE9D8
:10AEB000F04104460E46374694F85800C0F340006F
:10AEC000B84201D1BDE8F08194F8580067F3410021
:10AED00084F858002046FFF775FF054685B100222B
:10AEE0000F212846EB699847E168002208680C2189
:10AEF000FFF713F98046B8F1010F00D0E2E700BF79
:10AF0000284602F0CFFF00BFDCE7000070B5064620
:10AF100016480568002423E004EB840005EBC0001C
:10AF20004068B04200D0CEB904EB840005EBC0000D
:10AF3000406828B104EB840105EBC10000F05EFB22
:10AF400004EB840105EBC1002421F5F726F904EB9D
:10AF5000840105EBC1002821F5F71FF9601C84B2BC
:10AF6000034800888442D7DB70BD0000F400002055
:10AF7000B000002070B505461D48006830B10020C3
:10AF8000FFF7C4FF1A48006802F0BEF805EB850120
:10AF9000C80002F093F8164908600846006808B92E
:10AFA00000BFFEE71248006818B900201149088068
:10AFB00070BD10480580002413E004EB84010C4AA6
:10AFC000126802EBC1002421F5F7E7F804EB8401D5
:10AFD000074A126802EBC1002821F5F7DEF8601C71
:10AFE00084B2044800888442E7DB00BFE0E7000049
:10AFF000F4000020B0000020014600200F291DD2DF
:10B00000DFE801F008091C1C0B0E0C1013161911B7
:10B0100014171A0000BF002012E000BF10200FE03C
:10B0200018200DE000BF01200AE000BF022007E069
:10B0300000BF042004E000BF082001E0002000BFA2
:10B0400000BF704770B506460D462C6A4CB12068AB
:10B0500010B1206802F058F8204602F055F80020A0
:10B06000286270BD2DE9F04107460D46144628467A
:10B0700000F016FB0646DEB9287800F01F0104290F
:10B0800001DB0E2902DD0020BDE8F0812868820A7C
:10B09000206862F3942020602868420D206862F3E3
:10B0A0005F5020602878226860F30402226014E078
:10B0B000022E10D10121206861F3942020602068C5
:10B0C000C0F3140000F500102060206820F01F007D
:10B0D0000B30206001E00020D6E70120D4E700001B
:10B0E0002DE9FF4F8DB004460D46914667A00068DC
:10B0F0000C9067A000680B9066A30FCB07AE0FC63D
:10B10000A068008E0690002710E0BDF81800C1B2BC
:10B1100007EB47021A988154BDF81800020A07EBA2
:10B120004700401C1A990A54781C07B210988742AD
:10B13000EBDB00200590217C01F01F00FFF75CFF96
:10B140008246012101FA0AF0401E80B204900026D6
:10B150004FF000084FF0000B207C00F01F000B2880
:10B1600006D00C281AD00D282FD00E284DD143E040
:10B170002069C0F38A20C610208AC0F3822008B15B
:10B18000701C06B206FB09F000EBE500804405F0F8
:10B190000700C0F1070B0CA8059036E02069C0F34A
:10B1A0008A208610208AC0F3812008B1701C06B264
:10B1B00006FB09F000EBA500804405F00300062122
:10B1C000A1EB400B0BA805901FE02069C0F38A207B
:10B1D0004610208AC0F3802008B1701C06B206FB1E
:10B1E00009F000EB6500804405F001000421A1EBAB
:10B1F000800B07A8059008E02069C0F38A2606FBAB
:10B20000095080444FF0000B00BF00BF00200390A6
:10B21000207B20B9606881684144039104E00020EC
:10B22000039011B0BDE8F08F00200290002728E0C5
:10B23000DDE90210415C049800FA0BF0084040FA86
:10B240000BF00190207C00F01F000E2801D1019925
:10B2500002E001990598415C07EB4700801C1A9AAF
:10B260001154ABEB0A004FFA80FBBBF1000F06DA7A
:10B27000CAF108004FFA80FB0398401C0390781C29
:10B2800007B210988742D3DB0120CAE700FF000015
:10B290000055AAFF00112233445566778899AABB4E
:10B2A000CCDDEEFF2DE9FF4F87B004460E469046F9
:10B2B000217C01F01F00FFF79FFE8346012000FA6A
:10B2C0000BF0401E80B206900027B9460025207C76
:10B2D00000F01F00072806D0082819D009282DD013
:10B2E0000A284CD140E02069C0F38A20C710208A88
:10B2F000C0F3822008B1781C07B207FB08F000EB0E
:10B30000E6000544083506F00700C0F1070936E0FD
:10B310002069C0F38A208710208AC0F3812008B1F9
:10B32000781C07B207FB08F000EBA60005441035B7
:10B3300006F003000621A1EB400920E02069C0F3DC
:10B340008A204710208AC0F3802008B1781C07B2F9
:10B3500007FB08F000EB66000544403506F00100ED
:10B360000421A1EB80090AE02069C0F38A2707FBCA
:10B370000860054405F580654FF0000900BF00BF77
:10B38000206A059000200490207B20B960688168C5
:10B390002944049104E0002004900BB0BDE8F08F34
:10B3A00000200390149801904FF0000A25E0DDE999
:10B3B0000310415C069800FA09F0084040FA09F0D1
:10B3C000029005980168029801EB4001019800EB9A
:10B3D0004A0009880180A9EB0B004FFA80F9B9F106
:10B3E000000F06DACBF108004FFA80F90498401CF0
:10B3F00004900AF101000FFA80FA0A988245D6DB20
:10B400000120CAE730B50546039C002030BD2DE978
:10B41000FC5F80460C46207B012802D10020BDE85D
:10B42000FC9F207C00F01F05042D03D0052D01D0CA
:10B43000062D0AD1207B20B96068806860610120F8
:10B44000EDE7002060610120E9E7072D05D0082D18
:10B4500003D0092D01D00A2D5AD12846FFF7CCFD83
:10B460008146012000FA09F7206A60B9042001F042
:10B4700025FE2062206A18B9206A08B900BFFEE7DD
:10B480000021206A0160266A780001F017FE306012
:10B49000207B012801D10020C1E762689168002269
:10B4A00010462EE001EB800A9AF8022001EB800A98
:10B4B0009AF8013011F820C04FEADC0BBDF800A06B
:10B4C0006BF3040ACDF800A04FEA930BBDF800A07F
:10B4D0006BF34A1ACDF800A04FEAD20BBDF800A0DA
:10B4E0006BF3CF2ACDF800A0BDF800B0DA46CDF856
:10B4F00004A0326802EB4002BDF804301380421C05
:10B500001046B842CED300BF00206061012086E71C
:10B510000B2D05D00C2D03D00D2D01D00E2D03D1F8
:10B520000020606101207AE721464046FFF78AFD4E
:10B53000002074E72DE9F84F82460C4616461F4658
:10B54000DDE90A854FF00009207C00F01F00042887
:10B5500009D0207C00F01F00052804D0207C00F0DA
:10B560001F0006280BD1207B012845D143463A46CF
:10B57000314620460095FFF745FF81463CE0207CA0
:10B5800000F01F000B280ED0207C00F01F000C28BC
:10B5900009D0207C00F01F000D2804D0207C00F092
:10B5A0001F000E2808D143463A46314620460095F2
:10B5B000FFF796FD81461FE0207C00F01F00072862
:10B5C0000ED0207C00F01F00082809D0207C00F05D
:10B5D0001F00092804D0207C00F01F000A2808D191
:10B5E00043463A46314620460095FFF75BFE8146CA
:10B5F00002E00020BDE8F88F4846FBE710B504469E
:10B60000206830B12068C06818B120682146C2683F
:10B61000904710BD10B5084801F0D0F904460CB9A8
:10B6200000BFFEE70CB9002010BD00202060606064
:10B63000A060E0602046F7E79405002010B51021D7
:10B640000E4801F0B0F9FFF7E5FF04461CB90CB94C
:10B6500000BFFEE710BD0A49204600F01BF809496B
:10B66000204600F019F80849204600F017F807496D
:10B67000204600F00DF800BFECE700009405002024
:10B6800065B000080FB4000835B5000845B00008E3
:10B69000C1607047016070474160704781607047CA
:10B6A0000146032001B970470A461378202B04DBBA
:10B6B00013787F2B01DC012005E01378802B01DB60
:10B6C000022000E0002000BFEDE710B504461C2179
:10B6D0002046F4F762FD002020700A202075142017
:10B6E00060754FF4C870E0826420208310BD0000B4
:10B6F00070B50546E86810B9FAF788FEE860E868B2
:10B7000008B9002070BD134801F058F9044624B967
:10B710000CB900BFFEE70020F4E75C212046F4F7F7
:10B720003CFD1C2229462046F4F71EFD94F84C00EF
:10B7300020F00200801C84F84C0000202065606529
:10B74000A065234603221E21034803F05BFB206112
:10B750002046D7E758050020CDB70008014800680B
:10B76000704700007000002010B504461CB9044862
:10B7700001F0FAF810BD2146014801F0FAF8F9E7A6
:10B780005805002010B5002000F0A2F810BD70B5DB
:10B7900004460D460026002028606860A860E86026
:10B7A0002078012804D1208C2880608C688004E0F7
:10B7B0002078022801D1606A6860606820B129465B
:10B7C0002046626890470646304670BD7FB5044605
:10B7D0003D49E068086008460068C06800B97FBD60
:10B7E00039480068F9F794F93748006890F84C0038
:10B7F000C0F3800000B1F2E700BF6946324800683C
:10B80000FFF7C5FF054630480068F9F781F90020C9
:10B810002E4908609DF80E002B49096808772A48D0
:10B820000068007F012807D103F0B8FC26490968A9
:10B83000C968C1F860010EE0234800680078042858
:10B8400009D1BDF80C0030B103F0A8FC1E4909680D
:10B85000C968C1F860011C4800680078012805D15A
:10B86000694619480068F8F735FE1FE01648006879
:10B870000078022805D1694613480068F8F7ACFC47
:10B8800014E0114800680078042805D169460E4884
:10B890000068F8F7E3FA09E00B480068007803282D
:10B8A00004D1694608480068F8F7C8F806480068F7
:10B8B000F9F72EF9002DA0D10020034908600349B3
:10B8C000086000BF8BE700007000002074000020BB
:10B8D00070B504463CB194F84C0020F00200801C86
:10B8E00084F84C0012E00020FFF73EFF05460AE016
:10B8F00095F84C0020F00200801C85F84C0028468A
:10B90000FFF732FF0546002DF2D100BF70BD0000E9
:10B9100010B51248007800B110BD01F03FFC03F0F3
:10B9200065FAFAF733FAFFF759FA02F0B3FF02F0BB
:10B9300050FE4FF4B2710A4801F035F85C21094815
:10B9400001F031F8FFF71EFFFFF778FE0120FFF747
:10B9500011FB01200149087000BFDDE778000020DD
:10B960004C050020580500202DE9FF4104460F46F4
:10B9700014B9FAF74BFD04460CB9BDE8FF811FB9B5
:10B980000020C4F85C01F8E70020ADF80800ADF82D
:10B990000A002046FAF740FD401E00B2ADF80C0048
:10B9A0002046FAF774FD401E00B2ADF80E0002AA60
:10B9B00039466846FAF7E2FA0646EEB3206918B14E
:10B9C000694620462269904700250AE004F13C00C0
:10B9D00000EBC5016846FAF712FB00B1CDE7681C21
:10B9E00085B2B4F85C01C0F30900A842EEDCB4F8FB
:10B9F0005C01C0F3090020280BDAB4F85C11C1F334
:10BA0000090204F13C0101EBC2006946FAF763FA4E
:10BA10000DE00020C4F85C01B4F85C11C1F3090228
:10BA200004F13C0101EBC20002A9FAF754FAB4F8A0
:10BA30005C01C0F3090000E003E0401CC4F85C01B5
:10BA400000BF00BF99E700002DE9F04780460F4690
:10BA50003946404601F04CFF06460EB900BFFEE7EE
:10BA600016B90020BDE8F0876748006820B9304665
:10BA700002F0BCF9644908601421304601F02DFF42
:10BA8000304602F07BF904460CB900BFFEE70CB962
:10BA90000020E7E700202060207C20F008002074D0
:10BAA000207C20F040002074607C20F00100607455
:10BAB000207C20F0300020744FF6FF702081207C25
:10BAC00020F0070020741920E0810020608100210F
:10BAD000A1816060607C20F0020060744B493046B8
:10BAE00002F0BFFA4A49304602F01BFB97B9002129
:10BAF000304602F0ADFA0021304600F079FD45A154
:10BB0000304600F008FE00252946304602F05AFB78
:10BB100000BF76E0384602F031F90546384600F0BD
:10BB2000AFFA81464946304600F062FD384600F0E3
:10BB3000B1FA81464946304600F0BAFD384600F079
:10BB4000BDF981464946304600F008FD384600F010
:10BB5000ABF981464946304600F0EAFC287CC0F348
:10BB6000C00040B9384600F09FFA81464946304649
:10BB700000F0D1FD07E0384600F096FA81464946CC
:10BB8000304600F0ABFD287C00F00700022819D1F8
:10BB9000286801F0F3FA81464946206801F012FB5B
:10BBA0002060206808B900BFFEE7206808B90020BF
:10BBB00058E7286801F0E2FA814629684A46206879
:10BBC000F4F7D2FA687CC0F3400060B1686850B105
:10BBD0006868F4F7EDFA81461FFA89F23046616829
:10BBE00000F0D5FC01E068686060687C4108607C1A
:10BBF00061F34100607428892081304602F01AFA0E
:10BC000000BF30462EE70000440100201DBC0008A4
:10BC1000B1C7000854657874000000002DE9F74FA3
:10BC20008CB080461746022F03D100200FB0BDE82C
:10BC3000F08F002F7ED1404602F0DCF805464046EA
:10BC400002F0B0F809900AA9404602F045F84046D3
:10BC500002F097F808900898FFF7B4F8404505D12E
:10BC60002A460AA8099B0D99FBF75CFC404602F0A6
:10BC700085F80446607C00F0010050B306A94046F8
:10BC800002F02AF8BDF81810688B081A00B2ADF857
:10BC90001800BDF81C10A88B084400B2ADF81C00B9
:10BCA000BDF81A10E88A081A00B2ADF81A00BDF8FB
:10BCB0001E10288B084400B2ADF81E00404602F06A
:10BCC00071F8824653462A4606A80D99FBF72AFCCE
:10BCD00000BF0026207CC0F3801008B146F00106AA
:10BCE000207CC00908B146F00206207CC0F3011098
:10BCF000012801D146F00406207CC0F3011002287F
:10BD000001D146F00806207C00F00700032804D08B
:10BD1000207C00F00700042824D1207CC0F301100F
:10BD2000012804D0207CC0F3011002281AD147F664
:10BD3000184100E0A0E0B5F92A008DE84300B5F90C
:10BD400028306A6A07A8216803F00EFB404602F01B
:10BD500089F8BDF91C10884203DA26F0080626F09F
:10BD6000040600BF4FF00009404600F0A5F98246E6
:10BD7000404600F0A5F9834604F10A00CDE903BA74
:10BD8000CDF8149002902068CDE900062A460AA852
:10BD9000099B0D99FAF796FD207C00F00700042816
:10BDA00069D147F61841B5F92A008DE84300B5F985
:10BDB00028306A6A07A8216803F0D6FA404602F0E4
:10BDC00051F8BDF91C10884228DA20221146686A11
:10BDD000FEF777FA00EB40006189BDF81C201144A2
:10BDE000084400B2ADF81800A089ADF81A0040462A
:10BDF00000F062F98246404600F062F98346002076
:10BE000006A9CDE903BA029105902068CDE90006A4
:10BE10002A460AA8099B0D99FAF754FD404601F0FD
:10BE2000B3FFBDF91E10884224DA6089ADF818000E
:10BE3000686AFEF759FAA189BDF81E20114408442A
:10BE400000B2ADF81A00404600F036F9824640468E
:10BE500000F036F98346002006A9CDE903BA029125
:10BE600005902068CDE900062A460AA8099B0D998D
:10BE7000FAF728FD00BF00BF0120D7E670B50546E0
:10BE8000284601F07BFF0446607CC0F3400020B1EF
:10BE9000606810B1606801F037F9607C20F0020042
:10BEA00060740020606070BD70B50446204601F0EB
:10BEB00065FF0546287CC0F3011070BD70B50446CF
:10BEC000204601F05BFF0546687C00F0010070BD74
:10BED00070B50546284601F051FF0446607CC0F36A
:10BEE000400008B1606870BD201DFCE72DE9F34FEC
:10BEF0008DB08B460D9800F0D7F804460D9801F0F0
:10BF00003DFF07464FF0000800250D9801F0AAFFFD
:10BF10000C900D9801F06EFF8146D9F824000B902B
:10BF20000B98FEF7E1F90A90002009900026387C72
:10BF3000C0F3801008B146F00106387CC00908B192
:10BF400046F00206387CC0F30110012801D146F00A
:10BF50000406387C00F0070010B947F618400C9032
:10BF60001AE00096B9F9282004EB0800DDE90B136C
:10BF700003F06AF90544BBF90220DDE90901084430
:10BF8000824200DC0CE0B9F82A100A9801440998B2
:10BF9000084400B20990A84614F808000028E0D12F
:10BFA00000BF4FF0000A387CC0F3011001281CD1FB
:10BFB0000096B9F92830A5EB080291B204EB08000D
:10BFC0000B9A03F037FA03900D9801F04BFF0190A4
:10BFD00000EBD07041100398029000EBD070A1EB01
:10BFE000600050440FFA80FA00BF00200890CDF89E
:10BFF0001C8007980690ADB330E007A920461E4A82
:10C000001268904705900799601800211A4A126833
:10C010009047049006F0010030B10798215C08A811
:10C0200003F050FA00B119E0DDE904210B98FEF7A6
:10C0300048F950440FFA80FABBF90000504502DB82
:10C040000798A84202D1069807900AE0B9F828009C
:10C0500050440FFA80FA0798069000BF0798A8424C
:10C06000CBD300BF2046054A07991268904780B29B
:10C070000FB0BDE8F08F000028010020340100203F
:10C0800070B50446204601F079FE0546287C00F094
:10C09000070070BD70B50446204601F06FFE0546EE
:10C0A000287CC0F3801070BD70B50446204601F0B6
:10C0B00065FE0546286870BD01464FF6FF70704763
:10C0C00001464FF6FF7070472DE9F04F8BB0804668
:10C0D000404601F053FE0446206810B90BB0BDE89D
:10C0E000F08F404601F0BEFE0A90404601F082FE0D
:10C0F0000546D5F82490207C00F0070010B947F6DB
:10C1000018400A900027207CC0F3801008B147F047
:10C110000107207CC00908B147F00207B5F92A10D1
:10C120000A98CDE901070091B5F928304A4609A8D7
:10C13000216803F019F9207C00F0070038B9BDF937
:10C140002620BDF92410404601F0EDFFA0E1207C3F
:10C1500000F0070003287AD1CDF800809DF8200078
:10C1600020F00200801C8DF820009DF8200020F0B7
:10C170000100401C8DF82000002004900390C74867
:10C18000029020221146686AFEF79BF8B5F9281044
:10C1900008444FF47A714843E18990FBF1F000EBD9
:10C1A000400080B2ADF81C00BDF81C00ADF81E00C8
:10C1B000BDF81C00404200B2ADF81A00002640460F
:10C1C00001F050FEBDF92410884216DA404601F015
:10C1D00049FEBDF92410401A0590B1480190059B15
:10C1E0001AB2049B19B2E089F9F758FEADF81800AD
:10C1F0006846F9F7E1FD012605E0A9494046F9F74F
:10C2000007FE00206081404601F0BEFDBDF926100A
:10C2100088421DDAE6B9404601F0B6FDBDF92610A8
:10C22000A0EB010A4846FEF75FF8AAEB0000059074
:10C230009C480190059B1AB2049B19B2E089F9F75A
:10C240002DFEADF818006846F9F7B6FD06E006E0E9
:10C2500094494046F9F7DCFD0021A18118E1207CDA
:10C2600000F0070004287ED1CDF800809DF8200062
:10C2700020F00200801C8DF820009DF8200020F0A6
:10C2800001008DF820000020049020221146686AE9
:10C29000FEF717F8B5F9281008444FF47A714843AF
:10C2A000E18990FBF1F0404200EB400000B2ADF8B4
:10C2B0001A0000200390794802900020ADF81C007D
:10C2C000ADF81E000026404601F0CCFDBDF924105B
:10C2D00088421BDA202211464846FDF7F2FF00EBA8
:10C2E0004000BDF924104942081A05906C4801909D
:10C2F000059B1AB2049B19B2E089F9F7CFFDADF89E
:10C3000018006846F9F758FD012605E064494046E3
:10C31000F9F77EFD00206081404601F035FDBDF952
:10C320002610884218DABEB94846FDF7DDFFBDF990
:10C3300026104942081A05905A480190059B1AB2E6
:10C34000049B19B2E089F9F7A9FDADF81800684619
:10C35000F9F732FD06E006E052494046F9F758FD8C
:10C360000021A18194E0207C00F00700022871D117
:10C37000404601F009FDBDF92610884203DB4FF667
:10C38000FF70208184E048492068096888470328B5
:10C3900003D84FF6FF7020817AE0404601F062FD3D
:10C3A00083462E221146686AFDF78BFF298D0844CB
:10C3B00000EB4000ABEB000000B2ADF820004046BF
:10C3C00001F0E2FCADF82200686AFDF78DFFB5F9D7
:10C3D0002A100144BDF9220090FBF1F201FB12008A
:10C3E000BDF82210081A00B2ADF82200BDF82210E4
:10C3F000688D081A00B2ADF8220008A94046FFF780
:10C4000075FD07902068294A0799126890470690A1
:10C41000DDF818A00020059000260FE02168069A9C
:10C42000881823490968884705990844C0B20590CF
:10C4300006A9204A206812689047761C032EEDD981
:10C44000206800EB0A014046059A00F0A0F890B180
:10C45000002606E010E02E200AEB06022168885430
:10C46000761C032EF7D300210AF103002268115431
:10C470000798C01C20810BE0207C00F007000128F9
:10C4800005D1BDF92610404601F0EDFD00E000BFEA
:10C49000404601F007FD00BF20E60000695E00088D
:10C4A00081C6000899C6000838010020300100202C
:10C4B0001C010020280100202DE9F0478146484654
:10C4C00001F05CFC0446207C00F00700022801D04B
:10C4D000BDE8F08720894FF6FF71884200D1F7E769
:10C4E0002089A0F103084146104A2068126890474D
:10C4F000064600254846FFF7EBFC074605E0785D59
:10C50000721921688854681CC5B271192068405C92
:10C510000028F4D1785D7219216888544846FFF7E5
:10C52000ADFC4FF6FF70208100BFD1E73001002045
:10C5300070B506460C46304601F020FC0546287CC6
:10C54000C0F30110A04200D170BD287C64F3051037
:10C550002874304601F0A6FC00BFF5E770B506462A
:10C560000C46304601F00AFC0546687C00F00100EC
:10C57000A04200D170BD687C64F30000687430464E
:10C5800001F04BFD304601F08DFC00BFF2E72DE9D4
:10C59000F04106460F461546304601F0EFFB0446D3
:10C5A0003046FFF76BFC042D16D9681C00F086FDA1
:10C5B0006060606810B90020BDE8F0812A46394605
:10C5C0006068F3F7D1FD002061684855607C20F079
:10C5D0000200801C607408E0607C20F0020060743F
:10C5E0002A463946201DF3F7BFFD0120E4E700008D
:10C5F00070B506460D46304601F0C0FB04461C49A6
:10C600003046F9F705FC1B493046F9F701FC1A4999
:10C610003046F9F7FDFB19493046F9F7F9FB0020E0
:10C6200060810021A181032D03D0042D01D0052DAF
:10C6300005D1207C20F080008030207403E0207C35
:10C6400020F080002074207C00F00700022807D131
:10C6500020894FF6FF71884202D03046FFF72CFF49
:10C66000207C65F3020020743046FFF72DFD70BD7D
:10C67000F5E100080FE2000881C6000899C600082D
:10C6800070B505460C46284601F078FB06467481D5
:10C69000284601F007FC70BD70B505460C462846DB
:10C6A00001F06CFB0646B481284601F0FBFB70BD2F
:10C6B00070B506460C46304601F060FB0546287C06
:10C6C000C0F38010A04200D170BD287C64F38610B6
:10C6D00028743046FFF7F8FC00BFF5E770B5064652
:10C6E0000D46304601F04AFB0446207CC0F3C000F2
:10C6F00030B9206820B1206800F006FD00202060DD
:10C700002DB1207C20F008000830207425603046D0
:10C71000FFF7DAFC70BD2DE9F04106460D463046C4
:10C7200001F0C0FB304601F029FB044625B9304634
:10C73000FFF7CAFCBDE8F0812068A8420FD120684D
:10C74000F3F736FD471C3946206800F03BFD2060BA
:10C75000206808B900BFFEE7206818BBEAE7284652
:10C76000F3F726FD471C206840B1207CC0F3C000D1
:10C7700020B9206800F0C8FC00202060384600F096
:10C780009DFC2060206808B900BFFEE7206800B962
:10C79000D0E729462068F3F712FD207C20F008003E
:10C7A000207400BF3046FFF78FFC00BFC2E70000D7
:10C7B0002DE9F04704460E46904642463146204653
:10C7C000494B1B6898478146B9F1010F02D0484692
:10C7D000BDE8F087204601F0D1FA074666B9387CFB
:10C7E000C0F3C00020B9386800F08EFC002038602B
:10C7F0002046FFF743FB74E0042E06D12046FFF7E6
:10C800005BFE2046FFF760FC6BE0022E1AD104F1BC
:10C810001000F9F7ACFB05464046F9F7A8FB854246
:10C8200009D104F11000F9F76EFB05464046F9F70F
:10C830006AFB854255D02046FFF73EFE2046FFF7B3
:10C8400043FC4EE0052E3AD1787C00F00100002830
:10C8500047D000BF204601F0CDFA0546B4F93410A8
:10C86000B5F91A00814202DDB4F9340001E0B5F9EE
:10C870001A00A086B4F93410B5F91C00814202DD1B
:10C88000B4F9340001E0B5F91C00A086B4F9341005
:10C89000B5F91600814202DDB4F9340001E0B5F9C2
:10C8A0001600A086B4F93410B5F91800814202DDF3
:10C8B000B4F9340001E0B5F91800A08611E0062EA5
:10C8C0000FD14146002005E051F8202002B903E0D5
:10C8D000421CD0B20728F7DB00BF04A241F8202099
:10C8E00000BF484674E70000440100206C765F6C8E
:10C8F0006162656C000000002DE9F04107460C46BE
:10C9000015461E462946384600F015F9AEB10022FC
:10C910002946204603F046F829462046626803F07F
:10C9200029F8606820B12A462046616803F03AF889
:10C930006560A068B0B9A56014E029462046A268E9
:10C9400003F030F800222946204603F013F8A068CF
:10C9500020B12A462046A16803F00CF8A560606863
:10C9600000B96560BDE8F0810146002001B148686A
:10C97000704710B5024600202AB10B461468241DEA
:10C980001C44206800BF10BD10B50246002022B133
:10C990000B4614681C44206800BF10BD01460020EF
:10C9A00001B18868704700224260826001F0030292
:10C9B00012B121F00301091D0160704770B50446F2
:10C9C000216801F1080000F079FB0546A5B10022BD
:10C9D0002946204602F0E6FF29462046626802F01A
:10C9E000C9FF606820B12A462046616802F0DAFF7C
:10C9F0006560A06800B9A560284670BD2DE9F041CA
:10CA000006460D4606B115B90020BDE8F081304656
:10CA1000FFF7AAFFA84206D13046FFF7CFFF044632
:10CA20001CBB0020F1E7316801F1080000F046FB73
:10CA300004460CB90020E8E729463046FFF7A4FF7A
:10CA4000074622463946304602F094FF3A462146D0
:10CA5000304602F0A7FF22462946304602F0A2FFE8
:10CA60002A462146304602F085FF2046CDE770B5C4
:10CA70000446216801F1080000F020FB05460DB9CD
:10CA8000002070BDA5B100222946204602F072FFA9
:10CA900029462046A26802F085FFA06820B12A46F8
:10CAA0002046A16802F066FFA560606800B9656075
:10CAB0002846E6E7014609B901207047486818B9D9
:10CAC000886808B90120F8E70020F6E72DE9F04171
:10CAD00007460D461646B54201D1BDE8F0812EB19C
:10CAE00031463846FFF750FF044603E03846FFF76B
:10CAF00055FF0446A54200D1EFE72946384600F02D
:10CB00001AF82A462146384602F034FF22462946C2
:10CB1000384602F047FF2A463146384602F042FFC7
:10CB200032462946384602F025FF06B9BD6004B9F1
:10CB30007D6000BFD1E72DE9F04104460D46204657
:10CB4000FFF712FFA8420FD129462046FFF711FF39
:10CB50006060606810B90020A0602FE000222046CD
:10CB6000616802F01FFF29E02046FFF717FFA84287
:10CB70000FD129462046FFF707FFA060A06810B933
:10CB8000002060601AE000222046A16802F0F2FE58
:10CB900014E029462046FFF7F7FE064629462046C0
:10CBA000FFF7E7FE07463A463146204602F0E2FE2E
:10CBB00032463946204602F0F5FE00BFBDE8F0815E
:10CBC00001460022002901DA01224942C1F3001086
:10CBD00000EB611102B1494208B270472DE9F04102
:10CBE00080460E463146404600F082FE07460FB9A9
:10CBF00000BFFEE717B90020BDE8F08127480068B4
:10CC000020B9384601F0F2F8244908600A21384674
:10CC100000F063FE04460CB900BFFEE70CB900202B
:10CC2000EAE70020E080642020810020A080152019
:10CC3000A070F02020801A49384601F072FA194994
:10CC4000384601F00EFAA6B93C221146384601F0EA
:10CC50006AFA02F089FA05462DB100213846AA6E1B
:10CC600000F0B4F904E0104A0021384600F0AEF9B3
:10CC700011E0304601F082F8054628882080A87827
:10CC8000A070E888E08028892081A888A0803846A4
:10CC900001F0D0F900BF3846AEE70000480100209F
:10CCA0002DD00008ADCC0008D80300202DE9F74FA7
:10CCB000A0B081469246BAF1020F03D1002023B002
:10CCC000BDE8F08FBAF1000F7ED1484601F056F86A
:10CCD0000446484601F08EF80546484601F062F8E1
:10CCE0001F90294610A801F0CBFD484601F049F8F5
:10CCF0000F900F98FEF766F8484505D110A8C08E32
:10CD0000401C01B210A8C186484601F0ABF80B9058
:10CD100000EBD0704610688B301A0FFA80F8B8F12B
:10CD2000010F01DA4FF00108484601F09BF80B9023
:10CD300000EBD070B9F8101001EB60000FFA80FB27
:10CD4000484601F021F80B9000EBD0704110B9F883
:10CD50001200084400B20E902188C1F5B47000EBB7
:10CD6000D07149105A3109B20D91B4F90400B4F9E7
:10CD70000610401AA1784843B4F90810B4F9062007
:10CD8000891A90FBF1F000B20C906888ADF874003D
:10CD9000700106B24FEA48100FFA80F80027ADE0A4
:10CDA00020887843A178491E90FBF1F10D98084442
:10CDB00000B20B900B9802F00FFA7043C01300B250
:10CDC0000A900B985A3000E09DE000B202F004FA9D
:10CDD0007043C01300B209900B9802F0FDF900FBFC
:10CDE00008F0C01300B208900B985A3000B202F05D
:10CDF000F3F900FB08F0C01300B207900998FFF7A1
:10CE0000DFFE09900798FFF7DBFE07900A98FFF70F
:10CE1000D7FE0A900898FFF7D3FE08900798584469
:10CE200000B2ADF814000E990898084400B2ADF8AD
:10CE300016000998584400B2ADF818000E990A98E7
:10CE4000084400B2ADF81A000C98874203DBA88EA4
:10CE5000ADF8740048E0A988029169880391C7EB96
:10CE60000721A27891FBF2F1C8B2BDF80C10C90AF3
:10CE7000C0F1FF025143BDF80820D20A02FB0011A5
:10CE80000A0ABDF8041062F3CF210191BDF80C101D
:10CE9000C1F34511C0F1FF025143BDF80820C2F3B0
:10CEA000451202FB00110A0ABDF8041062F34A1190
:10CEB0000191BDF80C1001F01F01C0F1FF025143B8
:10CEC000BDF8082002F01F0202FB00110A0ABDF89B
:10CED000041062F304010191BDF80420114604918D
:10CEE000BDF81000ADF874001F9810AB009005A9B4
:10CEF00006A8219AFAF70EF9781CC7B2A078B842B2
:10CF00003FF74EAF00E000BF0120D8E670B5044601
:10CF1000204600F033FF0546B5F9080070BD70B536
:10CF20000446204600F02AFF0546B5F9060070BD0C
:10CF300070B50446204600F021FF0546288870BDE4
:10CF40002DE9F04107460D461646384600F016FF1B
:10CF50000446B4F90600A84205D1B4F90800B0426D
:10CF600001D1BDE8F0812681E580B4F90400B0422A
:10CF700005DDA680B4F90410384600F030F8B4F9A5
:10CF80000400A84205DAA580B4F90410384600F080
:10CF900026F8384600F086FF00BFE2E72DE9F041B1
:10CFA00007460D461646384600F0E8FE044620883F
:10CFB000A84204D1A078B04201D1BDE8F08125801B
:10CFC000A670384600F06EFF00BFF6E770B5054664
:10CFD0000E4614462146284601F0F4F870BD70B59F
:10CFE00006460D46304600F0C9FE0446B4F904007A
:10CFF000A84200D170BDB4F90800A84202DAB4F921
:10D00000080000E02846A080B4F90400B4F9061036
:10D01000884202DAB4F9060001E0B4F90400A08005
:10D02000304600F03FFF00BFE4E700002DE9F0418B
:10D0300004460D4616463246294620461B4B1B68C1
:10D0400098470746012F02D03846BDE8F0815DB30E
:10D05000042D03D1204600F0E0FF25E0052D11D17D
:10D0600000BF204600F0C6FE8046B4F93410B8F97F
:10D070003600814202DDB4F9340001E0B8F936002F
:10D08000A08611E0062D0FD13146002005E051F8B1
:10D09000202002B903E0421CD0B20728F7DB00BF12
:10D0A00003A241F8202000BF3846CEE74801002007
:10D0B0006C765F6C6D6574657200000070B5044637
:10D0C0000CB9104870BD04F0030010B124F0030443
:10D0D000241D0025002600BF3046F6F781FA0646DB
:10D0E00026B121463046F6F763FA05460EB1002D0B
:10D0F000F2D025B1AA2221462846F3F747F8284660
:10D10000E0E70000040100202DE9F04106461A483E
:10D11000864201D1BDE8F08106B9FBE7304600F058
:10D120002DF80746BB2239463046F3F72FF8341F57
:10D13000206820F0010020602046F6F751FA0546ED
:10D1400014E0287800F0010058B90421286801EBA8
:10D150005000216800EB5101206861F35F002060FE
:10D1600000E005E02846F6F73BFA0546002DE8D139
:10D1700000BF00BFCEE7000004010020014609B94E
:10D18000002070470448814201D10020F9E70A1FBE
:10D1900010684008F5E70000040100200749084A2C
:10D1A000116011460868016821F00101016043F631
:10D1B000FC72016862F35F0101607047A005002006
:10D1C000000100202DE9F04104460E4634B1201F35
:10D1D000017801F0010101B9002400BF2046FFF7EA
:10D1E000CDFF0546B54202D12046BDE8F081AE42F2
:10D1F00008D2A4F1040831464046F6F709FA08F1CE
:10D200000400F2E73046FFF759FF074677B16CB1EB
:10D2100065B1AE4201D2304600E0284602462146C2
:10D220003846F2F7A1FF2046FFF76EFF3846DCE7ED
:10D230002DE9F04F87B004460D4616461F46DDF82F
:10D2400040B0204600F016FE8046204600F01EFE4C
:10D2500081461DB9204600F0B9FD0546152E2ED297
:10D26000DFE806F00B2E324653607C91A5C1CAE27E
:10D27000FCFAF9F8F7F6F5F4F300284600F0F2FDB1
:10D28000019000EBD0704310204600F0EBFD0290BF
:10D2900000EBD070A3EB60000FFA80F8284600F096
:10D2A00073FD019000EBD0704310204600F06CFD40
:10D2B000029000EBD070A3EB60000FFA80F957E109
:10D2C0004FF00008C14653E1284600F0CBFD019025
:10D2D00000EBD0704310204600F0C4FD029000EB3C
:10D2E000D070A3EB60000FFA80F84FF000093FE127
:10D2F000284600F0B7FD0346204600F0B3FD181A9B
:10D300000FFA80F84FF0000932E14FF0000828468C
:10D3100000F03AFD0346204600F036FD181A0FFAD9
:10D3200080F925E1284600F09DFD019000EBD070CA
:10D330004310204600F096FD029000EBD070A3EB66
:10D3400060000FFA80F8284600F01EFD03462046D4
:10D3500000F01AFD181A0FFA80F909E1284600F0CA
:10D3600081FD0346204600F07DFD181A0FFA80F873
:10D37000284600F009FD0346204600F005FD181A76
:10D380000FFA80F9F4E04FF00008284600F0FCFCAA
:10D39000019000EBD0704310204600F0F5FC0290A5
:10D3A00000EBD070A3EB60000FFA80F9E0E02846B4
:10D3B00000F058FD0346204600F054FD181A0FFAFD
:10D3C00080F8284600F0E0FC019000EBD07043109C
:10D3D000204600F0D9FC029000EBD070A3EB600077
:10D3E0000FFA80F9C4E04FF00008204600F0CCFCB2
:10D3F00040420FFA80F9BBE0284600F033FD01906F
:10D4000000EBD0704310204600F02CFD029000EBA2
:10D41000D070A3EB60000FFA80F8204600F0B4FC57
:10D4200040420FFA80F9A3E0284600F01BFD0346B6
:10D43000204600F017FD181A0FFA80F8204600F079
:10D44000A3FC40420FFA80F992E082E06BE063E0D7
:10D4500051E038E02EE01EE007E0FFE74FF0000863
:10D46000284600F091FC814682E0284600F0FAFC54
:10D47000019000EBD0704310204600F0F3FC0290C6
:10D4800000EBD070A3EB60000FFA80F8284600F0A4
:10D490007BFC81466CE0284600F0E4FC0346204615
:10D4A00000F0E0FC181A0FFA80F8284600F06CFC37
:10D4B00081465DE0204600F0D5FC40420FFA80F83E
:10D4C0004FF0000954E0204600F0CCFC40420FFA37
:10D4D00080F8284600F058FC019000EBD070431013
:10D4E000204600F051FC029000EBD070A3EB6000EE
:10D4F0000FFA80F93CE0204600F0B4FC40420FFAFD
:10D5000080F8284600F040FC0346204600F03CFC32
:10D51000181A0FFA80F92BE0284600F0A3FC804689
:10D520004FF0000924E0284600F09CFC8046284685
:10D5300000F02AFC019000EBD0704310204600F070
:10D5400023FC029000EBD070A3EB60000FFA80F98F
:10D550000EE0284600F086FC8046284600F014FCC9
:10D560000346204600F010FC181A0FFA80F900BF9D
:10D5700000BF204600F02AFC8246B5F91000069054
:10D58000B5F912000590BAF910000490BAF912002A
:10D5900003900698384440440FFA80F805985844A0
:10D5A00048440FFA80F90498A8EB00000FFA80F8BD
:10D5B0000398A9EB00000FFA80F94A46414620463D
:10D5C00000F05EFD40200655A787A4F83EB0A56395
:10D5D0004120005D20F002014120015507B0BDE867
:10D5E000F08F2DE9F04F85B006460F4690469946DC
:10D5F000304600F03FFC8246304600F047FC834650
:10D60000304600F02FFC034600EBD3704410304648
:10D6100000F0BAFB034600EBD37045101FB930464B
:10D6200000F0D4FB0746B8F1150F20D2DFE808F070
:10D630000B2027353F495A6775868D9BA5AFC0CD16
:10D64000D4E2EFF9EC00384600F00CFC034600EBA6
:10D65000D370C4EB60000FFA80FA384600F094FBF8
:10D66000034600EBD370C5EB60000FFA80FBF6E0D9
:10D6700060420FFA80FA68420FFA80FBEFE038460A
:10D6800000F0F0FB034600EBD370C4EB60000FFA30
:10D6900080FA68420FFA80FBE1E0384600F0E2FBD6
:10D6A000001B0FFA80FA68420FFA80FBD7E0604255
:10D6B0000FFA80FA384600F067FB401B0FFA80FB38
:10D6C000CDE0384600F0CEFB034600EBD370C4EB50
:10D6D00060000FFA80FA384600F056FB401B0FFA44
:10D6E00080FBBCE0384600F0BDFB001B0FFA80FA5F
:10D6F000384600F049FB401B0FFA80FBAFE0604268
:10D700000FFA80FA384600F03FFB034600EBD37077
:10D71000C5EB60000FFA80FBA1E0384600F0A2FBE9
:10D72000001B0FFA80FA384600F02EFB034600EB90
:10D73000D370C5EB60000FFA80FB90E060420FFAF7
:10D7400080FA68420FFA80FB89E0384600F08AFBD5
:10D75000034600EBD370C4EB60000FFA80FA684216
:10D760000FFA80FB7BE0384600F07CFB001B0FFAD1
:10D7700080FA68420FFA80FB71E060420FFA80FA8B
:10D78000384600F001FB401B0FFA80FB67E038468B
:10D7900000F068FB034600EBD370C4EB60000FFAA7
:10D7A00080FA384600F0F0FA401B0FFA80FB56E092
:10D7B000384600F057FB001B0FFA80FA384600F09D
:10D7C000E3FA401B0FFA80FB49E060420FFA80FA4F
:10D7D00068420FFA80FB42E060420FFA80FA384656
:10D7E00000F0D2FA034600EBD370C5EB60000FFAED
:10D7F00080FB34E060420FFA80FA384600F0C4FA49
:10D80000401B0FFA80FB2AE01CE00AE0FFE73846E5
:10D8100000F028FB001B0FFA80FA68420FFA80FB29
:10D820001DE0384600F01EFB001B0FFA80FA384658
:10D8300000F0AAFA034600EBD370C5EB60000FFAC4
:10D8400080FB0CE0384600F00DFB001B0FFA80FA5D
:10D85000384600F099FA401B0FFA80FB00BF00BF6A
:10D86000304600F0B3FA0490B7F910000390B7F90E
:10D87000120002900498B0F9100001900498B0F9D9
:10D88000120000900398484450440FFA80FA0E9911
:10D890000298084458440FFA80FB0198AAEB000054
:10D8A0000FFA80FA0098ABEB00000FFA80FB5A46A3
:10D8B0005146304600F0E4FB86F84080A6F83C90E4
:10D8C0000E98F087B7634120805D20F00200801C35
:10D8D0004121885505B0BDE8F08F70B504460D466E
:10D8E0002946606AFFF76EFC6062606A70BD0000E6
:10D8F0002DE9F04106460D460024002E79D1F8F7B7
:10D9000085FD8046B8F1000F02D10020BDE8F0810E
:10D9100008F12400FFF752F804460CB900BFFEE7F7
:10D920000CB90020F2E7002020604421201DFFF701
:10D930003AF80020208200216182F8F76DFD401E38
:10D9400001B2A1820020F8F7A2FD401E01B2E182DF
:10D950000020A086002140200155A187E1870020FA
:10D96000A0634120005D20F001014120015501F03C
:10D97000FBFB074617B13868A06201E09548A0623A
:10D980009549204600F0CDFB9449204600F069FB04
:10D99000002044F8180F6061207E20F001002076FE
:10D9A000207E20F002002076207E20F004002076E9
:10D9B000207E20F008002076207E20F010002076C7
:10D9C000207E20F0200020760020A076207E20F00F
:10D9D00040002076FF20E076207E20F08000207638
:10D9E000607E20F0FC0060760020E060183C6DE076
:10D9F000FFE7301DFEF7E2FF04460CB900BFFEE76B
:10DA00000CB9002082E726604421201DFEF7CBFFE1
:10DA1000308A2082718A6182308A3C3001B2A182D0
:10DA2000708A283001B2E1820020A08600214020C7
:10DA30000155A187E1870020A0634120005D20F00F
:10DA400001014120015501F08FFB074617B1B8686D
:10DA5000A06201E06248A0625F49204600F061FBDD
:10DA60005E49204600F0FDFA002044F8180F60617E
:10DA7000207E20F00100401C2076207E20F0020055
:10DA80002076607E20F00300C01C6076207E20F0AF
:10DA900004002076207E20F008002076207E20F0F2
:10DAA00010002076207E20F0200020760020A07636
:10DAB000FF20E076207E20F040002076207E20F0BF
:10DAC000800020760020E060183C00BF002D76D05A
:10DAD00005F1100104F11000F8F7F8F9A88EA086FE
:10DAE0004020415D0155A98FA187E98FE187A86B8F
:10DAF000A0634120405D4121095D60F300014120A8
:10DB0000015555F8180F44F8180F287E217E60F350
:10DB100000012176287E4108207E61F341002076B5
:10DB2000687E617E60F301016176287E8108207E37
:10DB300061F382002076287EC108207E61F3C30055
:10DB40002076287E0109207E61F304102076287E4D
:10DB50004109207E61F345102076287EC109207E90
:10DB600061F3C7102076287E8109207E61F386103C
:10DB70002076A87EA076E87EE07628692061183CB1
:10DB80006869183D18B12146E86AFDF75DF8284636
:10DB900000F01CF970B16EB1284600F077F9074625
:10DBA000284600F067F980463A464146204600F094
:10DBB00067FA04E000221146204600F061FA3EB107
:10DBC000224601213046F3699847204600F06AF961
:10DBD00020469BE63402002029E20008E5DB00082D
:10DBE000600300202DE9FC41064688461746022FB7
:10DBF00048D106F110014046F8F701FA10B90020AB
:10DC0000BDE8FC81304600F0F5F80546287AFB288F
:10DC100001DA0020F4E7B5F9064047F618408442DF
:10DC200001D10020ECE76946304600F055F8BDF818
:10DC30000000204400B2ADF80000BDF80400001B55
:10DC400000B2ADF8040069464046F8F7D8F908B9C3
:10DC50000020D5E76946304600F03EF8BDF80200E6
:10DC6000204400B2ADF80200BDF80600001B00B26F
:10DC7000ADF8060069464046F8F7C1F908B900203A
:10DC8000BEE710E07FB9304600F0B4F804463046F5
:10DC900000F088F805462B462246414606F1100062
:10DCA000F9F740FC00BF0120AAE770B504460D4615
:10DCB000002625B9201DFEF757FE064604E029463A
:10DCC000201DFEF756FE0646304670BD014691F80F
:10DCD000300000F00100704770B505460C4605F1B4
:10DCE00010012046F8F7F2F870BD0146086A704747
:10DCF0002DE9F0410646306808B9354603E0304664
:10DD000000F067F805461048FEF72EFE044617E0BF
:10DD100004F12400FEF728FE07460AE0AF4202D1D4
:10DD20002046BDE8F081394604F12400FEF721FECB
:10DD30000746002FF2D121460348FEF71AFE04469B
:10DD4000002CE5D10020ECE74C050020014691F8BD
:10DD50003000C0F340007047014691F8310000F0F8
:10DD600003007047014691F83000C0F3C0007047CF
:10DD7000014691F83000C0F3800070470146486AC0
:10DD800070470146C86A7047014600BFC88A4A8A80
:10DD9000801A401C00B27047014691F83000C0F371
:10DDA0000010704700B503461A460BE092F83000A9
:10DDB000C0F3801010B192F8330000BD104600F09F
:10DDC00005F80246002AF1D1FF20F6E7014608686F
:10DDD000704710B50246134600BF1C462046FFF7A9
:10DDE000F5FF0346002BF8D1204610BD0146C86957
:10DDF000704700002DE9F0410546AE6AFEB92C6877
:10DE000019E0A06AB0B1A06A007800F0010080B902
:10DE10002046FFF7B6FF07463846FCF7D3FFA0427F
:10DE200005D13846A16AFCF7E1FF064600E0A66A84
:10DE300003E000BF2468002CE3D100BF00BFE86A04
:10DE400048B1E86AFCF7BEFFA84204D13146E86A4F
:10DE5000FCF7CCFF064606B9014E3046BDE8F0811E
:10DE600024030020014600BF888A0A8A801A401CC9
:10DE700000B2704710B502461046FFF7A7FF0446F0
:10DE8000108A218A401A03B2184610BD10B5024606
:10DE90001046FFF79BFF0446518A608A081A03B2B6
:10DEA000184610BD2DE9FC4706463046FFF774FFC3
:10DEB00008B1BDE8FC873046FFF78BFF04462046DB
:10DEC000FFF716FF81464846F8F7D6FAA04209D078
:10DED0004846F8F7C6FAA04204D04846F8F7B6FA22
:10DEE000A04244D13046FFF771FF07464FF00108CA
:10DEF000B6F9345006F110016846F7F7E7FFBDF8B0
:10DF00000000401B00B2ADF80000BDF80200401B4D
:10DF100000B2ADF80200BDF80400284400B2ADF82C
:10DF20000400BDF80600284400B2ADF8060013E076
:10DF300007F1100269466846F8F720F88046B8F104
:10DF4000000F00D10AE03846FFF726FF00B1B0E726
:10DF50003846FFF73BFF0746002FE9D100BFB8F175
:10DF6000000F03D069464846FDF7FEFC00BF00BF26
:10DF70009FE710B50446E06A30B1E06AFCF722FF83
:10DF8000A04201D1012010BD0020FCE7024692F81A
:10DF90003200084008B1012070470020FCE770B54E
:10DFA00005462846FFF712FF0446201DFEF7DCFC5D
:10DFB000A84200D170BD2046FFF774FF01232A4616
:10DFC000211D201DFEF798FC2A4601212046E36909
:10DFD00098472046FFF766FF00BFEBE738B50446D9
:10DFE0004120005DC0F3400058B1B4F93E000090FC
:10DFF000B4F93C304020025D2046A16BFFF7F1FAF6
:10E000000AE0B4F93E000090B4F93C304020025DD3
:10E010002046A16BFFF70CF938BD10B5044600206F
:10E02000A086002205212046E36998472046FFF795
:10E0300039FF10BD10B504462046FFF733FF00221C
:10E0400004212046E36998472046FFF72BFF10BDC7
:10E05000CA43D24390F8303062F3000380F8303086
:10E0600070470162704770B505460C462846FFF7B9
:10E07000F9FE064622463146284600F054F870BDA7
:10E08000FEB504460E4617462568288A304406B277
:10E09000688A384407B2208A301A00B2ADF8080006
:10E0A000608A381A00B2ADF80A00BDF8080018B945
:10E0B000BDF80A0000B9FEBD2046FFF7F3FE694631
:10E0C0002046FFF709FE208ABDF80810084400B278
:10E0D0002082608ABDF80A10084401B26182A08AD9
:10E0E000BDF80810084401B2A182E08ABDF80A1008
:10E0F000084401B2E182BDF90A20BDF908102046AA
:10E1000001F07CFC6A4602212046E36998472246DA
:10E1100001212846EB6998472046FFF7C3FE00BF60
:10E12000C9E7C16170472DE9FC4104460F4690469E
:10E130002046FFF797FEB84206D12046FFF724FE9F
:10E14000404501D1BDE8FC812046FFF7ABFE6946A2
:10E150002046FFF7C1FD208A3844401E01B2A1824B
:10E16000608A4044401E01B2E1826A460221204694
:10E17000E36998472046FFF729FE064626B1224666
:10E1800001213046F3699847201DFEF7EDFB054657
:10E1900009E0002203212846EB6998472946201D03
:10E1A000FEF7E7FB0546002DF3D12046FFF77AFE88
:10E1B0004120005D00F0010010B12046FFF70EFF86
:10E1C00000BFBFE770B504460D46A562204601F0CA
:10E1D0003DFC2046FFF72EFF70BD70B504460D468E
:10E1E0002046FFF7D1FD0646324629462046FFF776
:10E1F0009AFF70BD70B504460D462046FFF746FEF7
:10E200000646324629462046FFF73AFF70BD70B5F4
:10E2100005460C462846FFF72DFE064622463146A7
:10E220002846FFF72DFF70BD2DE9F04105460C464D
:10E2300016464FF001082846FFF7DCFD0746012C83
:10E2400007D101212846FFF7A1FEC8B14FF0000811
:10E2500016E0052C08D1B7F91200B5F93410884240
:10E260000EDD788AA8860BE0042C03D12846FFF740
:10E27000D4FE05E0062C03D1304603A1016000BFA7
:10E280004046BDE8F08100006C765F6F626A000076
:10E2900000B589B0F5F78BF94FF4FA5300220D4918
:10E2A0000D48F8F701F801A8F8F710F80B480088B6
:10E2B00000B2ADF804000948408800B2ADF806008D
:10E2C000074804900448029001A8F8F723F809B021
:10E2D00000BD0000446000202860002018000020DD
:10E2E0008935000800B587B06846FDF7EEF90120D2
:10E2F0008DF80000034801906846FDF7F9F907B072
:10E3000000BD000019FD00082DE9FE4F05465348E9
:10E310000068F8F7DBF8D0B150480068F8F772F8F9
:10E320000446002020824D480068F8F775F8401E2A
:10E3300001B2A1820021618248480068F8F7A7F87D
:10E34000401E01B2E182284600F08AF884E043488A
:10E350000068F8F757F804462846F7F7ECFD0290F6
:10E360002846F7F7C2FD82463C480068F8F78FF868
:10E37000B5F90610884206DC38480068F8F787F8D7
:10E38000401E00B201E0B5F906000746E1680298B8
:10E39000B1FBF0F6564500DD56463048006800698E
:10E3A00050B30020ADF80000ADF80400ADF8020055
:10E3B000701E0FFA80F900BFADF80690274800687C
:10E3C000694602692548006890476846F7F78DFD61
:10E3D000B04200DC06E0A9F101000FFA80F9B9F1C2
:10E3E000000FE9D100BFB9F1000F01D1BDE8FE8FE8
:10E3F000BDF90600461C00BF4FF0000BB5F90280C6
:10E4000018E028882082A988A182A4F8128008EB4D
:10E410000600401E01B2E182B4F91600B84200DDE8
:10E42000E782B4F916B0284600F01AF808EB0600A7
:10E430000FFA80F808EB0600401EB842E1DD5F45A8
:10E4400009D028882082A988A182A4F81280E782B6
:10E45000284600F005F800BF00BFC7E7880000208D
:10E460002DE9FC4104461E480068F7F7CBFF05463E
:10E470001B480068F8F71FF828B900BFA86900F02A
:10E4800001000028FAD105F1100221466846F7F78D
:10E4900075FD13480068F7F7EFFF074639466846F1
:10E4A00000F058F806466946304600F081F90C48FD
:10E4B0000068F7F7D6FF0746694600F079F9084883
:10E4C0000068F7F7C3FF0746694600F071F9044892
:10E4D0000068F7F7FBFF08B900F0A0F9BDE8FC8180
:10E4E0008800002010B500201549086000241DE0B8
:10E4F0001448006800F59E70005DB0B911490968C4
:10E500003C3101EBC400FFF7FFFE0E480068806954
:10E5100058B10C4909683C3101EBC400F7F7FAFC2B
:10E5200007490968084406490860641C05480068F2
:10E53000B0F85C01C0F30900A042D9D810BD0000BA
:10E540008400002088000020014800687047000017
:10E55000880000202DE9F04106460C46002504F114
:10E5600010013046F7F74BFD00282FD094F830000B
:10E57000C0F3001050BB201DFEF7F6F907460BE074
:10E5800039463046FFF7E6FF054605B106E0394655
:10E59000201DFEF7EEF90746002FF1D100BFA5B907
:10E5A0002046FFF727FC804698F80800FF280BD18B
:10E5B000022231462046236A984728B12046FFF7B9
:10E5C000F1FBFF2800D1254600BF00BF2846BDE86B
:10E5D000F08170472DE9FC4100255CE0334800687C
:10E5E00000F59E70405D00B154E0002449E02F48E2
:10E5F000006800F59E70005D08B9A54200D13FE0BB
:10E600002A4A12683C3202EBC401284A12683C32A2
:10E6100002EBC500F7F710FD00B931E023480068B0
:10E620003C3000EBC402214800683C3000EBC501DF
:10E630006846F7F73BFD6846F7F76CFC06461B4952
:10E6400009683C3101EBC500F7F764FC0746174940
:10E6500009683C3101EBC400F7F75CFC38448642A2
:10E660000DD2124909683C3101EBC5006946F7F744
:10E6700032FC01210D48006800F59E70015500BF75
:10E68000641C0A480068B0F85C01C0F30900A042AD
:10E69000ADD800BF6D1C05480068B0F85C01C0F340
:10E6A0000900A8429AD8BDE8FC810000880000203B
:10E6B0002DE9F0418AB00546884695F83000C0F350
:10E6C000001010B10AB0BDE8F081B5F9344004A9DA
:10E6D0002846FFF701FBBDF81000001B00B2ADF8A3
:10E6E0001000BDF81200001B00B2ADF81200BDF81A
:10E6F0001400204400B2ADF81400BDF81600204408
:10E7000000B2ADF8160004AA414606A8F7F736FC99
:10E710000646002E4AD0002206A928462B6A9847B2
:10E7200004A92846FFF7D8FA04AA414608A8F7F733
:10E7300025FC0646AEB3281DFEF730F907462DE04E
:10E7400069463846FFF7C8FAB7F93440BDF800000B
:10E75000001B00B2ADF80000BDF80200001B00B2C3
:10E76000ADF80200BDF80400204400B2ADF804008A
:10E77000BDF80600204400B2ADF806006A4608A9BC
:10E7800002A8F7F7FBFB06461EB102A93846FFF7C1
:10E790008FFF3946281DFEF7F7F80746002FCFD127
:10E7A00000BF012206A928462B6A984700BF89E7C7
:10E7B0002DE9F0410546884625B917480068F7F766
:10E7C0005BFE054641462846FFF772FF2F46284666
:10E7D000FFF7FCFA04461BE03946201DFEF7D4F88B
:10E7E000064608E041463046FFF762FF3146201DED
:10E7F000FEF7CAF80646002EF4D101224146204613
:10E80000236A984727462046FFF7E0FA044600BFF0
:10E81000002CE1D1BDE8F0818800002070B51748D8
:10E820000068F7F7EFFD044614480068F7F743FE69
:10E8300028B100BFA06900F001000028FAD1A0694A
:10E8400020F00100401CA061FFF77EFE0546E8684D
:10E8500028B1A26804F110012846EB6898472068A7
:10E8600050B1606840B12168A068884202D16068F8
:10E87000A06001E02068A06070BD0000880000205A
:10E8800070B504460D463C2229462046F1F76CFC43
:10E8900070BD000000B589B00020FE490870FF215E
:10E8A000FC480172FC4800680890FA48BDF8201046
:10E8B0004180F948001D00680790F648BDF81C101B
:10E8C00081800021C18041838183C1820183032132
:10E8D000C18300200690EF48BDF818104181FF2148
:10E8E000C173002181810F218173EB4808300068DA
:10E8F0000590E848BDF8141001820121017500213E
:10E900004182FF2180F82C10302211461046F7F783
:10E9100037FC0190DF48BDF804100184D82296210D
:10E920005520F7F72DFC0190DA48BDF8041041841A
:10E93000DA4941620021018502214185FF2180F8E9
:10E940003310202211461046F7F71AFC0190D148E7
:10E95000BDF804100186002180F83210FF2180F8F4
:10E960003810202211461046F7F70AFC0190C948DA
:10E97000BDF8041081860221C186002180F839107B
:10E980000146C748FFF77CFF0321C54841838183C7
:10E99000C18201830146C348FFF772FFF02211468E
:10E9A0001046F7F7EDFB0190BE48BDF80410018456
:10E9B000F02211461046F7F7E3FB0190B948BDF885
:10E9C00004100186F02211461046F7F7D9FB01909A
:10E9D000B448BDF804108186D82296215520F7F757
:10E9E000CFFB0190AF48BDF8041041800146498833
:10E9F0008180AB49AC48FFF743FF20221146104607
:10EA0000F7F7BEFB0190A848BDF80410018420224E
:10EA100011461046F7F7B4FB0190A348BDF8041067
:10EA20000186202211461046F7F7AAFB01909E4866
:10EA3000BDF80410818698480C30006804909A480C
:10EA4000BDF810104180944810300068039096483B
:10EA5000BDF80C1081800421C1804022114610466F
:10EA6000F7F78EFB01909048BDF804104181012119
:10EA700081814C21C17301468C48FFF701FFE022E0
:10EA800011461046F7F77CFB01908848BDF804104A
:10EA90000184E02211461046F7F772FB019083488B
:10EAA000BDF804100186C02211461046F7F768FB36
:10EAB00001907E48BDF804108186C7229A216B2000
:10EAC000F7F75EFB01907948BDF8041041808B2276
:10EAD00059212B20F7F754FB01907448BDF804101E
:10EAE000818042222C211520F7F74AFB01906F48C4
:10EAF000BDF8041041816A496D48FFF7C1FE01204D
:10EB00006B49087000216A48818101720146694899
:10EB1000FFF7B6FE0021674841838183C1820183EC
:10EB200001466548FFF7ACFE00216348C1835C499C
:10EB30006248FFF7A5FED022A2217620F7F720FB3E
:10EB400001905E48BDF8041041805D223A211920F1
:10EB5000F7F716FB01905948BDF804108180042195
:10EB6000C1800F21418381830A21C1820183062153
:10EB7000C183282219210B20F7F702FB01904F488F
:10EB8000BDF80410418101218181B221C173424845
:10EB90001430006802904948BDF808100182002135
:10EBA0004182FF2211461046F7F7EAFA01904348E6
:10EBB000BDF804100184FF2211461046F7F7E0FA71
:10EBC00001903E48BDF80410018601463C48FFF71D
:10EBD00057FE942262213320F7F7D2FA0190384889
:10EBE000BDF8041041803C2226211020F7F7C8FA16
:10EBF00001903348BDF804108180C622B521A420BD
:10EC0000F7F7BEFA01902E48BDF804100184C62221
:10EC1000B521A420F7F7B4FA01902948BDF80410F3
:10EC20000186C622B521A420F7F7AAFA019024484C
:10EC3000BDF80410818621492248FFF721FE2222D7
:10EC400011210A20F7F79CFA01901E48BDF8041024
:10EC50004180902262213720F7F792FA01901948FB
:10EC6000BDF8041081800D2207210120F7F788FAF2
:10EC700001901448BDF804104181F422DD21C82020
:10EC8000F7F77EFA01900F48BDF804100184F422D2
:10EC9000DD2119E03402002098460108D000002050
:10ECA00024030020600300209C030020D8030020E0
:10ECB00070020020AC020020E802002014040020B2
:10ECC000500400208C040020C820F7F759FA019066
:10ECD0004248BDF804100186F422DD21C820F7F770
:10ECE0004FFA01903D48BDF80410818601463C482A
:10ECF000FFF7C6FD272214210220F7F741FA019001
:10ED00003748BDF80410418070224C212B20F7F7C2
:10ED100037FA01903248BDF804108180C622B5212F
:10ED2000A420F7F72DFA01902D48BDF804100184B6
:10ED3000C622B521A420F7F723FA01902848BDF890
:10ED400004100186C622B521A420F7F719FA019014
:10ED50002348BDF80410818622492348FFF790FD1F
:10ED6000D82211461046F7F70BFA01901E48BDF85D
:10ED700004104180D82211461046F7F701FA01909D
:10ED80001948BDF804108180902211461046F7F70B
:10ED9000F7F901901448BDF8041041817022114622
:10EDA0001046F7F7EDF901900F48BDF80410018403
:10EDB000702211461046F7F7E3F901900A48BDF8B2
:10EDC00004100186702211461046F7F7D9F9019018
:10EDD0000548BDF80410818609B000BD8C040020F0
:10EDE000C8040020140400200405002010B51421DC
:10EDF0000348FDF7D8FD012000F08EF810BD00009B
:10EE0000400500202DE9F0410546884616461F467C
:10EE100000F018F804460CB900BFFEE714B9002052
:10EE2000BDE8F0812946204600F067F941462046BA
:10EE300000F065F93146204600F064F9E7602046AD
:10EE4000EEE7000070B500242548FDF78DFD05466E
:10EE50004DB92348FDF7B2FD04460CB900BFFEE7EB
:10EE600034BB002070BD00BF287C00F007000328E1
:10EE70000BDC29461A48FDF7C1FD04460CB900BF5A
:10EE8000FEE70CB90020EDE706E029461448FDF73F
:10EE900070FD0546002DE7D100BF4DB91048FDF7C4
:10EEA000E6FD04460CB900BFFEE70CB90020D9E727
:10EEB0004FF4FA7020600020A060207C20F0070052
:10EEC000C01C2074207C20F00800207400F066F93B
:10EED00060600020E0600120024908702046C1E720
:10EEE000400500200B01002010B5044621460748CC
:10EEF000FDF721FE2046FEF707F905480068A0420D
:10EF000002D101200349087010BD00004005002017
:10EF1000F80000200A010020014908707047000035
:10EF20000801002070B504460025606800F028F94B
:10EF300006462068B04217D800F030F96060002023
:10EF40000A4908700A490870A06810B12046A168F3
:10EF500088470648007830B9207CC0F3C00010B163
:10EF60002046FFF7C1FF0125284670BD0A01002099
:10EF70000B0100202DE9F0415148007808B1BDE8AF
:10EF8000F08101204E4908704E48007810B90020E9
:10EF90000870F4E700F002F94B490860002400BF54
:10EFA0000127002049490870494908704948FDF780
:10EFB000DBFC4949086048E0474801684548FDF7DF
:10EFC000D8FC054644480068007C00F0070000B902
:10EFD0003FE041480068A04203D100243E4805605C
:10EFE00033E03D480068007C00F00700052804D1AC
:10EFF00039480068FFF796FF1CE094B13648006876
:10F00000007C00F00700217C01F00701884211DD3F
:10F0100031480068FFF786FF60B12F480468002779
:10F0200017E02D480068FFF77DFF18B12A480468F3
:10F0300000270EE02548007800B10AE02448007857
:10F0400000B106E02448056000BF2348006800289E
:10F05000B2D100BF002FA3D01B48006800F090F889
:10F060001E49096808441D4908601D48006800F0F1
:10F0700087F80646B6F5FA7F1CD318480068642165
:10F0800048434FF4FA71B0FBF1F016490870084696
:10F090000078642801DD002003E012480078C0F108
:10F0A00064001049087000200C49086000F076F8F0
:10F0B0000B49086000200249087000BF5FE70000AC
:10F0C0000C01002008010020140100200A0100208A
:10F0D0000B01002040050020F8000020180100204E
:10F0E000100100200901002010B5044600F056F878
:10F0F0002168401A401E606010BD81607047016049
:10F100007047000070B505460E46287C00F00700E9
:10F11000B04200D170BD1348FDF726FC044611E053
:10F12000207C00F00700B04207DCAC4204D022464D
:10F1300029460C48FDF7CAFC06E021460948FDF7C0
:10F1400018FC0446002CEBD100BF24B9002229464C
:10F150000448FDF7BBFC287C66F30200287400BF5E
:10F16000D8E70000400500200348007808B90020D7
:10F1700070470248FCE700004C010020785E002048
:10F1800010B5034600F00AF804469C4201D3E31A86
:10F1900001E05B422344184610BD000000BF01217E
:10F1A000044A117004490868114609780029F6D00C
:10F1B00070470000E8000020E40000200021044A1D
:10F1C0001170044909680144024A11607047000047
:10F1D000E8000020E4000020014600204FF4B47253
:10F1E00091FBF2F302FB1311002902DA01F5B4726C
:10F1F00011B25A2903DA134A32F9110020E05A29D0
:10F2000008DBB42906DAC1F1B40211B20D4A32F9B1
:10F21000110015E0B4290BDBB1F5877F08DAA1F105
:10F22000B40211B2074A32F81120524210B207E07C
:10F23000C1F5B47211B2034A32F81120524210B231
:10F24000704700009E7401082DE9FF4F83B0074608
:10F250008846DDF840B01FB9002007B0BDE8F08F48
:10F26000B8F1000F01D10020F7E70BF0020010B158
:10F2700047F61840069000200290019000254FF0BC
:10F28000FF3900900024824601A93846324A1268AC
:10F290009047824659E054460198029001A93846A9
:10F2A0002D4A1268904782460BF0010028B1214692
:10F2B000684600F007F900B147E00A2C01D00D2C98
:10F2C0000AD10D2C05D1BAF10A0F02D1019880B2F2
:10F2D000C3E7029880B2C0E7524621464046FAF79B
:10F2E000F0FF0646A81905B20698854214DD09F11B
:10F2F000010010B1CDF8089004E002A93846174A81
:10F3000012689047029820B902A93846124A12683A
:10F310009047029880B2A0E721460022002007E033
:10F320000FA31B5C8B4201D1012205E0431CD8B224
:10F330000BA31B5C002BF3D100BF0AB1DDF80890D2
:10F3400016B10598284405B200BF0298385C002821
:10F35000A1D1029880B280E7280100202C01002072
:10F36000202C2E3B3A2D5F002DE9FF4F83B0044641
:10F370000E469046DDF848B0DDF840A00020208021
:10F38000608016B907B0BDE8F08FB8F1000F00D16A
:10F39000F8E70BF0020010B147F618401190002575
:10F3A000A94600BF98F8087000BF26E07019CDF894
:10F3B00000B04146119B069AFFF746FF81446088E2
:10F3C000384400B260806088504400B26080A9EB8D
:10F3D000050291B27019CDF800B04246069B00F0CC
:10F3E00029F80290B4F900100298814201DA0298DB
:10F3F00001E0B4F9000020804D46705D0028D5D1B1
:10F400006DB1681E305C0A2803D0681E305C0D2880
:10F4100005D1608807EB0A01084400B2608060886B
:10F4200008B9678004E06088A0EB0A0000B2608041
:10F4300000BFA7E72DE9FE4F05460E461746984642
:10F44000DDF830A015B90020BDE8FE8F0FB900200F
:10F45000FAE700200290002401907EB326E002A982
:10F460002846174A126890470090029968180021B0
:10F47000134A1268904783460AF0010028B101A898
:10F48000009900F01FF800B110E05A463846009984
:10F49000FAF717FF0FFA80F9B9F1000F05DD04EB59
:10F4A000090004B204EB080004B200BF0298B042A5
:10F4B000D5D3002C02DDA4EB080004B22046C3E73C
:10F4C00028010020024600200FA31B788B4211D197
:10F4D00013781BB90123137001200BE01378012B63
:10F4E00002D10023137005E01378022B02D1002310
:10F4F000137001201378012B04D1202901D102239C
:10F5000013700120704700002300000008B5014679
:10F51000802901D2084608BDB1F5006F11D2C1F3B0
:10F52000841040F0C0008DF8000001F03F0040F072
:10F5300080008DF8010000208DF802008DF8030096
:10F5400033E0B1F5803F15D2C1F3033040F0E00065
:10F550008DF80000C1F3851040F080008DF80100A7
:10F5600001F03F0040F080008DF8020000208DF88F
:10F5700003001AE0B1F5881F17D2C1F3824040F0B2
:10F58000F0008DF80000C1F3053040F080008DF8E8
:10F590000100C1F3851040F080008DF8020001F0F9
:10F5A0003F0040F080008DF803006A461068B2E723
:10F5B00018B500F08001C9B100909DF800301B061D
:10F5C0009DF8014003EB04439DF8024003EB042344
:10F5D0009DF803401919002204E0CBB203B9090ACF
:10F5E000531CDAB2042AF8DB084600BF18BD00003D
:10F5F0002DE9F04105460E460024002705E02819B4
:10F6000004490968884704447F1CB742F7D3204661
:10F61000BDE8F0811C010020F8B506460C4600202C
:10F620000090002505E069463046044A126890477C
:10F630006D1C0098A042F6D32846F8BD2801002092
:10F6400038B5044600250020009005E069462046B4
:10F65000044A126890476D1C0098205C0028F5D180
:10F66000284638BD2801002008B5024600230020A6
:10F67000009001B969460868105C00F0800028B964
:10F680000868135C0868401C08608FE00868105C1C
:10F6900000F0E000C02817D10868105CC006430DD8
:10F6A0000868401C08600868105C00F0C0008028F2
:10F6B00001D0002008BD0868105C00F03F00034442
:10F6C0000868401C086071E00868105C00F0F000F9
:10F6D000E02828D10868105C0007030C0868401C6B
:10F6E00008600868105C00F0C000802801D000208D
:10F6F000E0E70868105C00F03F0003EB8013086847
:10F70000401C08600868105C00F0C000802801D030
:10F710000020CFE70868105C00F03F000344086851
:10F72000401C086042E00868105C00F0F800F02817
:10F7300039D10868105C4007C30A0868401C08609B
:10F740000868105C00F0C000802801D00020B1E7FC
:10F750000868105C00F03F0003EB00330868401CB1
:10F7600008600868105C00F0C000802801D000200C
:10F77000A0E70868105C00F03F0003EB8013086806
:10F78000401C08600868105C00F0C000802801D0B0
:10F7900000208FE70868105C00F03F000344086811
:10F7A000401C086002E00868401C0860184681E7B9
:10F7B0002DE9F84306460C4600272068401E2060CD
:10F7C00000BF042F02DB0020BDE8F8832168881900
:10F7D0000D490968884705463DB9206818B1206879
:10F7E000401E206001E00020EEE7781CC7B2002D2B
:10F7F000E7D02068009069463046044A1268904776
:10F8000080464046E0E700001C010020280100205F
:10F810000146087800F0800008B901207047087898
:10F8200000F0E000C02801D10220F7E7087800F0DE
:10F83000F000E02801D10320F0E7087800F0F8009C
:10F84000F02801D10420E9E70120E7E72DE9F0479E
:10F8500081460E4614461F46DDF820A035461BE0C3
:10F86000600800FB075529464846D047B0F100081C
:10F8700009DD04F0010080F00100C0EB5404E81938
:10F880000546064608E0B8F1000F02DA640835467E
:10F8900002E02846BDE8F087002CE1D10020F9E71E
:10F8A000F0B503462BB93020087000204870084698
:10F8B000F0BD00220024002B0CDA2D261046551C2A
:10F8C0006AB20E54002B01DD184600E05842034690
:10F8D000601C44B210E00A2593FBF5F605FB1635D3
:10F8E000E8B200F13005EFB21546561C72B24F5522
:10F8F0000A2593FBF5F300BF002BECD100208854C0
:10F90000501E42B208E0085D8D5C0D558854551EAE
:10F910006AB2651C6CB200BFA242F4DC0846C7E7BD
:10F920004820F1F76DFF4FF4A060F1F717FEF1F7F3
:10F93000B3FD4FF4E130F3F70DFAF2F73BF8F1F7CE
:10F9400053FAF2F777FF232140F2E730F2F732F96A
:10F95000FBF7DEFFFEF79CFCFEF7C4FCFBF78CF820
:10F9600005E00348416800208847FFF703FBF8E7FC
:10F9700020000020F7B505460C4604B9FEBD04265C
:10F98000029838B12968091D0819324602A9F0F712
:10F99000EBFB05E02968091D08193146F0F7FDFB6E
:10F9A00000BFEBE7F7B505460C4604B9FEBD0426DB
:10F9B000029830B129680819324602A9F0F7D4FB41
:10F9C00004E0296808193146F0F7E7FB00BFEDE7CE
:10F9D00070B505462C46002609E094F83000C0F3C7
:10F9E000401000B126462046FEF7F0F90446002CF0
:10F9F000F3D116B13046FEF7D2FA70BD2DE9F041D1
:10FA000007460D461646381DFCF7AEFF044619E0C2
:10FA1000208A284400B22082608A304401B2618288
:10FA2000A08A284401B2A182E08A304401B2E18276
:10FA3000324629462046FFF7E1FF2146381DFCF7F4
:10FA400098FF0446002CE3D1BDE8F08170B505466F
:10FA500000212846FEF729F9044615E0A06A30B9CE
:10FA60002046FFF7F3FF2046FEF7E4FA07E0A06A1E
:10FA7000007800F0010010B12046FFF7E7FF2146B3
:10FA80002846FEF712F90446002CE7D170BD2DE997
:10FA9000F04106460F46F0F74EFE041E0D4618BF15
:10FAA0000120284320F00040C0F17F6000F1E040D9
:10FAB000C00F0ED0301C18BF0120384320F000408A
:10FAC000C0F17F6000F1E040C00F04BF0120F3F7F8
:10FAD000B7FA20462946BDE8F0812DE9FF4F83B0F3
:10FAE000064688461446DDF84090FEF72DFD824616
:10FAF000DAF8140000B3B4F9005018E0B4F9027059
:10FB00000FE0CDF80890BDF81800ADF8040000979C
:10FB10002B46424631465046DAF814C0E047781C7E
:10FB200007B2B4F90600B842EBDA681C05B2B4F9C2
:10FB30000400A842E2DA71E0B4F9020000FB08F028
:10FB400006EB4006B9F1FF0F2FD1B4F9005006E0E3
:10FB500006EB4500BDF818100180681C05B2B4F929
:10FB60000400A842F4DAB4F9000006EB400BA088C8
:10FB70002188401A401C400000B2029006EB480663
:10FB80006088401C07B20BE0B4F9001006EB41009E
:10FB90005946029AF0F7E8FA06EB4806781C07B2D5
:10FBA000B4F90600B842EFDA38E04FF0000B00205D
:10FBB0000290029801904A4601990698F6F7F8FAE1
:10FBC0000090B4F9027024E0B4F9005019E0BBF1E0
:10FBD000000F14D136F81500BDF80410884209D082
:10FBE00006EB4500008801904A4601990698F6F711
:10FBF000DFFA009006EB4500BDF800100180681C9C
:10FC000005B2B4F90400A842E1DA06EB4806781C14
:10FC100007B2B4F90600B842D6DA00BF07B0BDE8B3
:10FC2000F08F000010B58AB004462848007870B103
:10FC300027480088401D00B2254908800846B0F9D1
:10FC40000000642811DB0020204908700DE02048E6
:10FC50000088401F00B21E4908800846B0F9000025
:10FC6000002802DC0120194908701948B0F9002069
:10FC7000002118480068FAF79BFE1548B0F900000B
:10FC80003C2807DA1248B0F9002013A16846F3F7C0
:10FC9000B3F913E00E48B0F900005A2807DA0C480F
:10FCA000B0F9002011A16846F3F7A6F906E008486C
:10FCB000B0F9002012A16846F3F79EF9694615488D
:10FCC0000068FCF728FD0AB010BD000062010020AA
:10FCD0006001002054010020233546423837382087
:10FCE0002564206B6D2F68230000000023464642E8
:10FCF000383030202564206B6D2F68230000000011
:10FD000023464630303030202564206B6D2F682329
:10FD100000000000580100200246124890F834000C
:10FD200000F0800090B10F4880890F4B18800D487B
:10FD3000008C0E4B18800C48008800B208801846D2
:10FD4000008800B248800120887309E006480088D6
:10FD500000B208800548008800B2488000208873FF
:10FD600000207047200000204E010020500100209C
:10FD7000024610880B88C01A70470000000000007F
:10FD8000000000000000000000003F4000000000F4
:10FD9000000000003000400030004000000009007A
:10FDA0000BC03D000BC03D00090018C024407FE09F
:10FDB000224031800000180024C01B000D8032401A
:10FDC000018003801C4027401C8007400040100039
:10FDD00060000000000000000000000000000000C3
:10FDE0001F80204040200000402020401F80000055
:10FDF0000000090006001F80060009000000040042
:10FE000004003F80040004000000001000600000B7
:10FE100000000000000004000400040004000400CE
:10FE20000000000000400000000000000000002072
:10FE300001C006003800400000001F802040204024
:10FE400020401F800000000010403FC00040000024
:10FE5000000018C0214022402440184000001080BB
:10FE60002040244024401B80000002000D001100AF
:10FE70003FC0014000003C802440244024402380B7
:10FE800000001F80244024403440038000003000E4
:10FE9000200027C03800200000001B8024402440A0
:10FEA00024401B8000001C0022C0224022401F80F2
:10FEB00000000000000008400000000000000000FA
:10FEC00000000460000000000000000004000A00C0
:10FED00011002080404009000900090009000900C4
:10FEE000000000004040208011000A0004001800BB
:10FEF000200023402400180000001F8020402740DD
:10FF000029401F400000004007C039000F0001C019
:10FF1000004020403FC0244024401B8000001F8040
:10FF20002040204020403080000020403FC0204042
:10FF300020401F80000020403FC024402E4030C0A1
:10FF4000000020403FC024402E00300000000F0081
:10FF50001080204022403380020020403FC0040037
:10FF600004003FC02040204020403FC020402040AF
:10FF700000000060202020203FC020002000204002
:10FF80003FC024400B0030C0204020403FC02040F4
:10FF90000040004000C03FC03C0003C03C003FC0E8
:10FFA000000020403FC00C4023003FC020001F80C5
:10FFB0002040204020401F80000020403FC02440BF
:10FFC0002400180000001F802140214020E01FA0D5
:10FFD000000020403FC02440260019C0004018C047
:10FFE00024402440224031800000300020403FC0A7
:10FFF00020403000000020003F80004000403F8053
:020000040801F1
:10000000200020003E0001C007003800200038001A
:1000100007C03C0007C038000000204039C006007F
:1000200039C0204000002000384007C03840200080
:100030000000304021C02640384020C000000000B1
:1000400000007FE0402040200000000070000C0015
:100050000380004000000000402040207FE00000BE
:100060000000000020004000200000000000001000
:1000700000100010001000100010000000004000F0
:10008000000000000000000002800540054003C0A1
:10009000004020003FC004400440038000000000F6
:1000A0000380044004400640000000000380044038
:1000B00024403FC00040000003800540054003404D
:1000C0000000000004401FC0244024402000000025
:1000D00002E0055005500650042020403FC0044077
:1000E000040003C000400000044027C0004000009E
:1000F000000000100010041027E000000000204065
:100100003FC00140070004C00440204020403FC0E1
:1001100000400040000007C0040007C0040003C006
:100120000000044007C00440040003C00040000079
:1001300003800440044003800000041007F00450D2
:10014000044003800000000003800440045007F0D6
:100150000010044007C0024004000400000000003A
:1001600006400540054004C00000000004001F8058
:10017000044000400000040007800040044007C025
:1001800000400400070004C00180060004000600CF
:1001900001C0070001C006000000044006C00100C5
:1001A00006C0044000000410071004E001800600AF
:1001B00004000000044005C00640044000000000A8
:1001C000000004007BE04020000000000000000070
:1001D000FFF000000000000040207BE00400000071
:1001E000000040008000400020002000400000008F
:1001F00000000000000000000000000000000000FF
:10020000000000001FCC000C0000000000000000F7
:10021000080030006000080030006000000002208C
:1002200003FC1E20022003FC1E2002200000000010
:100230000E1811043FFF10840C78000000000F001E
:1002400010840F3800C00778188400780000007808
:100250000F8410C411240E9800E4008400080800E4
:1002600068007000000000000000000000000000B6
:100270000000000007E01818200440020000000001
:1002800040022004181807E00000000000000240AF
:10029000024001800FF00180024002400000008017
:1002A000008000800FF800800080008000000001C6
:1002B000000D000E00000000000000000000000023
:1002C00000800080008000800080008000800000AE
:1002D000000C000C00000000000000000000000006
:1002E00000060018006001800600180020000000D1
:1002F00007F0080810041004080807F000000000C8
:10030000080408041FFC00040004000000000000B2
:100310000E0C10141024104411840E0C0000000068
:100320000C1810041104110412880C700000000055
:1003300000E00320042408241FFC00240000000027
:100340001F98108411041104108810700000000020
:1003500007F00888110411041888007000000000DC
:100360001C00100010FC13001C0010000000000016
:100370000E3811441084108411440E38000000001F
:100380000700088C10441044088807F000000000A3
:1003900000000000030C030C00000000000000003F
:1003A0000000000101060000000000000000000045
:1003B0000080014002200410080810040000022000
:1003C0000220022002200220022002200000000061
:1003D0001004080804100220014000800000000002
:1003E0000E001200100C106C10800F00000003E0D3
:1003F0000C1813E4142417C4082807D000000004C4
:10040000003C03C41C40074000E4001C000410042E
:100410001FFC1104110411040E880070000003E099
:100420000C1810041004100410081C100000100414
:100430001FFC100410041004080807F0000010044A
:100440001FFC1104110417C4100408180000100444
:100450001FFC1104110017C010000800000003E089
:100460000C181004100410441C7800400000100404
:100470001FFC10840080008010841FFC100400000A
:10048000100410041FFC10041004000000000003FE
:100490000001100110011FFE1000100000001004E8
:1004A0001FFC110403801464181C100400001004C5
:1004B0001FFC1004000400040004000C00001004E1
:1004C0001FFC1F0000FC1F001FFC10040000100494
:1004D0001FFC0C04030000E010181FFC100007F0C4
:1004E0000808100410041004080807F000001004A5
:1004F0001FFC10841080108010800F00000007F097
:10050000081810241024101C080A07F20000100418
:100510001FFC1104110011C011300E0C000400006A
:100520000E1C11041084108410441C3800001800A4
:10053000100010041FFC1004100018000000100030
:100540001FF810040004000410041FF8100010002D
:100550001E0011E0001C007013801C0010001FC062
:10056000103C00E01F0000E0103C1FC00000100421
:10057000180C163401C001C01634180C10041000F9
:100580001C00130400FC13041C00100000000804ED
:10059000101C1064108413041C04101800000000C8
:1005A000000000007FFE4002400240020000000008
:1005B00030000C0003800060001C000300000000FD
:1005C0004002400240027FFE0000000000000000E8
:1005D000000020004000400040002000000000011A
:1005E0000001000100010001000100010001000004
:1005F000400040002000000000000000000000005B
:100600000098012401440144014400FC000410004E
:100610001FFC008801040104008800700000000035
:10062000007000880104010401040088000000003B
:10063000007000880104010411081FFC0004000080
:1006400000F8014401440144014400C800000000D6
:10065000010401040FFC1104110411001800000032
:1006600000D601290129012901C901060000100451
:100670001FFC008401000100010400FC00040000D4
:100680000104190419FC000400040000000000002B
:10069000000300010101190119FE0000000010040F
:1006A0001FFC0024004001B4010C01040000000004
:1006B000100410041FFC00040004000000000104EA
:1006C00001FC0104010001FC0104010000FC010423
:1006D00001FC008401000100010400FC0004000092
:1006E00000F8010401040104010400F80000010104
:1006F00001FF008501040104008800700000000073
:100700000070008801040104010501FF00010104DB
:10071000010401FC008401040100018000000000CC
:1007200000CC0124012401240124019800000000D0
:100730000100010007F801040104000000000100AD
:1007400001F8000400040004010801FC0004010099
:1007500001800170000C001001600180010001F0B7
:10076000010C003001C00030010C01F0010000005C
:100770000104018C00740170018C0104000001016E
:1007800001810171000E001801600180010000006C
:100790000184010C013401440184010C00000000BB
:1007A00000000000000001003EFC4002400200008A
:1007B000000000000000FFFF00000000000000003B
:1007C000400240023EFC010000000000000000006A
:1007D00060008000800040004000200020000000F9
:1007E0000000000000000000000000000000000009
:1007F00000000000000000000000000000000000F9
:1008000000000000000000000000000000000000E8
:10081000000F80380FFE380F803800000000000005
:1008200000000000000000000000000001000006C1
:1008300000000C00003800003100000600000C0031
:10084000003800003000000000000000000061805F
:100850000067F807F9800061800061800061800016
:1008600061800067F807F9800061800000000000E7
:100870000000000001C0E003E0F0063008041808A2
:100880001FFFFE040E080787F00381E00000000050
:10089000000001F000060C00040408060C7001F9C9
:1008A000C0000E00003BE000EC18070808040C181C
:1008B0000003E00000000001E00007F003F8180466
:1008C0001C0804170807E1D003C0E00023B0003C77
:1008D00008002008000010000000000000010000D7
:1008E0003100003200001C00000000000000000089
:1008F00000000000000000000000000000000000F8
:1009000000000000000000000000000000007F0068
:1009100001FFC00780F00C00181000042000020046
:1009200000000000002000021000040C00180780E6
:10093000F001FFC0007F0000000000000000000088
:1009400000000000000000000000420000660000FF
:100950006600003C0000180003FFC0001800003CC7
:100960000000660000660000420000000000080071
:1009700000080000080000080000080001FFC00097
:10098000080000080000080000080000080000003F
:100990000000000100003100003200001C000000D7
:1009A0000000000000000000000000000000000047
:1009B0000000000000000800000800000800000817
:1009C00000000800000800000800000800000800FF
:1009D00000080000000000000000000000003800D7
:1009E0000038000038000000000000000000000097
:1009F00000000000000000000000000000000006F1
:100A000000001C000070000180000E000038000093
:100A1000C0000700001C00003000000000000000C3
:100A200000007F8001FFE0038070060018040008CA
:100A300004000806001803807001FFE0007F8000BA
:100A40000000000000000000010008010008010093
:100A50000803FFF807FFF80000080000080000087E
:100A600000000000000000000001C03802C058046F
:100A70000098040118040218040418061C1803F84E
:100A80001801E0F800000000000000000001C0E0D4
:100A900003C0F00400080408080408080618080346
:100AA000F41801E7F00001E0000000000000000081
:100AB00000000300000D000011000061000081082B
:100AC00003010807FFF80FFFF80001080001080004
:100AD00000000000000000E007FCD0060808061037
:100AE00008061008061008061838060FF00607C09A
:100AF000000000000000000000003F8001FFE00354
:100B0000843002081804100804100804100807189C
:100B100010030FF00007C0000000000000000000FC
:100B200003C0000700000600000600F80607F806EC
:100B3000180006E0000700000600000000000000AA
:100B40000001E1E003F7F006341004180804180867
:100B5000040C08040C0806161803F3F001C1E000A9
:100B6000000000000000F80003FC30030638040217
:100B7000080402080402080404100308F001FFC07E
:100B8000007F0000000000000000000000000000E6
:100B9000000000000000703800703800703800005D
:100BA0000000000000000000000000000000000045
:100BB00000000000000000000000301A00301C009F
:100BC0000000000000000000000000000000000025
:100BD0000000000000080000140000220000410096
:100BE000008080010040020020040010080008007E
:100BF0000000000000002100002100002100002171
:100C0000000021000021000021000021000021003F
:100C1000002100000000000000000000080008049F
:100C200000100200200100400080800041000022EE
:100C30000000140000080000000000000003C000D5
:100C400004C000040000080038080F3808083808FD
:100C500010000C300007E00003C00000000000009E
:100C600000003F8000FFE0038070020F10067088D4
:100C700004C088048308047F8802C0900301200018
:100C8000FE400000080000180001F8003E0801C204
:100C90000007020007E20000FE00001FC80001F884
:100CA00000003800000804000807FFF807FFF804F8
:100CB000080804080804080804080806180803F4CB
:100CC0001801E7F00001E0000000000000003F8094
:100CD00001FFE0038070020018040008040008040B
:100CE00000080400100600200780C0000000040077
:100CF0000807FFF807FFF8040008040008040008CC
:100D000004001802001003807001FFE0007F8000E3
:100D1000000004000807FFF807FFF80408080408AB
:100D200008040808040808043E080400080600181F
:100D300001006000000004000807FFF807FFF80446
:100D40000808040800040800040800043E00060027
:100D500000060000018000000000000000003F804D
:100D600001FFE00380700600180400080402080474
:100D700002080203F00783F00002000002000400F2
:100D80000807FFF807FFF80408080008000008003B
:100D900000080000080004080807FFF807FFF8042F
:100DA000000800000000000004000804000804001F
:100DB0000807FFF807FFF80400080400080400080B
:100DC0000000000000000000000000060000070016
:100DD000000104000104000104000307FFFE07FFF7
:100DE000FC04000004000004000004000807FFF8F1
:100DF00007FFF8040C08001800003E0004C7800537
:100E000003C80600F80400380400180000080400B5
:100E10000807FFF807FFF8040008000008000008B2
:100E20000000080000080000080000180000600032
:100E3000000004000807FFF807800807FC00007F97
:100E4000C00003F80007C000780007800807FFF81B
:100E500007FFF804000804000807FFF8070008036C
:100E6000C00000E000003800001E00000700000184
:100E7000C00400F007FFF8040000000000007F80BD
:100E800001FFE00380700600180400080400080653
:100E9000001803003001FFE0007F80000000040024
:100EA0000807FFF807FFF80404080404000404001E
:100EB000040400040400060C0003F80001F0000024
:100EC0000000000000007F8001FFE003807006004A
:100ED000880400880400C806003C03003E01FFE6C9
:100EE000007F8400000004000807FFF807FFF804F3
:100EF0000808040800040C00040F00040BC00610CE
:100F0000F003F03801E00800000800000001E0F8FC
:100F100003F030063010041808041808040C080404
:100F20000C080206180207F00781E00000000180AB
:100F30000006000004000004000004000807FFF899
:100F400007FFF80400080400000400000600000188
:100F5000800004000007FFE007FFF0040018000015
:100F60000800000800000800000800000804001045
:100F700007FFE004000004000006000007E000078F
:100F8000FE00041FE00001F80000380001E0043E0C
:100F90000007C00006000004000004000007E00095
:100FA00007FFC0041FF80007C007F80007FF800410
:100FB0003FF80007C004F80007000004000000002C
:100FC0000004000806001807C07805F1C8003E00BC
:100FD000001F800463E80780F8060018040008007A
:100FE000000004000006000007800007E008047C01
:100FF00008001FF80007F800180804E008070000C0
:10100000060000040000000000010008060038048B
:1010100000F80403E8040F08047C0805F00807C082
:101020000807001804006000000000000000000035
:101030000000000000000000003FFFFE2000022032
:101040000002200002200002200002000000000038
:101050000000000008000007000000C00000380089
:101060000006000001C000003000000E000001007A
:10107000000000000000000020000220000220000C
:10108000022000022000023FFFFE000000000000DE
:101090000000000000000000000000000000000848
:1010A00000001000003000002000003000001000A0
:1010B0000008000000000000000000000100000126
:1010C000000001000001000001000001000001001B
:1010D000000100000100000100000100000100000B
:1010E00000000000000000200000200000100000B0
:1010F00010000000000000000000000000000000E0
:1011000000000000000000F00019F8001B18002289
:1011100008002608002408002410003FF8001FF8EB
:1011200000000800001800000004000007FFF80F8E
:10113000FFF00018180010080020080020080030F8
:1011400018001FF0000FC00000000000000007C0E2
:10115000001FF000183000200800200800200800C0
:101160003C08001C100000600000000000000000AF
:10117000000007C0001FF0003818002008002008F9
:1011800000200804101007FFF80FFFF00000100007
:1011900000000000000000000007C0001FF0001267
:1011A00030002218002208002208003208001E1019
:1011B000000E2000000000000000200000200800B9
:1011C000200801FFF803FFF8062008042008042087
:1011D0000807200003000000000000000000000ECF
:1011E000000E6E001FF30031B10020B10020B100ED
:1011F0003191001F13002E1E00200E003000000051
:101200000004000807FFF80FFFF800100800200096
:10121000002000002008003FF8001FF80000080030
:10122000000000000000000000200800200800204E
:1012300008063FF8063FF800000800000800000814
:10124000000000000000000000000000000003009B
:101250000003002001002001002003063FFE063F9E
:10126000FC00000000000000000000000004000876
:1012700007FFF80FFFF8000188000300002FC000EF
:1012800038F80020380020080000080000000000A6
:101290000000000004000804000804000807FFF82C
:1012A0000FFFF80000080000080000080000000020
:1012B0000000002008003FF8003FF8001008002060
:1012C00000003FF8003FF8001008002000003FF841
:1012D000003FF8000008000000002008003FF80070
:1012E0003FF8001008001000002000002008003F18
:1012F000F8001FF80000080000000000000007C010
:10130000000FF0001830003008002008002008000E
:101310003008001830000FF00007C0000000000087
:1013200000002001003FFF003FFF001011002009D6
:10133000002008002008003038001FF0000FC00017
:1013400000000000000007C0001FF0003818002057
:1013500008002008002009001011001FFF003FFFB7
:101360000000010000000020080020080020080004
:101370003FF8003FF800080800100800200800208F
:1013800000003000003000000000000000000000FD
:10139000000C78001E180033080023080021080004
:1013A00021880021980030F0003860000000000023
:1013B0000000200000200000200000FFF003FFF8E4
:1013C0000020080020080020080000300000000075
:1013D0000000000000002000003FF0007FF8000047
:1013E00018000008000008002010003FF8007FF0FF
:1013F000000010000000000000002000003000008D
:101400003C00003F800023F00000780000700023C3
:1014100080003C00003000002000002000003C0064
:10142000003FE00023F80000E0002700003E00003D
:101430003FE00021F80001E0003E00002000000035
:1014400000002008002008003838003E680027808F
:101450000003C8002CF800383800201800200800CD
:101460000000000000002000003003003C01003FAD
:10147000830023EC000070002380003C000020006B
:1014800000200000000000000000000000380800FC
:1014900020380020F80023E8002F88003E0800389C
:1014A000080020180000700000000000000000008C
:1014B0000000000000000000000008000014001FF1
:1014C000F7FC3000062000020000000000000000D1
:1014D000000000000000000000000000000000000C
:1014E000FFFFFF00000000000000000000000000FF
:1014F00000000000000000002000023000061FF77E
:10150000FC001400000800000000000000000000C3
:101510000000000000000000001800006000004013
:10152000000040000020000010000008000004003F
:10153000000400000C00001000000000000000008B
:10154000000000000000000000000000000000009B
:10155000000000000000000000000000000000008B
:10156000000000000000000000000000000000007B
:10157000000000000000000000000000000000006B
:10158000000000000000000000000000000000005B
:10159000000000000000000000000000000000004B
:1015A000000000000000000000000000000000003B
:1015B000000000000000000000000000000000002B
:1015C000000000000000000000000000000000001B
:1015D000000007F000C007FFE1E007F001E00000B5
:1015E00000C000000000000000000000000000003B
:1015F00000000000000000000000000000000000EB
:1016000000000000000000000000000000000000DA
:1016100000000000000000000000000000000000CA
:1016200000000000000000000000000000000000BA
:1016300000000000000000000000000000000000AA
:1016400000000020000001C00000078000001F0013
:1016500000001E0000001C20000001C000000780E8
:1016600000001F0000001E0000001C000000000021
:10167000000000000000000000000000000000006A
:10168000000000000000000000000000000000005A
:10169000000000000000000000000000000000004A
:1016A000000000000000000000000000000000003A
:1016B0000000000000000000000000000000001812
:1016C0000C0000180C0000180FE0001FFC0003F8CD
:1016D0000C0000180C0000180C0000180C0000187A
:1016E0000C0000180FE0001FFC0003F80C000018AD
:1016F0000C0000180C0000000000000000000000BA
:1017000000000000000000000000000000000000D9
:1017100000000000000000000000000000000000C9
:1017200000000000000000000000000000000000B9
:1017300000000000000000000000000000000000A9
:10174000000000000780007807C000FC0640010E82
:10175000002003070020020380200FFFFFFC02018E
:10176000C0200200E0600130704001F03F8000F0D6
:101770001F0000000000000000000000000000004A
:101780000000000000000000000000000000000059
:101790000000000000000000000000000000000049
:1017A0000000000000000000000000000000000039
:1017B0000000000000000000000000FE000001FF2B
:1017C00000000301800002008060030181C001FF6E
:1017D000070000FE18000000E0000003BF00000C3E
:1017E000FFC00071806001C1002003018060000023
:1017F000FFC000003F0000000000000000000000EB
:1018000000000000000000000000000000000000D8
:1018100000000000000000000000000000000000C8
:1018200000000000000000000000000000000000B8
:101830000000000000000000000000001F00000089
:101840007FC000FCC0C001FF80600303E0200202F3
:10185000782002061E2003FC074001F003800001EF
:1018600003C000011C600001E02000010020000115
:1018700000400000018000000000000000000000A7
:101880000000000000000000000000000000000058
:101890000000000000000000000000000000000048
:1018A0000000000000000000000000000000000038
:1018B0000000000000000000000000000000002008
:1018C00000001C6000001C4000001F8000000F0092
:1018D0000000000000000000000000000000000008
:1018E00000000000000000000000000000000000F8
:1018F00000000000000000000000000000000000E8
:1019000000000000000000000000000000000000D7
:1019100000000000000000000000000000000000C7
:1019200000000000000000000000000000000000B7
:1019300000000000000000000000000000000000A7
:101940000000000000000000000000000000000097
:101950000000000000000007F800003FFF000078D2
:1019600007C001C000E003000030040000080800C8
:101970000004100000020000000000000000000051
:101980000000000000000000000000000000000057
:101990000000000000000000000000000000000047
:1019A0000000000000000000000000000000000037
:1019B0000000000000000000000000000000100017
:1019C000000208000004040000080300003001C009
:1019D00000E0007807C0003FFF000007F8000000AB
:1019E00000000000000000000000000000000000F7
:1019F00000000000000000000000000000000000E7
:101A000000000000000000000000000000000000D6
:101A100000000000000000000000000000000000C6
:101A200000000000000000000000000000000000B6
:101A300000000000000000000000000000000000A6
:101A40000000000C1800000E3800000E38000006E0
:101A50003000000360000061438000FFFF800061F0
:101A600043000003600000063000000E3800000E46
:101A70003800000C1800000000000000000000000A
:101A80000000000000000000000000000000000056
:101A90000000000000000000000000000000000046
:101AA0000000000000000000000000000000000036
:101AB0000000000000000000000000000000000026
:101AC0000000000080000000800000008000000096
:101AD00080000000800000008000007FFF00000008
:101AE00080000000800000008000000080000000F6
:101AF00080000000800000000000000000000000E6
:101B000000000000000000000000000000000000D5
:101B100000000000000000000000000000000000C5
:101B200000000000000000000000000000000000B5
:101B300000000000000000000000000000000000A5
:101B40000001000000E3000000E2000000FC0000D3
:101B5000007800000000000000000000000000000D
:101B60000000000000000000000000000000000075
:101B70000000000000000000000000000000000065
:101B80000000000000000000000000000000000055
:101B90000000000000000000000000000000000045
:101BA0000000000000000000000000000000000035
:101BB0000000000000000000000000000000000025
:101BC0008000000080000000800000008000000015
:101BD0008000000080000000800000008000000005
:101BE00080000000800000008000000080000000F5
:101BF00080000000800000000000000000000000E5
:101C000000000000000000000000000000000000D4
:101C100000000000000000000000000000000000C4
:101C200000000000000000000000000000000000B4
:101C300000000000000000000000000000000000A4
:101C40000000000000C0000001E0000001E0000012
:101C500000C00000000000000000000000000000C4
:101C60000000000000000000000000000000000074
:101C70000000000000000000000000000000000064
:101C80000000000000000000000000000000000054
:101C90000000000000000000000000000000000044
:101CA0000000000000000000000000000000000034
:101CB0000000000000000000000000000000000024
:101CC000000C00000038000000E00000038000006D
:101CD0000E00000038000000E00000038000000E4D
:101CE00000000038000000E00000038000000E004B
:101CF00000001800000000000000000000000000CC
:101D000000000000000000000000000000000000D3
:101D100000000000000000000000000000000000C3
:101D200000000000000000000000000000000000B3
:101D300000000000000000000000000000000000A3
:101D40000000000FF800007FFF0000F00780018016
:101D500000C003000060020000200200002002001A
:101D6000002003000060018000C000E00380007FCD
:101D7000FF00000FF800000000000000000000005D
:101D80000000000000000000000000000000000053
:101D90000000000000000000000000000000000043
:101DA0000000000000000000000000000000000033
:101DB0000000000000000000000000000000000023
:101DC0000000000000000080002000800020008053
:101DD00000200080006001FFFFE003FFFFE0000043
:101DE0000060000000200000002000000020000033
:101DF00000000000000000000000000000000000E3
:101E000000000000000000000000000000000000D2
:101E100000000000000000000000000000000000C2
:101E200000000000000000000000000000000000B2
:101E300000000000000000000000000000000000A2
:101E40000000007800E000980160010002600200DC
:101E500004600200086002001060020020600200BE
:101E60004060030080600183006001FE00E0007CB0
:101E700007800000000000000000000000000000DB
:101E80000000000000000000000000000000000052
:101E90000000000000000000000000000000000042
:101EA0000000000000000000000000000000000032
:101EB0000000000000000000000000000000000022
:101EC000000000F0078001F007C0010000400200A0
:101ED0000020020100200201002002010020030373
:101EE00080200186804001FCC0C000787F80000017
:101EF0001E000000000000000000000000000000C4
:101F000000000000000000000000000000000000D1
:101F100000000000000000000000000000000000C1
:101F200000000000000000000000000000000000B1
:101F300000000000000000000000000000000000A1
:101F4000080000003800000048000001880000067A
:101F50000800000C0810003008100040081001FFB5
:101F6000FFF003FFFFF003FFFFF000000810000088
:101F70000810000008100000000000000000000031
:101F80000000000000000000000000000000000051
:101F90000000000000000000000000000000000041
:101FA0000000000000000000000000000000000031
:101FB0000000000000000000000000000000000021
:101FC000000000000780001F864003E1002003029C
:101FD0000020030400200304002003040020030465
:101FE000002003060040030301C00301FF8003003B
:101FF0007E00000000000000000000000000000063
:1020000000000000000000000000000000000000D0
:1020100000000000000000000000000000000000C0
:1020200000000000000000000000000000000000B0
:1020300000000000000000000000000000000000A0
:1020400000000007FC00003FFF000070C38000811B
:1020500080C0010100600302002002020020020291
:102060000020020200200203004001C180C000C025
:10207000FF8000007E000000000000000000000063
:102080000000000000000000000000000000000050
:102090000000000000000000000000000000000040
:1020A0000000000000000000000000000000000030
:1020B0000000000000000000000000000000000020
:1020C000000000F0000003C00000038000000300D7
:1020D0000000030007E003003FE00301C000030627
:1020E00000000318000003600000038000000300EC
:1020F00000000000000000000000000000000000E0
:1021000000000000000000000000000000000000CF
:1021100000000000000000000000000000000000BF
:1021200000000000000000000000000000000000AF
:10213000000000000000000000000000000000009F
:102140001F0000783F8000FC60C0018EC040030784
:102150008020020300200201802002018020020171
:10216000C0200301E040018670C000FC3F80007881
:102170001F00000000000000000000000000000040
:10218000000000000000000000000000000000004F
:10219000000000000000000000000000000000003F
:1021A000000000000000000000000000000000002F
:1021B0000000000000000000000000000000003FE0
:1021C000000000FF81C001C0C1C00100602002000A
:1021D00020200200202002002020020020600200B7
:1021E00040C00100C18000C18F00007FFE00001FC1
:1021F000F0000000000000000000000000000000EF
:1022000000000000000000000000000000000000CE
:1022100000000000000000000000000000000000BE
:1022200000000000000000000000000000000000AE
:10223000000000000000000000000000000000009E
:10224000000000000000000000000000000000008E
:102250000000000300C0000781E0000781E00003E8
:1022600000C00000000000000000000000000000AE
:10227000000000000000000000000000000000005E
:10228000000000000000000000000000000000004E
:10229000000000000000000000000000000000003E
:1022A000000000000000000000000000000000002E
:1022B000000000000000000000000000000000001E
:1022C000000000000000000000000000000000000E
:1022D0000000000600660006007800000000000014
:1022E00000000000000000000000000000000000EE
:1022F00000000000000000000000000000000000DE
:1023000000000000000000000000000000000000CD
:1023100000000000000000000000000000000000BD
:1023200000000000000000000000000000000000AD
:10233000000000000000000000000000000000009D
:102340000000000080000001C000000360000006E3
:102350003000000C180000180C000030060000606F
:10236000030000C0018001000040020000200400C2
:10237000001000000000000000000000000000004D
:10238000000000000000000000000000000000004D
:10239000000000000000000000000000000000003D
:1023A000000000000000000000000000000000002D
:1023B0000000000000000000000000000000000419
:1023C00010000004100000041000000410000004BD
:1023D00010000004100000041000000410000004AD
:1023E000100000041000000410000004100000049D
:1023F00010000004100000000000000000000000B9
:1024000000000000000000000000000000000000CC
:1024100000000000000000000000000000000000BC
:1024200000000000000000000000000000000000AC
:10243000000000000000000000000000000000009C
:10244000000004000010020000200100004000C055
:102450000180006003000030060000180C00000C32
:10246000180000063000000360000001C0000000FA
:1024700080000000000000000000000000000000DC
:10248000000000000000000000000000000000004C
:10249000000000000000000000000000000000003C
:1024A000000000000000000000000000000000002C
:1024B000000000000000000000000000000000001C
:1024C00000000078000001F800000238000002005F
:1024D0000000040000C0040079E0040081E0040171
:1024E00000C004030000020200000306000001FC1B
:1024F000000000F8000000000000000000000000E4
:1025000000000000000000000000000000000000CB
:1025100000000000000000000000000000000000BB
:1025200000000000000000000000000000000000AB
:102530000000000000000000000000000000000F8C
:10254000F800003FFE000070078000C000C00101DD
:10255000F8400307FC20021E04200230082002205D
:102560003020023FFC20013F044001800CC000E00D
:102570003180001FC20000000000000000000000C9
:10258000000000000000000000000000000000004B
:10259000000000000000000000000000000000003B
:1025A000000000000000000000000000000000002B
:1025B00000000000000000000000000000200000FB
:1025C0000060000003E000003E200003E020003E29
:1025D000200003E020000380200007FC2000003FD3
:1025E000E0000003FE2000003FE0000001E00000EA
:1025F000002000000020000000000000000000009B
:1026000000000000000000000000000000000000CA
:1026100000000000000000000000000000000000BA
:1026200000000000000000000000000000000000AA
:102630000000000000000000000000000000020098
:1026400000200200002003FFFFE003FFFFE0020183
:1026500000200201002002010020020100200201EE
:102660000020030300200186806001FCC0C000F848
:102670007F8000001F00000000000000000000003C
:10268000000000000000000000000000000000004A
:10269000000000000000000000000000000000003A
:1026A000000000000000000000000000000000002A
:1026B0000000000000000000000000000000000713
:1026C000F800003FFF000070078000C000C001005C
:1026D0000040030000200200002002000020020051
:1026E00000200200002001000040018000C003C063
:1026F0000180003006000000000000000000000023
:1027000000000000000000000000000000000000C9
:1027100000000000000000000000000000000000B9
:1027200000000000000000000000000000000000A9
:102730000000000000000000000000000000020097
:1027400000200200002003FFFFE003FFFFE0020083
:1027500000200200002002000020020000200300F0
:10276000006001000040018000C000F00780007F91
:10277000FE00000FF8000000000000000000000054
:102780000000000000000000000000000000000049
:102790000000000000000000000000000000000039
:1027A0000000000000000000000000000000000029
:1027B0000000000000000000000000000000020017
:1027C00000200200002003FFFFE003FFFFE0020102
:1027D000002002010020020100200201002002016D
:1027E000002002038020020FE0200300006003C0ED
:1027F00000E0006003000000000000000000000096
:1028000000000000000000000000000000000000C8
:1028100000000000000000000000000000000000B8
:1028200000000000000000000000000000000000A8
:102830000000000000000000000000000000020096
:1028400000200200002003FFFFE003FFFFE0020181
:10285000002002010020020100000201000002012C
:1028600000000201000002038000030FE0000300EB
:10287000000003C000000060000000000000000035
:102880000000000000000000000000000000000048
:102890000000000000000000000000000000000038
:1028A0000000000000000000000000000000000028
:1028B0000000000000000000000000000000000711
:1028C000F800003FFE000070078001C001C0010059
:1028D000004003000020020000200200002002004F
:1028E0000020010020200100204003C03F80003074
:1028F0003F800000200000002000000000000000D9
:1029000000000000000000000000000000000000C7
:1029100000000000000000000000000000000000B7
:1029200000000000000000000000000000000000A7
:102930000000000000000000000002000020020073
:10294000002003FFFFE003FFFFE002008020020001
:102950008020000080000000800000008000020055
:1029600080200200802003FFFFE003FFFFE0020061
:102970000020020000200000000000000000000015
:102980000000000000000000000000000000000047
:102990000000000000000000000000000000000037
:1029A0000000000000000000000000000000000027
:1029B0000000000000000000000000000000000017
:1029C00000000000000002000020020000200200C1
:1029D00000200200002003FFFFE003FFFFE00200F1
:1029E0000020020000200200002002000020000061
:1029F00000000000000000000000000000000000D7
:102A000000000000000000000000000000000000C6
:102A100000000000000000000000000000000000B6
:102A200000000000000000000000000000000000A6
:102A30000000000000000000000000000000000096
:102A4000000E0000000F0000000F00000001020057
:102A5000000102000001020000030200000603FF63
:102A6000FFFC03FFFFF8020000000200000002006C
:102A70000000020000000000000000000000000054
:102A80000000000000000000000000000000000046
:102A90000000000000000000000000000000000036
:102AA0000000000000000000000000000000000026
:102AB0000000000000000000000000000000020014
:102AC00000200200002003FFFFE003FFFFE0020000
:102AD000C0200201002000078000000FE00000304D
:102AE000F80002603E2003800F20030003E0020094
:102AF00000E00200002000000020000000000000B4
:102B000000000000000000000000000000000000C5
:102B100000000000000000000000000000000000B5
:102B200000000000000000000000000000000000A5
:102B30000000000000000000000000000000020093
:102B400000200200002003FFFFE003FFFFE002007F
:102B500000200200002000000020000000200000F3
:102B600000200000002000000020000000600000A5
:102B700000E0000003000000000000000000000072
:102B80000000000000000000000000000000000045
:102B90000000000000000000000000000000000035
:102BA0000000000000000000000000000000000025
:102BB00000000000000000000000020000200200F1
:102BC000002003FFFFE003E0002003FF0020001FC0
:102BD000F0000001FF8000000FE000001E00000375
:102BE000E000003E002003E0002003FFFFE003FFC1
:102BF000FFE00200002002000020000000000000B2
:102C000000000000000000000000000000000000C4
:102C100000000000000000000000000000000000B4
:102C200000000000000000000000000000000000A4
:102C30000000000000000000000002000020020070
:102C4000002003FFFFE00380002003F0002000FCD1
:102C50000000001F00000007C0000001F00000009D
:102C60007C0002001F80020007E003FFFFE002007B
:102C70000000020000000000000000000000000052
:102C80000000000000000000000000000000000044
:102C90000000000000000000000000000000000034
:102CA0000000000000000000000000000000000024
:102CB0000000000000000000000000000000000F05
:102CC000F800003FFE0000F00780018000C0010016
:102CD000004002000020020000200200002002004C
:102CE000002001000040018000C000F00380003F90
:102CF000FE00000FF80000000000000000000000CF
:102D000000000000000000000000000000000000C3
:102D100000000000000000000000000000000000B3
:102D200000000000000000000000000000000000A3
:102D30000000000000000000000000000000020091
:102D400000200200002003FFFFE003FFFFE002007D
:102D5000802002008020020080000200800002002B
:102D6000800002008000030180000183000000FE5B
:102D70000000007C000000000000000000000000D7
:102D80000000000000000000000000000000000043
:102D90000000000000000000000000000000000033
:102DA0000000000000000000000000000000000023
:102DB0000000000000000000000000000000000F04
:102DC000F800007FFF0000F00380018001C00100D7
:102DD0000640020004200200042002000620020037
:102DE00003E0010000F80180005C00E0038C003F7C
:102DF000FF0C000FFC1800000000000000000000A5
:102E000000000000000000000000000000000000C2
:102E100000000000000000000000000000000000B2
:102E200000000000000000000000000000000000A2
:102E30000000000000000000000000000000020090
:102E400000200200002003FFFFE003FFFFE002017B
:102E5000002002010020020180000201E0000201C6
:102E6000FC0003033F80018607E001FC00E000F85E
:102E70000020000000200000000000000000000012
:102E80000000000000000000000000000000000042
:102E90000000000000000000000000000000000032
:102EA0000000000000000000000000000000000022
:102EB0000000000000000000000000000000000012
:102EC00000000078060000FE01E0018600C0030358
:102ED0000040020300200201802002018020020144
:102EE000C0200200C0200100E060018070C003E04B
:102EF0003F8000001F0000000000000000000000F4
:102F000000000000000000000000000000000000C1
:102F100000000000000000000000000000000000B1
:102F200000000000000000000000000000000000A1
:102F30000000000000000000000000000000006031
:102F400000000380000003000000020000000200F7
:102F500000200200002003FFFFE003FFFFE002006B
:102F60000020020000200200000002000000038098
:102F7000000000E000000000000000000000000071
:102F80000000000000000000000000000000000041
:102F90000000000000000000000000000000000031
:102FA0000000000000000000000000000000000021
:102FB000000000000000000000000200000002000D
:102FC000000003FFFF0003FFFFC0020000400200FB
:102FD0000060000000200000002000000020000031
:102FE0000020020000400200008003FFFF000200FA
:102FF00000000200000000000000000000000000CF
:1030000000000000000000000000000000000000C0
:1030100000000000000000000000000000000000B0
:1030200000000000000000000000000000000000A0
:10303000000000000000000000000000000002008E
:1030400000000200000003C0000003FC0000023F7B
:10305000C0000003F80000007F80000007E00000CF
:103060000780000078000203C000023C000003C09B
:10307000000002000000020000000000000000004C
:103080000000000000000000000000000000000040
:103090000000000000000000000000000000000030
:1030A0000000000000000000000000000000000020
:1030B000000000000000000000000200000003C04B
:1030C000000003FF8000023FFE0002007FE00000DE
:1030D0000F000200F00003EF000003FF8000020F6A
:1030E000FE0000003FE000001F000207E00003F8C0
:1030F00000000300000002000000000000000000CB
:1031000000000000000000000000000000000000BF
:1031100000000000000000000000000000000000AF
:10312000000000000000000000000000000000009F
:10313000000000000000000000000000000002008D
:10314000002002000020038000E003F0032002FCC6
:103150000C20021F30000007C0000007F00002181A
:103160007C0002601F20038003E0020000E00200F8
:10317000002000000020000000000000000000000F
:10318000000000000000000000000000000000003F
:10319000000000000000000000000000000000002F
:1031A000000000000000000000000000000000001F
:1031B000000000000000000000000000000002000D
:1031C00000000300000003C0000003F80000023EFE
:1031D0000020020FC0200001FFE000007FE000039C
:1031E0008020021C0020027000000380000002000A
:1031F00000000200000000000000000000000000CD
:1032000000000000000000000000000000000000BE
:1032100000000000000000000000000000000000AE
:10322000000000000000000000000000000000009E
:10323000000000000000000000000000000000008E
:103240000020006000E0038003E003000FA0020004
:103250003E200200F8200203E020020F8020023E00
:1032600000200278002003E00060038000E00200FC
:10327000030000000000000000000000000000004B
:10328000000000000000000000000000000000003E
:10329000000000000000000000000000000000002E
:1032A000000000000000000000000000000000001E
:1032B000000000000000000000000000000000000E
:1032C00000000000000000000000000000000000FE
:1032D00000001FFFFFFC100000041000000410009D
:1032E000000410000004100000041000000410008E
:1032F00000040000000000000000000000000000CA
:1033000000000000000000000000000000000000BD
:1033100000000000000000000000000000000000AD
:10332000000000000000000000000000000000009D
:10333000000000000000000000000000000000008D
:103340000000000000000700000003C0000000783B
:103350000000001E00000003C0000000F00000009C
:103360001E0000000780000000F00000003C00008C
:103370000006000000000000000000000000000047
:10338000000000000000000000000000000000003D
:10339000000000000000000000000000000000002D
:1033A000000000000000000000000000000000001D
:1033B000000000000000000000000000000000000D
:1033C00000001000000410000004100000041000B1
:1033D00000041000000410000004100000041FFF8F
:1033E000FFFC0000000000000000000000000000E2
:1033F00000000000000000000000000000000000CD
:1034000000000000000000000000000000000000BC
:1034100000000000000000000000000000000000AC
:10342000000000000000000000000000000000009C
:10343000000000000000000000000000000000008C
:103440000000000000000000000002000000040076
:103450000000080000001800000010000000180024
:10346000000018000000040000000200000000003E
:10347000000000000000000000000000000000004C
:10348000000000000000000000000000000000003C
:10349000000000000000000000000000000000002C
:1034A000000000000000000000000000000000001C
:1034B000000000000000000000000000000100000B
:1034C00000010000000100000001000000010000F8
:1034D00000010000000100000001000000010000E8
:1034E00000010000000100000001000000010000D8
:1034F00000010000000100000001000000000000C9
:1035000000000000000000000000000000000000BB
:1035100000000000000000000000000000000000AB
:10352000000000000000000000000000000000009B
:10353000000000000000000000000000000000008B
:10354000000000000000100000001000000010004B
:103550000000180000000800000004000000000047
:10356000000000000000000000000000000000005B
:10357000000000000000000000000000000000004B
:10358000000000000000000000000000000000003B
:10359000000000000000000000000000000000002B
:1035A000000000000000000000000000000000001B
:1035B000000000000000000000000000000000000B
:1035C000038000018FC000038C60000618200004F7
:1035D00010200004102000042020000420400006D9
:1035E00020400003FFC00001FFE0000000200000B9
:1035F0000020000000C000000000000000000000EB
:1036000000000000000000000000000000000000BA
:1036100000000000000000000000000000000000AA
:10362000000000000000000000000000000000009A
:103630000000000000000000000000000000020088
:1036400000000200000003FFFFE007FFFFC00001D1
:1036500080C000020060000200200004002000047E
:1036600000200004002000060040000300C000010C
:10367000FF800000FE0000000000000000000000CD
:10368000000000000000000000000000000000003A
:10369000000000000000000000000000000000002A
:1036A000000000000000000000000000000000001A
:1036B000000000000000000000000000000000000A
:1036C000000000007E000001FF80000381C00002B6
:1036D0000040000600200004002000040020000438
:1036E0000020000600200003C0400001C080000050
:1036F00003000000000000000000000000000000C7
:1037000000000000000000000000000000000000B9
:1037100000000000000000000000000000000000A9
:103720000000000000000000000000000000000099
:103730000000000000000000000000000000000089
:10374000000000007E000001FF80000380C0000632
:103750000060000400200004002000040020020497
:1037600000400202008003FFFFE007FFFFC00000EF
:1037700000400000004000000000000000000000C9
:103780000000000000000000000000000000000039
:103790000000000000000000000000000000000029
:1037A0000000000000000000000000000000000019
:1037B0000000000000000000000000000000000009
:1037C000000000007E000001FF80000311C0000225
:1037D00010400004106000041020000410200004B9
:1037E000102000061020000310400001F0C000006F
:1037F0007100000000000000000000000000000058
:1038000000000000000000000000000000000000B8
:1038100000000000000000000000000000000000A8
:103820000000000000000000000000000000000098
:103830000000000000000000000000000000000088
:103840000000000400000004002000040020000428
:103850000020007FFFE001FFFFE0010400200304DF
:1038600000200204002002040020020400000200E4
:10387000000001C0000001C00000000000000000C6
:103880000000000000000000000000000000000038
:103890000000000000000000000000000000000028
:1038A0000000000000000000000000000000000018
:1038B0000000000000000000000000000000000008
:1038C00000000000001C0000E33E0003FFC20002F5
:1038D0000CC3000404C1000404C1000404C10004BA
:1038E00004C100060CC10003F8C30005F062000625
:1038F000007E0006003C0000000000000000000008
:1039000000000000000000000000000000000000B7
:1039100000000000000000000000000000000000A7
:103920000000000000000000000000000000000097
:103930000000000000000000000000000000020085
:1039400000200200002003FFFFE007FFFFE000016E
:103950000020000200200006000000040000000417
:10396000000000040020000600200003FFE000012A
:10397000FFE0000000200000002000000000000028
:103980000000000000000000000000000000000037
:103990000000000000000000000000000000000027
:1039A0000000000000000000000000000000000017
:1039B0000000000000000000000000000000000007
:1039C00000000000000000040020000400200004AB
:1039D0000020000400200387FFE0038FFFE0038046
:1039E0000020000000200000002000000020000057
:1039F00000000000000000000000000000000000C7
:103A000000000000000000000000000000000000B6
:103A100000000000000000000000000000000000A6
:103A20000000000000000000000000000000000096
:103A30000000000000000000000000000000000086
:103A40000000000000000000000600000007000069
:103A50000001000000010004000100040001000456
:103A60000003000400060387FFFC038FFFF80380B8
:103A70000000000000000000000000000000000046
:103A80000000000000000000000000000000000036
:103A90000000000000000000000000000000000026
:103AA0000000000000000000000000000000000016
:103AB0000000000000000000000000000000020004
:103AC00000200200002003FFFFE007FFFFE00000EE
:103AD000082000001020000030000000FC0000055D
:103AE0008E00000707A0000601E0000400E00004CB
:103AF0000020000000200000000000000000000086
:103B000000000000000000000000000000000000B5
:103B100000000000000000000000000000000000A5
:103B20000000000000000000000000000000000095
:103B30000000000000000000000000000000000085
:103B4000000000000000020000200200002002002F
:103B500000200200002003FFFFE007FFFFE000005D
:103B600000200000002000000020000000200000D5
:103B70000000000000000000000000000000000045
:103B80000000000000000000000000000000000035
:103B90000000000000000000000000000000000025
:103BA0000000000000000000000000000000000015
:103BB0000000000000000000000000000000000401
:103BC00000200007FFE0000FFFE0000200200004DB
:103BD0000000000400200007FFE00003FFE00002F7
:103BE000002000040000000400200007FFE00003A4
:103BF000FFE00000002000000000000000000000C6
:103C000000000000000000000000000000000000B4
:103C100000000000000000000000000000000000A4
:103C20000000000000000000000000000000000094
:103C30000000000000000000000000000000000480
:103C40000020000400200007FFE0000FFFE000015B
:103C50000020000200200002000000040000000418
:103C6000000000040020000600200003FFE0000127
:103C7000FFE0000000200000002000000000000025
:103C80000000000000000000000000000000000034
:103C90000000000000000000000000000000000024
:103CA0000000000000000000000000000000000014
:103CB0000000000000000000000000000000000004
:103CC000000000007E000000FF80000381C00002B1
:103CD0000040000600200004002000040020000432
:103CE00000200006002000020040000381C0000107
:103CF000FF8000007E0000000000000000000000C7
:103D000000000000000000000000000000000000B3
:103D100000000000000000000000000000000000A3
:103D20000000000000000000000000000000000093
:103D3000000000000000000000000000000000047F
:103D40000001000400010007FFFF000FFFFF00015A
:103D500000C1000200410004002000040020000413
:103D600000200004002000060040000301C0000104
:103D7000FF8000007E000000000000000000000046
:103D80000000000000000000000000000000000033
:103D90000000000000000000000000000000000023
:103DA0000000000000000000000000000000000013
:103DB0000000000000000000000000000000000003
:103DC000000000007E000001FF80000380C00002B0
:103DD0000060000400200004002000040020000413
:103DE000002000020041000300C10003FFFF0007A4
:103DF000FFFF0000000100000001000000000000C3
:103E000000000000000000000000000000000000B2
:103E100000000000000000000000000000000000A2
:103E20000000000000000000000000000000000092
:103E3000000000000000000000000000000000047E
:103E40000020000400200004002000040020000FD7
:103E5000FFE0000FFFE00000C02000010020000292
:103E600000200006002000040000000400000007FD
:103E7000000000030000000000000000000000003F
:103E80000000000000000000000000000000000032
:103E90000000000000000000000000000000000022
:103EA0000000000000000000000000000000000012
:103EB0000000000000000000000000000000000002
:103EC0000000000003E00001C0E00003E040000645
:103ED00030200004302000041820000418200004C2
:103EE000182000040C2000020C60000307C000072B
:103EF00083800000000000000000000000000000BF
:103F000000000000000000000000000000000000B1
:103F100000000000000000000000000000000000A1
:103F20000000000000000000000000000000000091
:103F30000000000000000000000000000000000081
:103F40000000000400000004000000040000000C59
:103F50000000001FFF8000FFFFC00004006000049D
:103F600000200004002000040020000400400000A5
:103F700001800000000000000000000000000000C0
:103F80000000000000000000000000000000000031
:103F90000000000000000000000000000000000021
:103FA0000000000000000000000000000000000011
:103FB00000000000000000000000000000000004FD
:103FC0000000000400000007FF80000FFFC0000099
:103FD0000060000000200000002000000020000021
:103FE000002000040040000400800007FFE0000FF4
:103FF000FFC0000000400000004000000000000082
:1040000000000000000000000000000000000000B0
:1040100000000000000000000000000000000000A0
:104020000000000000000000000000000000000090
:10403000000000000000000000000000000000047C
:10404000000000040000000780000007F0000004EA
:10405000FE0000041FC0000003E000000380000019
:104060001C0000046000000780000006000000043F
:104070000000000000000000000000000000000040
:104080000000000000000000000000000000000030
:104090000000000000000000000000000000000020
:1040A0000000000000000000000000000000000010
:1040B00000000000000000000000000400000006F6
:1040C00000000007C0000007FC0000043F80000063
:1040D00003E000040F800006F0000007F000000776
:1040E000FF8000040FE00000038000043C00000794
:1040F000C0000006000000040000000000000000F6
:1041000000000000000000000000000000000000AF
:10411000000000000000000000000000000000009F
:10412000000000000000000000000000000000008F
:10413000000000000000000000000000000000007F
:1041400000200004002000040060000700E00007D9
:1041500083200007E6000004F80000003C00000493
:104160005E20000587A0000601E000040060000456
:1041700000200000002000000000000000000000FF
:10418000000000000000000000000000000000002F
:10419000000000000000000000000000000000001F
:1041A000000000000000000000000000000000000F
:1041B00000000000000000000000000000000004FB
:1041C000000000040003000700030007E0010004F2
:1041D000F80100041F02000007FC000000E00000DE
:1041E0000700000438000007C000000600000004BB
:1041F00000000004000000000000000000000000BB
:1042000000000000000000000000000000000000AE
:10421000000000000000000000000000000000009E
:10422000000000000000000000000000000000008E
:10423000000000000000000000000000000000007E
:10424000000000078060000600E0000403E00004B6
:1042500007A000040E2000043C200004702000058C
:10426000E0200007802000070060000400E000005C
:1042700003800000000000000000000000000000BB
:10428000000000000000000000000000000000002E
:10429000000000000000000000000000000000001E
:1042A000000000000000000000000000000000000E
:1042B00000000000000000000000000000000000FE
:1042C00000000000000000000000000000000000EE
:1042D00000000000000000008000000080000001DD
:1042E000400007FE3FF80800000410000002100024
:1042F00000020000000000000000000000000000BC
:1043000000000000000000000000000000000000AD
:10431000000000000000000000000000000000009D
:10432000000000000000000000000000000000008D
:10433000000000000000000000000000000000007D
:10434000000000000000000000000000000000006D
:1043500000000000000000000000FFFFFFFF000061
:10436000000000000000000000000000000000004D
:10437000000000000000000000000000000000003D
:10438000000000000000000000000000000000002D
:10439000000000000000000000000000000000001D
:1043A000000000000000000000000000000000000D
:1043B00000000000000000000000000000000000FD
:1043C000000010000002100000020800000407FEB8
:1043D0003FF8000140000000800000008000000065
:1043E00000000000000000000000000000000000CD
:1043F00000000000000000000000000000000000BD
:1044000000000000000000000000000000000000AC
:10441000000000000000000000000000000000009C
:10442000000000000000000000000000000000008C
:104430000000000000000000000000000000180064
:10444000000030000000400000004000000040007C
:104450000000200000003000000008000000040000
:1044600000000200000002000000020000000C003A
:104470000000180000000000000000000000000024
:10448000000000000000000000000000000000002C
:10449000000000000000000000000000000000001C
:1044A000000000000000000000000000000000000C
:1044B00000000000000000000000C6D50000000061
:1044C00000E0380000783C00003C7800003C70C000
:1044D000001CE1E01FFFFFF0001CE3000E1CE7C022
:1044E000079CE78003DCEF0003DCEE0001DCFC60EE
:1044F000009CF9F07FFFFFF80000000001C00E00F3
:1045000001FFFF0001C00E0001C00E0001C00E003F
:1045100001FFFE0001C00E0001C00E0001C00E0030
:1045200001FFFE0001C00E0001C00E0000000000EF
:10453000D6D0000000000007000000078000000740
:1045400000000007000000070000000701801FFFB7
:10455000FFE01FFFFFE01E0701C01E0701C01E078E
:1045600001C01E0701C01E0701C01E0701C01FFFBA
:10457000FFC01FFFFFC01E0701C01C07018000070E
:10458000000000070000000700000007000000070F
:1045900000000007000000070000000700000007FF
:1045A000000000000000BFC60000000000000780FF
:1045B000003C07C001FC07803FE0078039C1C7808D
:1045C00001C0E78001C0F78001C0778001DE7780FD
:1045D0007FFE078001C0078003C3C78003E1E78037
:1045E00003F8F78007FCE7F00FDE67F80FDC07F849
:1045F0001FC0FF801DDFE78039CC078071C00780B6
:1046000061C0078001C0078001C0078001E007800A
:1046100001E0078001C0070000000000BCBC0000F2
:1046200000000380300003C03C0003C03C0003C016
:10463000380003C0380003C0386003F838F07FFF4B
:10464000FFF003C0380003C0380003C0380003DCAB
:1046500039C003FFFFE007E383C03FC183C07FC1D0
:10466000C3803BC1C78003C0EF0003C0EF0003C09D
:104670007E0003C07C0003C07C0003C0FE003BC37F
:10468000EF803F8787F80FBF03F8077800E000004E
:104690000000000070750108FFFF0000FFFF000030
:1046A00010840000FFFF000018C600001084804046
:1046B000C02A80D420609FDF1A4C80B2E615406A81
:1046C00094BFEA12375B80A4C8ED103050708FAFF2
:1046D000CFEFD250E6963CEBB97D32FAF2DBBF9ECB
:1046E000754C280033CFCFCFCFCFCFCF340067CF9B
:1046F0004223F88FF88FF38AA06400004104100071
:1047000003F00F300006D04F000009A06C000CFF32
:10471000FFFFF4000F40C600003F00F400237D358A
:10472000F3306CEECEFC9000C709A00000F40C70D2
:104730000002F00F400000032000000C8000005D2C
:10474000A3000CFCEF606F401CE08F0007F27F407D
:1047500000001DF93000018EFB2000006FD04200E8
:1047600006F4EB0005F48F634CE019FFFC30000FFA
:104770004000000C3000016730000000CB9F20019A
:10478000002F00B804F003F00A80D5000E74E48C0A
:1047900000002AC52E200000000B8010000005D16B
:1047A000CDF50001D48B05E000990C800F001E10A0
:1047B0008A05F0000001DCF5000000001000001682
:1047C00075000001EFCF900006F206F10008F10637
:1047D000F00002F87E6000009FF6000003EFE300A7
:1047E000412EB2DC11F48F203FB6F26F2004FFA0FF
:1047F0002FB305EF7003DFFFAAF400002000004292
:10480000F8F7F27000071009D105F200E8004F3008
:104810000AE000CC000EB000F8000DC000CC000A89
:10482000E0003F3000CA0003F30006F100050081FC
:10483000000AC1000D90004F2000F9000AE0008F2F
:104840000006F3004F4006F2008F000AE000F70078
:104850005F201D700AA0005000000027000012F029
:10486000002E9F9E104DFC5103FAE100580B3000C2
:1048700002720000004F40000004F40000004F40AE
:10488000008FFFFFFF82447F74420004F4000000A9
:104890004F40000003C30000C6F8F5E0466658CC60
:1048A000CB56BC00001300007E0000E70004F200BD
:1048B0000AB0001E50006F0000D90002F20009D0BB
:1048C000000F60005F1000BA0000015751002CEC8F
:1048D000EC20AE101EA0F80008F0F80008F1F80077
:1048E00008F4F80008F4F80008F4F80008F0FA00FA
:1048F0000AF07F616F7008FFF800000200002337A4
:1049000048FFF8000F8000F8000F8000F8000F80CB
:1049100000F8000F8000F8000F8000F801576100D8
:104920001DFCEE30AF101EB0A8000CE000000EB071
:1049300000007F400003E900001CD00000DE1000F2
:104940000AF300007F733331CFFFFFF40157620396
:10495000DFCEE4BE101EC84000BE00000DC0067AC7
:10496000F3009CEC300000CD000008FF90009F9EFB
:10497000505EB19FFFA10002000000000330000064
:1049800003FF000000CFF000006FAF00001E88F0B2
:10499000000AD08F0004F408F000DA008F006FCB1B
:1049A000BDFB648888CF84000008F00000008F0001
:1049B000043333300FFFFFC04F4000004F30000082
:1049C0006F1331008FEFFD308E203FB0000009F0F3
:1049D000000008F1CC0009F07F506E9009FFFA103A
:1049E000000200000036751006FDCE404F7000003A
:1049F000BE000000DB033000FADFFE30FF302DD0B8
:104A0000F80005F4CC0004F4AE0006F22F924EC07C
:104A100004EFFC10000100001333333313CCCCCD72
:104A2000F4000000BD0000007F2000002E600000A8
:104A30000AE0000001F60000006F1000000BD0003B
:104A40000000CC0000000EC0000000FC00000016BA
:104A50007610003EFCFE300BF101FB00CC000CD0C8
:104A60000AD100EB001DD7CD10019FCE9100CD10D3
:104A70001DB02F70006F21F80008F10CE505EC0067
:104A80001AFFFB1000002000000016740003EECF98
:104A9000B00DC103F82F6000CC4F40009E1F700086
:104AA0009F0CE407FF01CFFD9F000030BD00000018
:104AB000EB02303AF306FFFE400003000066CC0034
:104AC0000000000066CC66CC0000000000C6F8F5CF
:104AD000E0000004B0006BFE06DFA408FA20002A04
:104AE000FC5100029FE9000018F00000019BBBBBD5
:104AF00096888886000000067777769CCCCC90A2BA
:104B000000000FFA400006BFC5000028FB0039EE88
:104B100076CFD600FA40000200000000677201CF95
:104B2000CEE46F301EC24000CE00000EB0000AF38B
:104B30000006F60002F900003C30000000000027EB
:104B4000400004F80000000030000000006BFCFC96
:104B50006000019D30002BA1008B1000000B802F06
:104B60002007A9202F19A009D69F00C4C604F20768
:104B7000C00A6F408D008C0088F00CC008A0088F20
:104B800040CC00C800D4F40AD14E906E0BA03FFD7B
:104B90005FCD203F1002001100009C30000000009B
:104BA000007FA779A00000001478610000000033A6
:104BB00000000000EF10000004FF7000000AEBC0CE
:104BC00000000F96F200005F21F70000BD00BD005D
:104BD00001F9337F3006FFFFFF900DD0000AD02F80
:104BE000700005F47F100000FA333333000CFCCE64
:104BF000FB10CC0004F80CC0000CC0CC0001EA0C87
:104C0000D778DC10CFCCCDE60CC00007F4CC000088
:104C10000F8CC00002F7CC3334CF2CFFFFFB3000E9
:104C2000257510007FDCEE604F8001BE2CE0000394
:104C3000F5F80000042F80000000F80000000F804D
:104C4000000000EA00000C6AE10005F41FC314EC48
:104C5000002CFFF9100000200000333332000CFC60
:104C6000CFFA10CC0004EC0CC00004F7CC00000E0E
:104C7000BCC00000CCCC00000CCCC00000CCCC00F0
:104C8000000F9CC00008F4CC3349F80CFFFFC400AF
:104C900033333331CFCCCCC3CC000000CC00000088
:104CA000CC000000CD777740CFCCCC60CC000000AA
:104CB000CC000000CC000000CC333331CFFFFFF438
:104CC00033333332CFCCCCC6CC000000CC00000054
:104CD000CC000000CC333320CFFFFF80CC0000009D
:104CE000CC000000CC000000CC000000CC00000094
:104CF00000257520007FECEE604F9000AE2CE000A8
:104D000002F6F90000000F80000000F8006BBB6F96
:104D1000800488F8EB00000F8AE20000F81FC4024C
:104D20007F601AFFFE500000200000330000023CAC
:104D3000C000008FCC000008FCC000008FCC000039
:104D400008FCC333339FCFFFFFFFFCC000008FCCB4
:104D5000000008FCC000008FCC000008FCC0000070
:104D60008F358F8F8F8F8F8F8F8F8F8F8F0000005A
:104D700042000000F8000000F8000000F800000009
:104D8000F8000000F8000000F8000000F813000030
:104D9000F84F4004F52FB22CF105EFFD3000011063
:104DA00000330000132CC0001CD1CC000AF30CC04F
:104DB00007F400CC04F6000CC4EA0000CFCF90004A
:104DC0000CC08F6000CC00BE300CC001DD10CC00E8
:104DD00003FC0CC00005F933000000CC000000CC3F
:104DE000000000CC000000CC000000CC000000CC93
:104DF000000000CC000000CC000000CC000000CC83
:104E0000333332CFFFFFF8332000000232CFA0004F
:104E1000000CF8CFF100002FF8CDF700009EF8CC81
:104E2000AC0000F8F8CC3F3005F2F8CC0DA00BB088
:104E3000F8CC06E12F50F8CC01F68E00F8CC00AC8F
:104E4000D800F8CC003FF200F8CC000DB000F833E9
:104E50000000023CF700008FCFE10008FCDFA0005B
:104E60008FCC5F5008FCC0CD108FCC02F908FCC07D
:104E700007F48FCC000DC8FCC0003FEFCC00009FB2
:104E8000FCC00001EF00257410007FECFE504F9035
:104E900001AF2DD00001EBF800000ADF8000008F89
:104EA000F8000008FF8000008FF900000CDAE10034
:104EB00002F81FC434ED102BFFF9100000100000A1
:104EC000333333100CFCCCFE60CC0001BE2CC00090
:104ED00003F6CC00003F6CC0000AF2CEBBBEF60C5D
:104EE000E8884200CC0000000CC0000000CC0000AC
:104EF000000CC0000000002574100007FECFE50084
:104F00004F9001AF20DD00001EB0F800000AD0F87D
:104F1000000008F0F8000008F0F8000008F0F900C0
:104F2000000CE0AE10002F901FC434EF4002BFFF12
:104F3000AFE300002001D6333333000CFCCDFD304D
:104F4000CC0001DD0CC00007F2CC00008F1CC33385
:104F50005E90CFFFFFC10CC0005FB0CC00008F0C93
:104F6000C00008F4CC00006F4CC00003F70047738A
:104F7000000CFCCFB17F3003F9BD0000BC7F3000D6
:104F8000001DF94000007DFE70000028F94200007D
:104F9000AEEA0000AF6F7216F906EFFF8000001056
:104FA0000033333333319CCCFECCC30000F8000017
:104FB0000000F800000000F800000000F800000009
:104FC00000F800000000F800000000F800000000F9
:104FD000F800000000F800000000F80000330000B6
:104FE000033CC00000CCCC00000CCCC00000CCCCFA
:104FF00000000CCCC00000CCCC00000CCCC00000E9
:10500000CCCC00000EBAE10002F82FB314CE103C55
:10501000FFFB20000010000033000000338F200051
:1050200001FA2F800006F40CD0000BE006F3001FFD
:105030008001F9007F2000AD00DD00005F42F60036
:10504000000EA7F1000009EDA0000002FF500000D3
:1050500000DE0000330000430001328F2002FD001B
:1050600006F54F6006FF2009F10F900ACF700DD0B2
:105070000CC00FADB00F9008F03F58E04F5005F452
:105080007F03F48F1001F8CB00F8BD0000DBF700C0
:10509000ACE900009DF2006EF600005FE0001FF238
:1050A00000001F90000DE00013200002320DE1000F
:1050B0000CF104F9006F70009F21EC00001EB9F2A2
:1050C000000004FF80000001EF30000009FEB00086
:1050D000004F84F70000EE00BE2008F4002FB03F20
:1050E000B00008F523100000434F800007F40BE1E7
:1050F000001EC002F8008F4000AE21EA00001FA889
:10510000F2000008FEA0000001FF10000000CC002B
:10511000000000CC00000000CC00000000CC00002B
:105120001333333323CCCCCDF80000009F20000094
:105130004F7000001DC000000BF2000005F70000DA
:1051400001EC000000BF2000005F5000001EC333D0
:105150003334FFFFFFFCCFF4CD41CC00CC00CC00BA
:10516000CC00CC00CC00CC00CC00CC00CC00CC00DF
:10517000CC00CEB3688223000006F200000F80004E
:1051800000AD000003F400000DA000007F1000013E
:10519000F600000AC000005F300000E9000008E0EF
:1051A00000002F60FFF4AF08F08F08F08F08F08F39
:1051B00008F08F08F08F08F08FCDF88800130000FA
:1051C0009F3000FEA006F7F10DA0F73F309D2400B0
:1051D00014FFFFFFF3333333301B8003F50023004C
:1051E00017771003EDBEE20BD001F8000000DC01E0
:1051F0009CFFFC0DE500CC2F8000EC0FA44BFC06BF
:10520000FFF6CC0002000033000000CC000000CC10
:10521000000000CC000000CC477200CEFCEF50CE66
:10522000101DD0CC0006F4CC0004F4CC0004F4CC67
:105230000007F3CF634EC0C8CFFD1000011000007F
:1052400016761003EEAEC10CE101F81F8000654F29
:105250004000003F6000000FA0009708E517F50030
:105260009FFF8000002000000000230000008F004E
:1052700000008F0000008F0027748F03EECECF0C4C
:10528000E101DF0F80008F4F50008F4F50008F0FD4
:1052900090009F0AE526FF01CFFD7F00001000006F
:1052A00016761002DEBFC10CE102F71F9333CB4F1D
:1052B000FFFFFC3F7000000FA0000008F611520035
:1052C0007FFFE30000210000043100CFF404F70069
:1052D00008F1006BF7609EFC9008F00008F00008F1
:1052E000F00008F00008F00008F00008F0000027C7
:1052F000742703EECEBF0AF100CF0F90008F1F80FE
:10530000008F1F80008F0FA0009F08F635EF01AFC0
:10531000FEBF0000209F003002EB02FFFFE20025ED
:1053200064003300000CC00000CC00000CC0000082
:10533000CC27750CDDCEF6CE100DCCC0008FCC0086
:1053400008FCC0008FCC0008FCC0008FCC0008F027
:1053500033CC660066CCCCCCCCCCCCCCCC003300EF
:10536000CC00330000006700CF00CF00CF00CF009B
:10537000CF00CF00CF00CF00CF00DC8DF52620334B
:1053800000000CC00000CC00000CC00000CC0017D6
:105390005CC00BF3CC07F60CC3EA00CFFF100CC2C5
:1053A000F900CC07F50CC00CE2CC002FB033BCBC2C
:1053B000BCBCBCBCBCBCBCBCBCBC642774027730ED
:1053C000CBECFF7ECEF4CE102FF301FBCC000CC053
:1053D00000CCCC000CC000CFCC000CC000CFCC0067
:1053E0000CC000CFCC000CC000CFCC000CC000CF54
:1053F0006427750CADCDF6CE100DCCC0009FCC004F
:1054000008FCC0008FCC0008FCC0008FCC0008F066
:1054100000167610002DEBEE300CE101DC00F800F8
:1054200006F34F40004F42F60004F40FA0008F1027
:105430008F615E90008FFF90000001000062477254
:1054400000CCECEF50CE101ED0CC0006F3CC000404
:10545000F4CC0004F4CC0008F2CE405EC0CDDFFDF9
:1054600010CC011000CC000000CC00000033000084
:10547000000027743603EEAECC0CE101EC0F800087
:10548000CC4F5000CC4F5000CC0F9000CC0AE4061B
:10549000FC01CFFDDC000020CC000000CC000000AF
:1054A000CC0000003364372CAEF4CE100CC000CC1E
:1054B000000CC000CC000CC000CC000002775006ED
:1054C000FDAFC0DD004F5BD200003CFD8200027DDD
:1054D000E384001F8DC307F63CFFF80000200004A2
:1054E00070008F006BF769EFC908F0008F0008F0BB
:1054F000008F0008F0006F5101DFC000208600041B
:105500007FC0008FFC0008FFC0008FFC0008FFC0B8
:10551000008FCC0009F8F426FF1CFFC9F001100031
:10552000470000765F5002F70EA007F109E00CB0CB
:1055300002F51F5000DA6F00006EBA00001FF30082
:10554000000BE0004700056000856F300EE002F7B9
:105550001F703FF506F20DB09CC909E008E0D77D49
:105560000D9003F5F22F4F5000FCE00DCF0000AF7F
:105570009007FB00005F3002F600373003731EB067
:105580000CE104F56F50009DDB00001FF100005F8F
:10559000F50001EA9E100BF11FA05F7006F5670091
:1055A00000867F3003F71F9009F20BD00EB005F391
:1055B0003F6000E99F10009DDA00002FF500000D0C
:1055C000E000000F9000007F20001FF9000017305E
:1055D0000000277777723CCCCFF300004F800001AA
:1055E000EC00000CF100007F500003F900001DE307
:1055F00033324FFFFFF8000050001CE2008F100014
:10560000CC0000CC0000DC0001F9004AF2006FB0D1
:105610000003F70000EB0000CC0000CC0000BD0050
:10562000003F910003A132DADADADADADADADADA2A
:10563000DADADADA410008F4000AE0004F4004F454
:10564000004F4003F6000AE7005FD01F9004F4000B
:105650004F4004F4007F204E9008600002310000AB
:1056600005EFF7005AE707FB7D861003BC900000AA
:1056700000000003740000000058DFFC0000069EDC
:10568000FFFFFC00007FFFFFFFFC00008FFFFFFF1C
:10569000FC00008FFFFFD7AC00008FFB61008C0087
:1056A000008D0000008C00008C0000008C00008C3D
:1056B000000364AC00008C00AFFFFC00208C00FFF6
:1056C000FFFB6DFFEC004DFFA1FFFFFC00000000A1
:1056D0008FFFF40000000001440000000000377755
:1056E00077777777777750FB8FF8888888DF89F12D
:1056F000F408800000008C00F4F63A800000008C72
:1057000034F4FFFF800000008FFFF4F509800000F3
:10571000008D01F4F408800000008C00F4FCBEEB66
:10572000BBBBBBDFBCF4FA8DD8888888CE89F4F483
:1057300008800000008C00F4F73B800000008D34EE
:10574000F4FFCF800000008FDEF4F4098000000039
:105750008C00F4F409900000008C00F4DEBFFBBB69
:10576000BBBBFFCDF0144444444444444410777719
:10577000317777777776FFFF84FFFFFFFFFFFFFF2B
:1057800084FFFFFFFFFFBCCC52CCCCCCCCCB0000C5
:10579000000000000000DFFF72EFFFFFFFFCFFFFD3
:1057A00084FFFFFFFFFFFFFF84FFFFFFFFFF58881D
:1057B0001078888888855777107777777775FFFF17
:1057C00084FFFFFFFFFFFFFF84FFFFFFFFFFDFFFFF
:1057D00072FFFFFFFFFD00000000000960000000F5
:1057E0000000AFF6000000000AFFFE03500000AF0B
:1057F000FFF33EF9000AFFFF30EFFF90AFFFF30029
:105800006FFFFBFFFF300006FFFFFFF30000006F9C
:10581000FFFF3000000006FFF300000000006C30C6
:10582000000000035000015103EF6001CFC1FFFFF2
:1058300061CFFF86FFFFDFFFF306FFFFFFF30007E7
:10584000FFFFF30001CFFFFF6001CFFFFFFF60CF3D
:10585000FFF8FFFF5DFFF306FFF71DF30006FA00F8
:105860000100000200000000A7000000000004FF8B
:10587000000000001514FF02500003CF84FF0CF954
:10588000000DFF34FF09FF806FF404FF00AFF2BF8B
:10589000A004FF001FF7FF6003FF000CFAFF4000A9
:1058A000320009FCEF700000000DF9AFD0000000DD
:1058B0003FF52FF9000001CFE008FFC5337EFF3030
:1058C000009FFFFFFFF5000004BFFFEA200000007B
:1058D000001000000000000477200000002209FFF3
:1058E00040300003EE7DFFB8F9000BFFFFFFFFFF24
:1058F0006002FFFFFFFFFC0013EFF812CFFB30FF49
:10590000FFD0001FFFFCFFFFA0000FFFFCACFFE17A
:10591000004FFFC700EFFD78EFF90006FFFFFFFF24
:10592000FE3009FFFFFFFFFF5000AA1CFF73C600F7
:10593000000008FF400000000001440000000000DB
:105940007777400000007E889F1000433D8333D866
:10595000332CFDCCCCCCCFE60C40000000C800C4FA
:105960004426071C800C4884C0F4C800C4884C0F2F
:105970004C800C4884C0F4C800C4884C0F4C800C88
:105980004884C0F4C800C42213040C800C500000EA
:1059900000D7008FFFFFFFFF1000244444440000A5
:1059A000000000161057400000003EFC2CF80000DC
:1059B000006ED4EEDF8000008FA7E5DFF800019FC6
:1059C00089FFF6AFA001CF7AFFFFF97FB1BF6CFF6F
:1059D000FFFFFC6F711CFFFFFFFFF82000CFFFA847
:1059E000CFFF80000CFFF408FFF80000CFFF408FCE
:1059F000FF80000BFFF408FFF700000002BBA100CE
:105A0000000000004FFF400000000004FFF4000011
:105A10000000004FFF400000000336FFF632000098
:105A200000FFFFFFFFF0000006FFFFFFF300000094
:105A300006FFFFF30000000006FFF3000007777782
:105A400036F3377775FFFFFE304EFFFFCFFFFFFFC6
:105A5000EFFEFFECFFFFFFFFFF7AA7CDFFFFFFFF89
:105A6000FFFFFB0027777777610000EFFFFFFFF86C
:105A70000004FB444444EE000BF20000008F602F52
:105A8000C00000001FD09F500000000AF4FE332029
:105A9000000336FAFFFFD0002FFFFCFFFFF977BFAE
:105AA000FFFCFFFFFFFFFFFFFCFFFFFFFFFFFFFC0F
:105AB000FFFFFFFFFFFFFB000025775100000019EB
:105AC000FFFFFE70AB01CFFFCDFFFDFC0DFF7000AF
:105AD0001BFFFC5FF500000AFFFCBFA000006FFF8A
:105AE000FB24100000044441000000000000007787
:105AF000777000000774FFFFD000003FF3FFFE1037
:105B00000001CFC0FFFFC5337EFF30FD9FFFFFFFC9
:105B1000F3007104BFFFE810000000001000000057
:105B200000000AC0000AFC000AFFCFFFFFFCFFFFD5
:105B3000FFCFFFFFFCFFFFFFC788FFFC0003FFC094
:105B40000003FC0000038000000AC00000000AFC03
:105B50000000000AFFC0000FFFFFFC0960FFFFFF0D
:105B6000C04F2FFFFFFC00F4FFFFFFC0AE0788FF10
:105B7000FC05100003FFC000000003FC0000000053
:105B8000038000000000000000F710000000AC00DF
:105B900002DC100000AFC00E71BA0000AFFC004D77
:105BA00091F3FFFFFFC0962F2A9FFFFFFC04F2C86E
:105BB0006CFFFFFFC00F4984CFFFFFFC0AE0D78CCA
:105BC000788FFFC0517F1D70003FFC00AF35F100A2
:105BD000003FC00723E6000000380009F60000007F
:105BE000000000820000377777777777777750FA71
:105BF00088888888888889F1F403300000000000D4
:105C0000F4F45FF50000000000F4F4CFFC0000386D
:105C10000000F4F45FF50003EF9000F4F4000000DE
:105C20003EFFF900F4F4003603EFFFFF90F4F403B5
:105C3000EF7EFFFFFFC0F4F43EFFFFFFFFFFC0F465
:105C4000F4CFFFFFFFFFFFC0F4F49CCCCCCCCCCC56
:105C500090F4F400000000000000F3BFFFFFFFFF1E
:105C6000FFFFFFD003444444444444430000000089
:105C700000023000000000003EF90000000000CFEC
:105C8000FF900000003B2DFFF7000003ECC2DFF5A2
:105C900000003EBCFC2D600003EBCFFFC000003EC7
:105CA000BCFFFF600003EBCFFFF600003EDCFFFF10
:105CB000600000FAAFFFF6000000F61AFF60000077
:105CC00000FF46F600000000FFFF600000000044F7
:105CD0004300000000007720000032FF400003E492
:105CE000FF40003EF4FF4003EFF4FF403EFFF4FFAF
:105CF00043EFFFF4FF7EFFFFF4FFFFFFFFF4FF5DC4
:105D0000FFFFF4FF41DFFFF4FF401DFFF4FF400100
:105D1000DFF4FF40001DF4FF400001D42300000029
:105D2000108100000000000FE70000000000FFFDF0
:105D3000500000000FFFFFB4000000FFFFFFFA203B
:105D4000000FFFFFFFFF8100FFFFFFFFFFE70FFFD7
:105D5000FFFFFFFFF5FFFFFFFFFFA10FFFFFFFFCAE
:105D60002000FFFFFFD400000FFFFE60000000FFD7
:105D7000F8100000000FA10000000000200000004B
:105D800000000077777500777775FFFFFC00FFFF55
:105D9000FCFFFFFC00FFFFFCFFFFFC00FFFFFCFF20
:105DA000FFFC00FFFFFCFFFFFC00FFFFFCFFFFFC10
:105DB00000FFFFFCFFFFFC00FFFFFCFFFFFC00FFFC
:105DC000FFFCFFFFFC00FFFFFCFFFFFC00FFFFFCF0
:105DD000FFFFFC00FFFFFCFFFFFC00FFFFFCFFFFDD
:105DE000FB00FFFFFB244441002444417777777791
:105DF000777775FFFFFFFFFFFFFCFFFFFFFFFFFF50
:105E0000FCFFFFFFFFFFFFFCFFFFFFFFFFFFFCFFAB
:105E1000FFFFFFFFFFFCFFFFFFFFFFFFFCFFFFFF98
:105E2000FFFFFFFCFFFFFFFFFFFFFCFFFFFFFFFF88
:105E3000FFFCFFFFFFFFFFFFFCFFFFFFFFFFFFFC7B
:105E4000FFFFFFFFFFFFFCFFFFFFFFFFFFFB2444FF
:105E500044444444415000000870F600004FF4FFF1
:105E600060004FF4FFF6004FF4FFFF604FF4FFFFB8
:105E7000F64FF4FFFFFFAFF4FFFFFFFFF4FFFFFD5E
:105E80005FF4FFFFD14FF4FFFD104FF4FFD1004F3F
:105E9000F4FD10004FF4D100003FF3100000033078
:105EA00000000053000000000006FE30000000006B
:105EB0006FFFE300000006FFFFFE3000006FFFFFF2
:105EC000FFE30006FFFFFFFFFE306FFFFFFFFFFF56
:105ED000E38888888888888677777777777775FFEB
:105EE000FFFFFFFFFFFCFFFFFFFFFFFFFCFFFFFFC8
:105EF000FFFFFFFB0000000710000000AFC1000023
:105F00000AFFF80000AFFFD1000AFFFD1000AFFF4D
:105F1000D1000AFFFD10007FFFE100003FFFF90004
:105F20000003FFFF9000003FFFF9000003FFFF9018
:105F300000003FFFF7000003FFF30000003D3000CA
:105F40005300000006FE3000002FFFE3000006FFB4
:105F5000FE3000006FFFE3000006FFFE3000006F20
:105F6000FFE3000008FFFE00003EFFFA0003EFFF22
:105F7000A0003EFFFA0003EFFFA0002EFFFA000092
:105F80001DFFA0000001C9000000000017760000FE
:105F9000000008FFF0000000008FFF000000000874
:105FA000FFF0000000008FFF00000DFFFFFFFFFF6C
:105FB000F7FFFFFFFFFFFF8FFFFFFFFFFFF858888E
:105FC000CFFF8888100008FFF0000000008FFF005E
:105FD00000000008FFF0000000005FFD000000DF8F
:105FE000FFFFFFFFFF7FFFFFFFFFFFF8FFFFFFFF48
:105FF000FFFF85888888888881000000098000006C
:10600000000000006FF6000000000000EFFD00003F
:1060100000000007FFFF70000000001EFCCFE10041
:106020000000008FC00CF800000002EFC00CFE2042
:1060300000000AFFC00CFFA000002FFFC00CFFF201
:106040000000CFFFE77EFFFB0004FFFFF88FFFFF9C
:10605000400CFFFFC00CFFFFB06FFFFFC33CFFFF12
:10606000F6EFFFFFFFFFFFFFFDDFFFFFFFFFFFFF7B
:10607000FD04444444444444400000000000003116
:10608000000000000000008C10775200001477BF61
:10609000C1FFFFB106EFFFFFFCCCEFFC5FFFCCEFD1
:1060A000F60004F8DFD1008F60000077FF20006663
:1060B0000000000EFA0000000000006FF500003143
:1060C000000001DFCA70008C10777CFF5FF977BF9A
:1060D000C1FFFFF61DFFFFFFFCCCCB40018CCCEFD6
:1060E000F60000000000008F600000000000006665
:1060F0000000000003300000000000003EE300004C
:1061000000000003EFFE30000000003EFFFFE30050
:10611000000003EFFFFFFE3000003EFFF66FFFE3DD
:106120000003EFFF6006FFFE302EFFF600006FFF5A
:10613000E20AFF60000006FFA00096000000006970
:106140000001C900000000AC101CFF9000000AFF15
:10615000C11FFFF90000AFFFF103FFFF900AFFFF2F
:1061600030003FFFF9AFFFF3000003FFFFFFFF30F8
:106170000000003FFFFFF30000000003FFFF3000BE
:10618000000000003FF300000000000002200000BB
:106190000000030133333333300008F61EFFFFFFE6
:1061A000FC0006FFE33FFFFFFFC003EFFFE100003D
:1061B00008FC00FFFFFFB000008FC0034DFA430052
:1061C0000008FC0000CF80000057BFD7700CF8001B
:1061D0000007FFFFFD00CF9333330AFFFF300CFFB2
:1061E000FFFFF80DFF4000CFFFFFFFF41D6000161A
:1061F0007776000000000CFFFFF900000000FFFFB1
:10620000FFC33333330FFFFFFFFFFFFFF6FFFFFF37
:10621000FFFFFFFFCFFFFFFFFFFFFFFCFFFFFFFFC1
:10622000FFFFFFCFFFFFFFFFFFFFFCFFFFFFFFFFB1
:10623000FFFFCFFFFFFFFFFFFFFCFFFFFFFFFFFFA1
:10624000FFCFFFFFFFFFFFFFFC4FFFFFFFFFFFFE42
:10625000300000000100000000000006F600000011
:10626000000006FFF60000000006FFFFF600000039
:1062700006FFFFFFF6000001FFFFFFFFF000000038
:1062800004FFF400000000004FFF40000000000485
:10629000FFF400000000004FFF40000057776288C5
:1062A0008077774FFFFF7333AFFFFCFFFFFFFFFFE8
:1062B000FFFFCFFFFFFFFFF6AA6CFFFFFFFFFFFF0F
:1062C000FFB14444444444444005710000000005CB
:1062D000FF8000000000EFFE200000000FFFF7002D
:1062E000000000DFFA0000000008FF1000000000BE
:1062F0002FF900000000009FF60000000000DFE61C
:106300000007200001DFF81AFE710001DFFFFFFF28
:106310008000009FFFFFF500000028DFE50002532A
:106320001000000000006FFFE60000000130FB02DB
:10633000BF5000006A6AEA000CC0004B40786FA3AF
:106340003CC12A60195006EFFF6E8102A3000004D1
:1063500043B8A1591000004776A3887B30001AFF8C
:10636000FFAAE70086009F700BC006A20690F90006
:106370001DB00018813BEC36DF30000029B83EFF2D
:10638000C30000000000001000000000000000003A
:106390005ABBBA1000000006FE888E400000006F55
:1063A000DC000C40000006F68C000C5333326F9377
:1063B0009C000CFECCDEEFFFF9003EF8004FF4002D
:1063C0000003E6C8004FF400003E60C8004FF40030
:1063D00001EEBBE7004FF40004E88871004FF400C1
:1063E00004C00000004FF63336C00000004FBCCCA4
:1063F000CDC00000004F000004C00000004F0000AE
:1064000004C00000004F000004EBBBBBBBCF00008A
:1064100000444444444277777777772000FAEFFED0
:1064200089FDE300F4CFFC00F4AE30F4CFFC00F4BF
:106430000AE2F4CFFC00F400BAF4BFFFFFF1008CD5
:10644000F404444410008CF400000000008CF44775
:10645000777777718CF4CC888888E88CF4C8000052
:1064600000C88CF4C8000000C88CF4C8000000C844
:106470008CFFFFFFFFFFFFFB1444444444444002F1
:1064800077740006FFF5000AFFE0000EFF90002F72
:10649000FF448B6FFFFFFAAFFFFFF2EFFCFFA0841A
:1064A00001FF400005FC000009F400000DD00000D1
:1064B0001F6000005E000000960000002000000049
:1064C000000008800000000000005DD40000000013
:1064D000003CFFFFC300000001DFFFFFFD100000D4
:1064E00006FFFFFFFF60000008FFFFFFFF800000C6
:1064F00009FFFFFFFF9000000CFFFFFFFFC000003F
:106500000FFFFFFFFFD000003FFFFFFFFFF3000082
:10651000AFFFFFFFFFFA0003FFFFFFFFFFFF303E6B
:10652000FFFFFFFFFFFFE32FFFFFFFFFFFFFF20073
:106530000003BFFF300000000000AAFA00000000C6
:106540000000033000000023333333333333332070
:10655000FDCCCCCCCCCCCCCCF1F4000000000000C5
:1065600000F4F4C88C4F0C4884C0F4F421130403E5
:106570001224C0F4F49B6390C2966CC0F4F4684299
:106580006081644860F4F464477777774260F4F49C
:10659000966CCCCCCC6390F4F63333333333333353
:1065A000F4BFFFFFFFFFFFFFFFD00000000000046B
:1065B00030000000004BF700000004BFFF10000097
:1065C0004BFFFF800004BFFFFFF1004BFFFFFFF810
:1065D00000CFFFFFFFFF10078888AFFF800000009B
:1065E00004FFF1000000004FF80000000004FF105D
:1065F000000000004F800000000004F10000009B3C
:10660000BBBBBB010000FFFFFFFF0B3000FFFFFF24
:10661000FF0CE300FFFFFFFF0CFE30FFFFFFFF0951
:10662000CCB1FFFFFFFF300000FFFFFFFFFFFFFCCB
:10663000FFFFFFFFFFFFFCFFFFFFFFFFFFFCFFFF70
:10664000FFFFFFFFFCFFFFFFFFFFFFFCFFFFFFFF60
:10665000FFFFFCFFFFFFFFFFFFFCFFFFFFFFFFFF50
:10666000FCFFFFFFFFFFFFFCFFFFFFFFFFFFFB241F
:106670004444444444410000004777741000000043
:1066800003AEFFFFFFFC5000019FFFFECCCFFFFDDC
:10669000303CFFE62001015CFFE65FF706AFFFFC40
:1066A000614FFA0533DFFFFFFFFE6170002FFFC669
:1066B000445AFFF5000006D416AB832CA00000005E
:1066C00006EFFFFF900000000006FFB9EFA00000FA
:1066D00000000051330500000000000003FF7000BF
:1066E0000000000000006A0000000026777777773E
:1066F00077777777400EDCCCCCCCCCCCCCCCCF40F1
:10670000F43333333333333331C80F4CFFFFFFFFE0
:10671000FFFFFF4CB1F4CFFFFFFFFFFFFFF46C8FD3
:106720004CFFFFFFFFFFFFFF4088F4CFFFFFFFFF9D
:10673000FFFFF4088F4CFFFFFFFFFFFFFF4088F4CF
:10674000CFFFFFFFFFFFFFF4CF6F49CCCCCCCCCC09
:10675000CCCC3C80F63333333333333333C70AFF87
:10676000FFFFFFFFFFFFFFFE202677777777777722
:106770007777400EDCCCCCCCCCCCCCCCCF40F43337
:1067800033333333330000C80F4CFFFFFFFFFFC02C
:10679000000CB1F4CFFFFFFFFFFC00006C8F4CFF3B
:1067A000FFFFFFFFC0000088F4CFFFFFFFFFFC00EA
:1067B00000088F4CFFFFFFFFFFC0000088F4CFFFF1
:1067C000FFFFFFFC0000CF6F49CCCCCCCCCC9000BD
:1067D0000C80F63333333333333333C70AFFFFFFD1
:1067E000FFFFFFFFFFFE20267777777777777777B2
:1067F000400EDCCCCCCCCCCCCCCCCF40F43333333F
:106800003310000000C80F4CFFFFFFF40000000C25
:10681000B1F4CFFFFFFF400000006C8F4CFFFFFF83
:10682000F40000000088F4CFFFFFFF4000000008E4
:106830008F4CFFFFFFF40000000088F4CFFFFFFF44
:1068400040000000CF6F49CCCCCCC30000000C80CE
:10685000F63333333333333333C70AFFFFFFFFFFDE
:10686000FFFFFFFE20267777777777777777400EE1
:10687000DCCCCCCCCCCCCCCCCF40F433333000000F
:10688000000000C80F4CFFFC00000000000CB1F439
:10689000CFFFC000000000006C8F4CFFFC00000028
:1068A00000000088F4CFFFC00000000000088F4CFB
:1068B000FFFC00000000000088F4CFFFC0000000D3
:1068C0000000CF6F49CCC900000000000C80F633F7
:1068D00033333333333333C70AFFFFFFFFFFFFFF89
:1068E000FFFE20267777777777777777400EDCCCB7
:1068F000CCCCCCCCCCCCCF40F400000000000000CD
:1069000000C80F40000000000000000CB1F40000BF
:106910000000000000006C8F40000000000000003C
:106920000088F40000000000000000088F40000014
:1069300000000000000088F40000000000000000DB
:10694000CF6F40000000000000000C80F6333333AE
:106950003333333333C70AFFFFFFFFFFFFFFFFFE71
:106960002000069BB7400002CFFDFFF9000DFFF4A9
:10697000AFFF805FFFF40AFFE1AFFFF451AFF5DF37
:1069800083F48A0CF8FFF633516FFCFFFF6006FFBB
:10699000FCFFFFD01FFFFCFFFD1013FFFCFFD164C5
:1069A000863FFACF96F4861CF88FFFF411CFF32FB1
:1069B000FFF41CFFE008FFF5CFFF40007EFEFFC3A1
:1069C0000000003442000000000000000000000051
:1069D000000000040000000000003004020C010070
:1069E0000C00C005040501071600000A0A0C00008F
:1069F00052005009081001FE9200B00B0B0D00FF71
:106A0000DA00000A0A0D00FF1B01800302050107DE
:106A100020015005051101FC4B016005051100FC2A
:106A20007601F006070600038B0110090909000131
:106A3000B4019003020401FEB8013007050201040D
:106A4000BD01500402020100BF01A006060D00FFB7
:106A5000E6010009080D01FF1A020009050C0100FA
:106A600038020009080C010068020009070D01FF47
:106A700096020009090C0000CC020009080D01FF74
:106A800000030009080D01FF34030009090C000090
:106A90006A030009090D00FFA5030009080D00FFA6
:106AA000D903100402090100E2032004020B01FED5
:106AB000ED03200807080000090400090705010389
:106AC0001B046008070801003704A007070C00003A
:106AD0006104500E0D1001FCC904200A0A0C0000CC
:106AE0000505200A090C01003B05200A090D01FFDC
:106AF0007605D00A090C0100AC05C008080C01009D
:106B0000DC05C008080C01000C06D00A090D01FFC5
:106B10004706400B090C01007D068004020C0100B1
:106B20008906C008080D00FFBD06200A090C0100F7
:106B3000F306C008080C01002307D00D0C0C01005F
:106B40006B07400B090C0100A107F00A090D01FFBA
:106B5000DC07200A090C01001208200B0A0D01FFB6
:106B60005308200A090C01008908D009080D01FF0B
:106B7000BD0890090A0C0000F908D00A090D01FFB0
:106B80003409200A0A0C00007009C00D0E0C000028
:106B9000C409200A0A0C0000000A200A0A0C00009E
:106BA0003C0A9009090C0000720A5004041001FD0F
:106BB000920AA006070D00FFC00A5004031000FD52
:106BC000D80AB00606070005ED0A4007080200FED5
:106BD000F50A000504030009FB0AD008080A00FFB3
:106BE000230B2009080E01FF5B0B6008080A00FF59
:106BF000830B2009080E00FFBB0B6008080A00FF8A
:106C0000E30BE004060D00000A0C2009080D00FC4F
:106C10003E0C2009070D01006C0C1004020D010050
:106C2000790C20040411FFFC9B0C3008070D0100B7
:106C3000C90C1004020D0100D60C000E0C09010055
:106C40000C0D2009070901002C0D2009090A00FF7D
:106C5000590D2009080D01FC8D0D2009080D00FCBF
:106C6000C10DA00505090100D80D6008070A01FF44
:106C7000FB0D2005050C00FF190E2009070A01FF76
:106C80003C0E100808090000600E200C0C090000E2
:106C9000960E100808090000BA0E1008080D00FC36
:106CA000EE0E100808090000120F7005061000FD16
:106CB000420FF003020E01FE500F7005051000FD9B
:106CC000780FE00A090401038A0FB00D0E1000FDD1
:106CD000FA0F2011121000FD8A100010100D000094
:106CE000F21000100E0B01003F11900C0B0C01FF75
:106CF0008111B00D0E1000FEF111B00D0E0F00FE4F
:106D00005A12900C0D0F00FEBC12E00E0F0C00008A
:106D10001613E00E0F0E00007F13B00D0E0C0000D6
:106D2000D313B00D0E0F00FE3C14E006070B00005D
:106D30006314500A0B0B0000A014E00E0F0D00FFAF
:106D400002152011120F00FE8915B00D0E0F00FE66
:106D5000F21520090A0F00FE3D16900C0D0F00FEE3
:106D60009F16B00D0E0F00FE0817B00D0E0F00FE9F
:106D7000711720090A0F00FEBC17C00D0E0C000091
:106D80001018700B0A0F01FF5B18700B0A0F00FF41
:106D9000A618900C0D0D0000FB18900C0D040004BB
:106DA00015190010101000FE95190010100F00FFAB
:106DB0000D1A0010100A00005D1A0010100A00FFE2
:106DC000AD1A2011110B00000B1BE00E0F0D00007F
:106DD0006D1BE00E0F1000FEE51B900C0D0D00006A
:106DE0003A1C0010100E00FEAA1C0010101100FD2D
:106DF000321DB00D0E0F00FE9B1D0008081000FD97
:106E0000DB1D0010101100FD631E2011120B00008D
:106E1000C61E900C0D0D00FF1B1FB00D0E1100FDC6
:106E2000921F5012120D000007209014150C000044
:106E300085209014150C000003219014150C0000FF
:106E400081219014150C0000FF219014150C0000F6
:106E50007D22B00D0C1101FD000007000A000B009F
:106E60000C00100012001300140018001B0020007A
:106E70002500260027003D003F0047004A004B0048
:106E80004C00500051005200530066006700700033
:106E900073007600770078007A0092009400C300B7
:106EA000C400C600E600F2001B0123015A01EA01FA
:106EB0003F024002410242024302920220000000CF
:106EC0005F00010000000000000000000000000062
:106ED00001F0000093026000586E010800000000FD
:106EE00032000200092B09370938093A1111111231
:106EF00011141115111611171118111A1213121459
:106F00001216121813111312131313161317131842
:106F10001319131A14121413141414151416141725
:106F200014181419141A151115131515151615170B
:106F300015181519161216131614161516161617F7
:106F400016181619161A17111712171317151716E0
:106F500017171718171918121815181618171818C0
:106F60001819181A191119121914191519161917AF
:106F70001A111A121A131A151A161A171A181A1A97
:106F80002224222822302232223522362237223869
:106F9000223A2242224422452246224822502252AC
:106FA00022542255225622572258225B233A23424A
:106FB000234A234D235023532356235A2424242881
:106FC00024302432244A24532456245A245B25375F
:106FD0002538254225462550255626372638263A77
:106FE000264326442645264626472648264A264B3B
:106FF000264C264D264E264F2650265126522653E5
:1070000026552656265726582659265A265B270DDA
:10701000270F272227422746274A274D2750275345
:107020002756275A28422846284F285028532856A2
:10703000285A2942294629502956295A2A422A449F
:107040002A452A472A482A4E2A4F2A502A512A538B
:107050002A542A552A562A572A582A5A2B422B5044
:107060002C242C282C302C322C422C462C4A2C50F0
:107070002C532C562C582C5A2D222D242D282D30B3
:107080002D322D352D362D372D382D3A2D4B2D56B1
:107090002D582D5A2E422E462E4B2E4F2E502E5608
:1070A0002E5A2F462F502F5A302230353037303855
:1070B0003039303A30443045304630473048304B34
:1070C0003050305130523054305530563059305A9B
:1070D000305B310D310F312231263129312A3142D5
:1070E00031463149314A314D314F315031533154AC
:1070F0003155315A3222323532363237323832391E
:10710000323A324232563324332833303332333535
:10711000333633373338333A3342334633503356CA
:10712000335A34423446344B344E344F3450345155
:10713000345234563458345A350D350E350F351B0C
:10714000351C352235243528353035323534353542
:10715000353735383539353A35423546354A354E85
:1071600035503553355435563558355A355B3622FA
:10717000364536473648364E364F365136533654F6
:1071800036553659365B370A370D370E370F371BF2
:10719000371C37223724372837303732373E3742CB
:1071A0003746375037533756375A375E380A380D17
:1071B000380E380F381B381C38223824382838301D
:1071C00038323835383E38423846385038533856D9
:1071D000385A385E392439283930393239463956E7
:1071E000395A3A0A3A0D3A0E3A0F3A1B3A1C3A22E9
:1071F0003A243A283A303A323A353A373A383A3934
:107200003A3A3A3E3A423A463A503A523A553A5661
:107210003A573A5E3B223B243B283B303B323B42D1
:107220003B463B4A3B503B563B583B5A3C2B435713
:107230004358435A465A47034708470A473E474878
:10724000475E4C46505750585059505A5158530D5C
:10725000530F5344534553465347534C5350535283
:1072600053555356535753585359535A535B570D0D
:10727000570F574257445745574657505752580D86
:10728000580F58445845584658525944594559463C
:10729000595059525A0D5A0F5A445A455A465A5043
:1072A0005A525B445B455B465B505C2BF40505061C
:1072B00001FC00010001FB01FFFFFF00FEFE01FEDB
:1072C000FEFDFE00FE0001020100FD010000FC04C5
:1072D0000200F60200FD010201000001FD00FBFDBD
:1072E000030100FB0105ECFCFB05FDFF00FD0103B4
:1072F000010000FBFF010000FA01FBFBFBFBEDFAC4
:10730000EEF4EC01FEFDFDFEFDFE00F8FDF6F803D7
:10731000EC01000001000101FFFFFFFFFFFFFF0183
:10732000FFFBFD00010101020202FFFBFBFBFBFC76
:10733000FFFFFFFFFEFEFBFEFCFEFBFCF9FA01FA7D
:1073400001DADAF1F7FBFFFFFBF9FAFA00010000BE
:10735000000000FFFFFFFF00FFFFFEFFFFFFFFFF3A
:1073600000FFFFFFFFFF00FFFFFFF9F9F8F9FFF94A
:10737000FFF9FFFAF6F605FBFAFAFAEDFAE9F2EA96
:1073800000FCF5F2FFFFFFFFFFFF00FFFF00FBF92E
:10739000FAFDFAF90000000000FF00000100010002
:1073A000FF01FED6D6F2FFFFFFFDFD00FFFFFFFD50
:1073B00000FF040404F8FEF9FB03F70000FFFFFEE2
:1073C000FFFBFEFBFCF400FEFEFF000000FFFFFFE2
:1073D000000000000101ECECECEDEDECFAF9F9F93C
:1073E000FC0404040304ECECFFEFECEFEDEFF4F429
:1073F000F1FAFE00FFFFFFFFFFFF00FEFE05EAF7C8
:10740000EAF8F8EDFBFBFAFB04F4F5F4F8F9FD05F6
:1074100004F1FBF1FBFAF2FDFDFCFD0403F8F8F8C2
:10742000FBFBFF04FAFAFAFAF9FBF805E9F3E9F5D0
:10743000F5EBF9F9F9F9040504030505F0EFEFF0B0
:10744000FAF6FB0503FAFAF9FA00FBFFFBFBF9F980
:10745000FBFDFEFDFD04040505FA05FBFCFEFBFC3F
:10746000FEF0F0FBFCFB0400FBFC0400050402053D
:1074700001F1F1FCFDFDFDFCFDF4F5FEFEFDFEFB62
:10748000FBFBFBFBEFF0FCFCFCFCFBFCFCFCFCFB5B
:10749000E46E0108AC720108E4010000E00700009E
:1074A0003C027804B306EE08280B610D990FD01149
:1074B00006143A166C189D1ACB1CF71E212148237E
:1074C0006C258E27AC29C72BDF2DF32F0332103408
:1074D00018361C381C3A173C0E3EFF3FEC41D44393
:1074E000B64593476A493C4B084DCD4E8D504652A8
:1074F000F953A5554B57EA58825A135C9C5D1F5FA0
:107500009A600D627963DD6439668D67D9681D6A9A
:10751000596B8C6CB76DD96EF36F04710C720B7371
:107520000174EE74D275AD767F7747780679BB79B2
:10753000677A0A7BA27B327CB77C337DA57D0D7E8A
:107540006C7EC07E0B7F4B7F827FAF7FD27FEB7FD5
:10755000FA7FFF7F00F80000CF5D0000C0FD000053
:107560008631000000F800001F00000010800000BD
:10757000506C656173652075736520746865207350
:1075800074796C757320636C69636B207468652013
:1075900063726F7373206F6E2074686520736372FB
:1075A00065656E2E5468652063726F73732077690A
:1075B0006C6C20616C77617973206D6F76652075D6
:1075C0006E74696C207468652073637265656E20E3
:1075D00061646A7573746D656E7420697320636F7E
:1075E0006D706C657465642E000000000C760108F7
:1075F000000000206C0100001A08000894760108C1
:107600006C01002094A5000030300008412D0102DB
:107610000304042009060708090204060883FFFF83
:107620001335281408792B1408BD1E1918013A03C4
:1076300026D0901EAE460108AF041AB1041AB40455
:107640001AB8041ABD041AC3041ACA04411AE40879
:10765000100EC8690108BC6E0108907401081083FF
:107660000210133FA21408DDA12408120422B40260
:107670003C201311F814080DF51B08B1041B69F622
:107680000812F71B08F10C1A190C1A410401269272
:0476900001000000F5
:0400000508000131BD
:00000001FF
