:020000040800F2
:10000000E0A8002045010008E9140008B10B000831
:10001000E514000877090008D32F0008000000004D
:10002000000000000000000000000000E9160008C9
:100030007B0900080000000071150008FD1700088A
:100040005F0100085F0100085F0100085F01000810
:100050005F0100085F0100085F0100085F01000800
:100060005F0100085F0100085F0100085F010008F0
:100070005F0100085F0100085F0100085F010008E0
:100080005F0100085F0100085F0100085F010008D0
:100090005F0100085F0100085F0100085F010008C0
:1000A0005F0100085F0100085F0100085F010008B0
:1000B0005F0100085F010008951B00085F01000850
:1000C0005F0100085F0100085F0100085F01000890
:1000D0005F010008CD2C00085F0100085F010008E7
:1000E0005F0100085F0100085F0100085F01000870
:1000F0005F0100085F0100085F0100085F01000860
:100100005F0100085F0100085F0100085F0100084F
:100110005F0100085F0100085F0100085F0100083F
:100120005F0100085F0100085F0100085F0100082F
:10013000DFF80CD000F050FB0048004719E700083A
:10014000E0A800200648804706480047FEE7FEE793
:10015000FEE7FEE7FEE7FEE7FEE7FEE7FEE7FEE777
:100160003D1800083101000840EA01039B0703D055
:1001700009E008C9121F08C0042AFAD203E011F8E6
:10018000013B00F8013B521EF9D27047D2B201E0A8
:1001900000F8012B491EFBD270470022F6E710B58C
:1001A00013460A4604461946FFF7F0FF204610BDE5
:1001B000421C10F8011B0029FBD1801A704703462E
:1001C00011F8012B00F8012B002AF9D118467047CD
:1001D000F0B480EA0102D40F4200B2EB410F02D228
:1001E0000246084611464A0042D0C30DDDB2C1F3B3
:1001F000C752AD1A202D35DAC1F3160141F40002C1
:1002000004B15242C5F1200602FA06F12A41104417
:10021000B3EBD05F23D0C4B1012DA0EBC35009DCF8
:10022000F0BC4FF0004202EAC352DBB200F500001E
:1002300000F0F6B9400000F1807000EBC350A0F16F
:10024000807040EAD170490009E0490841EAC07174
:10025000A0EBC35000F50000400800EBC350F0BC19
:1002600000F0D5B96142012202EB4101001BF6E723
:10027000F0BC704781F00041AAE780F00040A7E79A
:1002800080EA010210B502F00043400022D04A008B
:100290001FD0010E01EB1261C0F35600C2F35602EB
:1002A00040F4000042F40002A0FB022000047F3969
:1002B000140400D0401C50EA124001D44000491EF2
:1002C000C2B20C0604EBD010401C4008802A02D0B9
:1002D00003E0002010BD20F00100002900DA00201A
:1002E000184310BD30B480EA010202F0004530F03E
:1002F000004221F0004013D090B1C30DD40DC2F3E1
:100300001601C0F31600E41A41F4000140F40002A3
:100310007D34914201D3641C00E04900002C02DAD4
:1003200030BC002070474FF400000023914201D3FD
:10033000891A034340084FEA4101F7D151B1914274
:1003400002D14FF0004105E002D24FF0010101E07F
:100350006FF0010103EBC450284430BC00F057B9E2
:100360002DE9FE4F81EA030404F0004421F000412E
:1003700000944FF0000B23F0004350EA01045ED0DC
:1003800052EA03045BD0C3F30A54C1F30A552C4468
:10039000A4F2F3340194A0FB0254C1F3130141F41D
:1003A0008011C3F3130343F4801301FB024400FBE9
:1003B000034E840A970A44EA815447EA8357A4FB10
:1003C000076802958D0A05FB07854FEA932C04FB0D
:1003D0000C542705029D4FEA065847EA1637B5EB3D
:1003E00008056EEB070C870E920E47EA811742EA6A
:1003F0008312A7FB0201B6EB0B0164EB00042B0D8B
:1004000043EA0C335E1844EB1C50DA465146E7FBD6
:100410000201C5F313044FEA0B3343EA14534FEAC6
:100420000432019C43EA0603A4F10C040294009CEC
:10043000CDE900B400F031F903B0BDE8F08F002041
:100440000146F9E7C10F80EAE0700844CA07962325
:10045000002100F0E5B896230022114600F0E0B834
:100460000EB540F2334102910021CDE900110A4658
:100470000B4600F012F903B000BD00F0004220F07E
:100480000040C10DC0F3160040F400007F2901DADE
:1004900000207047962903DCC1F19601C84001E0B5
:1004A00096398840002AF4D04042704720F000403E
:1004B000C10DC0F3160040F400007F2901DA0020CE
:1004C0007047962903DCC1F19601C8407047963900
:1004D00088407047C1F30A5210B5C1F3130140F2CE
:1004E000FF3341F480119A4201DA002010BD40F23E
:1004F00033439A42A2F2334203DC524200F077F8CF
:1005000010BD904010BD00F0004230F000400AD015
:10051000C10D01F56071C0F3160042EA0151C20835
:1005200040071143704700200146704730B5041E54
:1005300071F1000404DB4FF00044404264EB010120
:10054000141E73F1000405DB1C464FF000435242B9
:1005500063EB04038B4208BF824230BD30B5041EFA
:1005600071F1000404DB4FF00044404264EB0101F0
:10057000141E73F1000405DB1C464FF00043524289
:1005800063EB0403994208BF904230BD2DE9F05F50
:100590000546002092469B468846064681464024F2
:1005A0001BE0284641464746224600F020F85346C5
:1005B0005A46C01A914110D311461846224600F0FF
:1005C0001DF92D1A67EB01084F4622460120002134
:1005D00000F014F917EB00094E41201EA4F10104AC
:1005E000DFDC484631462A464346BDE8F09F202AD4
:1005F00004DB203A21FA02F00021704721FA02F3CD
:10060000D040C2F1200291400843194670470029AA
:10061000A8BF7047401C490008BF20F00100704788
:1006200010B4B0FA80FC00FA0CF050EA010404BFE8
:1006300010BC704749B1CCF1200421FA04F411FA3E
:100640000CF118BF012121430843A3EB0C01CB1D82
:100650004FEA00614FEA102042BF002010BC7047F3
:1006600000EBC35010440029A4BF10BC7047401CCD
:10067000490008BF20F0010010BC704710B5141EDF
:1006800073F1000408DA401C41F1000192185B414B
:100690001A4301D120F0010010BD2DE9F04D924622
:1006A0009B4611B1B1FA81F202E0B0FA80F2203239
:1006B000904600F0A3F804460F4640EA0A0041EADB
:1006C0000B0153465A46084313D0114653EA010022
:1006D00019D0C8F140025046FFF789FF05460E4683
:1006E00050465946424600F089F8084305D001209B
:1006F00004E020463946BDE8F08D0020054346EA77
:10070000E0762C4337430A986305E40AA0EB08001F
:100710000022FD0A44EA47540A3002D5002001466F
:10072000E9E7010510196941DDE90845001969414A
:10073000BDE8F04DA2E72DE9F04D00231A461B1A43
:100740008A4103DB00200146BDE8F08DC1F30A5267
:10075000C1F3130141F480154FF0000BD10702D112
:1007600000186D41521E0027044640F2FF11384622
:1007700001EB620A3E468046024600204FF480119B
:10078000FFF735FFC2197141BB1846EB0100B4EB0E
:10079000030C75EB000C04D3E41A65EB0005174657
:1007A0000E46241908F101006D4180463428E3DD2E
:1007B000F91946EB0600091BA84103D24FF0FF329E
:1007C000134601E0002213461BEB070046EB0A51DB
:1007D000BDE8F04DFFF752BF064C074D06E0E0685C
:1007E00040F0010394E8070098471034AC42F6D378
:1007F000FFF7A2FC3863010858630108202A04DBD4
:10080000203A00FA02F1002070479140C2F1200323
:1008100020FA03F319439040704770B58C1810F814
:10082000015B15F0070301D110F8013B2A1106D135
:1008300010F8012B03E010F8016B01F8016B5B1E4F
:10084000F9D12B0705D40023521E0DD401F8013B2A
:10085000FAE710F8013BCB1A921C03E013F8015B96
:1008600001F8015B521EF9D5A142D8D3002070BD1A
:1008700010B500F0BBF910BD2DE9F04107460C465C
:100880000026002509E036023919491B491E88B2A5
:1008900000F008F80644681CC5B2A542F3DB3046F8
:1008A000BDE8F08170B50446002600F03FFA254609
:1008B000E11704EB11610912A02202EB4101C8B259
:1008C00000F002FA00F06AFAE11704EB1161091274
:1008D000A4EB0121C8B200F0F7F900F05FFA00F0D4
:1008E00025FAA12000F0F0F900F058FA002000F0FD
:1008F000BFF9064600F036FA304670BD2DE9F041EA
:1009000005460E461746002409E0E20026FA02F2E8
:10091000D1B22A1990B200F006F8601CC4B2BC42F1
:10092000F3DBBDE8F08170B504460E4600F0FEF939
:100930002546E11704EB11610912A02202EB4101E7
:10094000C8B200F0C1F900F029FAE11704EB116117
:100950000912A4EB0121C8B200F0B6F900F01EFAAA
:10096000304600F0B1F900F019FA00F0FBF90A2066
:1009700002F0ACFE70BD00BFFEE7704751B18200CF
:10098000A2F1C042126842F001038200A2F1C0420B
:10099000136009E08200A2F1C0421268034B1A40C2
:1009A0008300A3F1C0431A6070470000FEFF0F00F0
:1009B000D0E901121143C26811430269114342692F
:1009C000114382691143C2691143026A1143426AA9
:1009D0001143826A1143C26A1143026B11430268D8
:1009E0009200A2F1C0421160816808290BD1016810
:1009F0008900A1F1C041096841F040020168890005
:100A0000A1F1C0410A60416B0968426B526841EA3A
:100A10000211426B926841EA0221426B928941EADB
:100A20000241426B128A41EA0251426B127D41EA55
:100A30000261426B926911430268521C9200A2F15A
:100A4000C0421160C16AB1F5804F1BD1816B09684A
:100A5000826B526841EA0211826B926841EA02217C
:100A6000826B128A41EA0251826B127D41EA026175
:100A7000826B9269114302689200A2F1C042C2F8EF
:100A8000041107E06FF0704201688900A1F1C041D4
:100A9000C1F8042170472DE9F041024600250026E7
:100AA000002000230024002791F803C00CF00F055C
:100AB00091F803C00CF0100CBCF1000F03D091F8BA
:100AC00002C04CEA050591F800C0BCF1000F31D01E
:100AD000146800202BE04FF0010C0CFA00F3B1F881
:100AE00000C00CEA03069E4220D183004FF00F0C99
:100AF0000CFA03F7BC4305FA03FC4CEA040491F832
:100B000003C0BCF1280F06D14FF0010C0CFA00FC19
:100B1000C2F814C00AE091F803C0BCF1480F05D137
:100B20004FF0010C0CFA00FCC2F810C0401C082861
:100B3000D1D31460B1F800C0BCF1FF0F34DD5468AC
:100B400000202EE000F1080C4FF0010808FA0CF329
:100B5000B1F800C00CEA03069E4221D183004FF099
:100B60000F0C0CFA03F7BC4305FA03FC4CEA04042F
:100B700091F803C0BCF1280F05D100F1080C08FA68
:100B80000CF8C2F8148091F803C0BCF1480F07D1EB
:100B900000F1080C4FF0010808FA0CF8C2F81080B8
:100BA000401C0828CED35460BDE8F0810161704735
:100BB00000BFFEE710B500200A49086000F082FD82
:100BC00000200949C1F89C01022002F0A5FD012086
:100BD00004490860052002F09FFD00200249C1F889
:100BE000980110BD988121420080214208B5012161
:100BF000082000F0DFFC4020ADF8000003208DF855
:100C0000020010208DF8030069460848FFF743FFF3
:100C10008020ADF8000069460448FFF73CFF012042
:100C2000034908600349C1F89C0108BD000C01405C
:100C3000988121420080214210B500200A490860B5
:100C400000F040FD01200949C1F89C01022002F09A
:100C500063FD012004490860052002F05DFD0020CD
:100C60000249C1F8980110BD9881214200802142BB
:100C700070B50546002400F017FD002616E00020A0
:100C80000F490860022002F047FD01200D49C1F81C
:100C900098016006040E0A487C38006808B1601CA0
:100CA000C4B2012002F038FD701CC6B2082EE6DB8B
:100CB00015B9FFF7C1FF01E0FFF77CFF204670BDCB
:100CC000988121420080214270B5044600F0FAFC70
:100CD000002014490860002520E004F0800000286E
:100CE00004DD01200F49091D086003E000200D49C3
:100CF000091D08606006040E022002F00DFD0120AF
:100D000008490860022002F007FD00200649C1F8EA
:100D10009801022002F000FD681CC5B2082DDCDB42
:100D200070BD0000988121420080214210B500F082
:100D3000C9FC0120094908600949C1F8980105204A
:100D400002F0EAFC002005490860062002F0E4FCFD
:100D500000200349C1F8980110BD00009C81214288
:100D60000080214210B500F0ADFC00200949086068
:100D70000949C1F89C01012006490860062002F0DB
:100D8000CBFC01200449C1F89C01062002F0C4FC00
:100D900010BD0000988121420080214210B500243E
:100DA00001200F49086002F0B7FC00F07DFC012033
:100DB0000C49C1F8980102F0AFFC07E0601CC4B216
:100DC000FA2C03DDFFF7CEFF012010BD0448803868
:100DD00000680028F2D10249091F086000BFF4E74B
:100DE0009C8121420080214208B50121442000F06D
:100DF000E1FB0120ADF8000028208DF803006946D2
:100E00000648FFF748FE1C20ADF8000048208DF88A
:100E1000030069460248FFF73EFE08BD0008014096
:100E20000018014070B506460F484088401E83B246
:100E30000D480088401E82B20021084600F062F989
:100E400000240CE0002504E0304600F01FFB681C85
:100E500085B205484088A842F6DC601C84B202488E
:100E60000088A042EEDC70BD180000202DE9F84F8C
:100E700006460F4690469946DDF828B0A8EB0600D6
:100E8000401C1FFA80FAA9EB0700401C80B20090BA
:100E9000002415E000250FE03A1991B2721990B2C2
:100EA0004B46424600F02EF904FB0A513BF8110074
:100EB00000F0ECFA681C85B25545EDDB601C84B28D
:100EC00000988442E6DBBDE8F88F000000B50246DA
:100ED0000F4882716AB9362000F0CCFA222000F067
:100EE000CFFA4FF4F0700A4948804FF488700880B8
:100EF0000CE0362000F0BEFA002000F0C1FA4FF4FA
:100F00008870034948804FF4F070088000BD0000ED
:100F10001800002070B504460D4616462B462246A2
:100F20002946204600F0EEF8304600F0AFFA70BDDA
:100F30002DE9FF4F84B081468A460020039002903D
:100F40000698A0EB09050798A0EB0A06CDF80490D7
:100F5000CDF800A0002D01DD012705E00DB9002727
:100F600002E04FF0FF376D42002E02DD4FF0010826
:100F700006E016B94FF0000802E04FF0FF38764265
:100F8000B54201DD2C4600E034464FF0000B21E075
:100F9000009A91B2019A90B200F022F80398284486
:100FA00003900298304402900398A04205DD039814
:100FB000001B03900198384401900298A04205DD7F
:100FC0000298001B02900098404400900BF1010031
:100FD0001FFA80FB601C8345DADD08B0BDE8F08FA6
:100FE00030B504460D462B4622462946204600F0E1
:100FF00089F80248008800F049FA30BD140000204A
:101000002DE9F04306460F4690460024454603204E
:10101000A0EB48093CE07A1B91B2321990B2FFF77D
:10102000DFFF3A1B91B2721990B2FFF7D9FF3A195C
:1010300091B2721990B2FFF7D3FF7A1991B23219B7
:1010400090B2FFF7CDFF7A1991B2321B90B2FFF741
:10105000C7FF3A1991B2721B90B2FFF7C1FF7A1B1A
:1010600091B2321B90B2FFF7BBFF3A1B91B2721BD9
:1010700090B2FFF7B5FF641CB9F1000F03DAA000CE
:10108000801D814404E0601B80000A3081446D1E95
:10109000AC42C0DDBDE8F08310B50246012000E09F
:1010A00050430B1EA1F10104E1B2F9D110BD0000C3
:1010B0002DE9F0470446BE2000F0DCF9052000F0E1
:1010C000DFF92046FFF7CCF907464FF066320C4BAC
:1010D000FFF746F90546FFF7FDF91FFA80F9484684
:1010E00000F0CEF9012000F0CBF9FF2000F0C8F9A4
:1010F000002000F0C5F9002000F0C2F9BDE8F0873B
:101100006666044070B504460D4650488079002854
:101110004CD12B2000F0AEF92646E11704EB11610B
:10112000C1F30F2000F0ACF9E11704EB11610912D3
:10113000A4EB012188B200F0A3F91646D11702EB07
:101140001161C1F30F2000F09BF91646D11702EB95
:1011500011610912A2EB012188B200F091F92A2055
:1011600000F088F92E46E91705EB1161C1F30F2055
:1011700000F086F9E91705EB11610912A5EB0121D1
:1011800088B200F07DF91E46D91703EB1161C1F357
:101190000F2000F075F91E46D91703EB11610912F3
:1011A000A3EB012188B200F06BF94BE02A2000F09C
:1011B00061F92646E11704EB1161C1F30F2000F03D
:1011C0005FF9E11704EB11610912A4EB012188B268
:1011D00000F056F91646D11702EB1161C1F30F204A
:1011E00000F04EF91646D11702EB11610912A2EB7D
:1011F000012188B200F044F92B2000F03BF92E4683
:10120000E91705EB1161C1F30F2000F039F9E91777
:1012100005EB11610912A5EB012188B200F030F94C
:101220001E46D91703EB1161C1F30F2000F028F916
:101230001E46D91703EB11610912A3EB012188B2F5
:1012400000F01EF92C2000F015F970BD18000020E8
:101250002DE9F84F80460E4617461C46B3462046F9
:10126000E31704EB5373DB1021464FEAE47C04EBF5
:101270005C7C4FEAEC0CA4EBCC0CBCF1000F02D070
:101280004FF0010C01E04FF0000C6344224604EBE8
:10129000D27C4FEA6C0C03FB0CF3DBB20093A7F19A
:1012A0002000C7B2002556E00C2C07D107EB470001
:1012B0002B4901EB800010F8059013E0102C05D1AC
:1012C000284800EB071010F805900BE0182C07D108
:1012D00007EBC700244901EB800010F8059001E0FE
:1012E000BDE8F88F4FF0000A2FE009F0800030B120
:1012F0001E48028831464046FFF70CFE07E00A9878
:1013000028B91B48028831464046FFF703FE4FEAE2
:1013100049604FEA1069701C86B216484088B04296
:1013200000DCDDE7A6EB0B00A0420AD15E4608F127
:1013300001001FFA80F80F480088404500DCCFE725
:1013400006E00AF1010000F0FF0ABAF1080FCCDB59
:1013500000BF681CC5B200988542A5DB00BFBFE78F
:101360007EEA0008F2EE0008E2F400081400002013
:1013700016000020180000202DE9FF4F81B007461D
:1013800091461E460E9D4FF0000A002439E0301BA6
:10139000401EC1B20A20FFF77FFEB9FBF0F00A2120
:1013A000B0FBF1F201FB1208BAF1000F16D1701E6A
:1013B000A04213DDB8F1000F0ED10020AB4605EBC3
:1013C000DB71491001FB0471009088B22B4620228A
:1013D0000299FFF73DFF12E04FF0010A0020AB46F3
:1013E00005EBDB71491001FB0471009088B208F134
:1013F0003001CAB22B460299FFF72AFF00BF601CDA
:10140000C4B2B442C3DB05B0BDE8F08F2DE9F847A4
:1014100004460D4690469946DDE9096704F0FF0A47
:1014200008EB04001FFA80F809EB05001FFA80F9A9
:1014300016E0444502DB5446A81985B24D4500DB51
:1014400014E0002000903A78334629462046FFF702
:10145000FFFE304606EBD07104EB61018CB27F1CBD
:1014600038787E2802DC38782028E2DA00BFBDE830
:10147000F88700000149088070470000FE07006CF3
:1014800001490880704700000008006C014908808D
:10149000704700000008006C08B50121482000F0EA
:1014A00089F82020ADF8000010208DF803000320FB
:1014B0008DF8020069460948FFF7EDFA2021074838
:1014C000FFF774FB2020ADF8000069460448FFF7E1
:1014D000E2FA20210248FFF769FB08BD000C014039
:1014E0000018014000BFFEE77047000070B5002102
:1014F00000230F22C47804B3154C246804F4E0647C
:10150000C4F5E064210AC1F10403CA40447804FA36
:1015100003F184781440214309010E4C0678A1554B
:10152000047804F01F050124AC4005786D11AD006E
:1015300005F1E025C5F8004109E0047804F01F0535
:101540000124AC40044D0678761145F8264070BD64
:101550000CED00E000E400E080E100E0024901431E
:10156000024A1160704700000000FA050CED00E02F
:101570007047000029B1064A52690243044B5A6180
:1015800004E0034A52698243014B5A6170470000EC
:101590000010024029B1064AD2690243044BDA61C5
:1015A00004E0034AD2698243014BDA6170470000CC
:1015B0000010024029B1064A92690243044B9A6125
:1015C00004E0034A92698243014B9A61704700002C
:1015D0000010024030B500210022002400232D4DD0
:1015E0006D6805F00C0121B1042905D0082923D12B
:1015F00005E0294D056022E0274D05601FE0254DDF
:101600006D6805F47012234D6D6805F48034022571
:1016100005EB92421CB9214D554305600BE01D4D71
:101620006D6805F400351DB11C4D5543056002E0A1
:10163000194D5543056002E0174D056000BF00BF1E
:10164000144D6D6805F0F0010909154D6B5C0568D6
:10165000DD4045600F4D6D6805F4E061090A104DED
:101660006B5C4568DD4085600A4D6D6805F460512E
:10167000C90A0B4D6B5C4568DD40C560054D6D6862
:1016800005F44041890B074D6B5CC568B5FBF3F56C
:10169000056130BD0010024000127A0000093D00D3
:1016A000000000201000002008B58020ADF80000E8
:1016B00048208DF8030069460148FFF7ECF908BDA2
:1016C000000C014008B58020ADF8000003208DF823
:1016D000020010208DF8030069460248FFF7DBF98D
:1016E00008BD0000000C0140704710B500F002F882
:1016F00010BD00000CB50020019000903348006838
:1017000040F480303149086000BF3048006800F480
:10171000003000900198401C0190009818B9019881
:10172000B0F5A06FF1D12948006800F4003010B185
:101730000120009001E0002000900098012843D192
:101740002348006840F010002149086008460068FE
:1017500020F0030008600846006840F002000860BE
:101760001A48406819494860084640684860084679
:10177000406840F4806048600846406820F47C106F
:1017800048600846406840F4E81048600846006831
:1017900040F08070086000BF0C48006800F00070E6
:1017A0000028F9D00948406820F003000749486044
:1017B0000846406840F00200486000BF03484068A7
:1017C00000F00C000828F9D10CBD00000010024008
:1017D00000200240042808D14FF0E021096941F0BF
:1017E00004014FF0E022116107E04FF0E0210969A8
:1017F00021F004014FF0E0221161704770470000B2
:1018000010B504466FF00400FFF7E4FFE11704EBA6
:101810005171C1F3C701074A11701046007800EBFF
:101820004001C1EBC0104FF6FF7101EAC000024950
:10183000088010BD6A0000206C00002010B513481D
:10184000006840F0010011490860084640681049EE
:1018500008400E494860084600680E4908400B4998
:1018600008600846006820F4802008600846406848
:1018700020F4FE0048604FF41F008860FFF735FF3A
:101880004FF000600449086010BD000000100240E5
:101890000000FFF8FFFFF6FE08ED00E000B59DB088
:1018A00001210802FFF766FE012007900020089042
:1018B0000F20099000200A900B900C900D9015209D
:1018C0000090019005200290002003900490059064
:1018D000069006200E9000200F901090102011907E
:1018E0000020129014901390159016904FF4805091
:1018F0001790002018904FF48040199000201A9003
:1019000007A81B90CDF870D00EA8FFF751F8012161
:101910000620FFF733F81DB000BD000008B5012117
:101920004FF4B470FFF746FE4CF23370ADF8000090
:1019300018208DF8030003208DF80200694618482E
:10194000FFF7A9F84FF68070ADF8000018208DF869
:10195000030003208DF8020069461248FFF79BF848
:1019600041F20100ADF8000018208DF803000320BB
:101970008DF8020069460C48FFF78DF80120ADF89C
:10198000000010208DF8030003208DF80200694646
:101990000648FFF780F801200549086008BD0000EF
:1019A000001401400018014000200140000C0140DB
:1019B0008081214210B5FFF7B1FFFFF76FFF3220A2
:1019C00001F084FE6E4881886EA001F005FBE220E4
:1019D000FFF750FD2C20FFF753FD0220FFF750FDCD
:1019E0000420FFF74DFDE020FFF744FD0120FFF745
:1019F00047FD012001F06AFEE020FFF73BFD0320D8
:101A0000FFF73EFD052001F061FE0120FFF732FDEA
:101A10000A2001F05BFEE620FFF72CFD0120FFF716
:101A20002FFD3320FFF72CFD3220FFF729FDB020DA
:101A3000FFF720FD2020FFF723FD0020FFF720FD0A
:101A40000120FFF71DFD40F2DF10FFF719FD012017
:101A5000FFF716FD40F20F10FFF712FD0020FFF711
:101A60000FFDB420FFF706FD0220FFF709FD40F24D
:101A70000D20FFF705FD0020FFF702FD2B20FFF7EB
:101A8000FFFC2A20FFF7FCFC0020FFF7F9FC0120F7
:101A9000FFF7F6FC0020FFF7F3FCB620FFF7EAFCA7
:101AA0000120FFF7EDFC4FF49070FFF7E9FC0020F8
:101AB000FFF7E6FC0C20FFF7E3FC0B20FFF7E0FC50
:101AC0000020FFF7DDFC0120FFF7DAFCB820FFF76C
:101AD000D1FC0F20FFF7D4FC0120FFF7D1FCBA2086
:101AE000FFF7C8FC0120FFF7CBFC3620FFF7C2FC54
:101AF0000020FFF7C5FCF020FFF7BCFC0320FFF738
:101B0000BFFC2120FFF7B6FCBC20FFF7B3FC802010
:101B1000FFF7B6FC8020FFF7B3FC8020FFF7B0FC96
:101B20000120FFF7ADFC0A2001F0D0FD2920FFF7CE
:101B3000A1FCBE20FFF79EFC0E20FFF7A1FCFF20BA
:101B4000FFF79EFC0920FFF79BFCFF20FFF798FCA6
:101B50000020FFF795FC0020FFF792FCD020FFF754
:101B600089FC0D20FFF78CFC6420FFF7A1FA002010
:101B7000FFF7ACF94FF6FF70FFF754F910BD000006
:101B800018000020204C43442049443A25780D0A8F
:101B90000000000010B50121054800F04EF810B11A
:101BA00001200CF03FFA0121014800F037F810BD88
:101BB000000800407FB505460C4601210420FFF7D0
:101BC000E9FCADF80850ADF804400020ADF80A007B
:101BD000ADF8060001A9104800F04AF801221146AC
:101BE0000D4800F03BF801210B4800F017F81E20CB
:101BF0008DF8000002208DF8010003208DF802000E
:101C000001208DF803006846FFF770FC01210248AF
:101C100000F007F87FBD000000080040CA430282C0
:101C2000704721B1028842F00102028004E002887C
:101C30004FF6FE731A400280704730B5024600200E
:101C400000230024158A05EA0103958905EA0104A9
:101C500013B10CB1012000E0002030BD1AB183891E
:101C60000B43838102E083898B43838170470000AB
:101C7000002202881D4B98420ED01D4B98420BD07B
:101C8000B0F1804F08D01B4B984205D01A4B9842B8
:101C900002D01A4B984204D14FF68F731A404B88EA
:101CA0001A43174B984207D0164B984204D04FF670
:101CB000FF431A40CB881A4302808B8883850B88A8
:101CC00003850A4B98420BD0094B984208D00E4B23
:101CD000984205D00D4B984202D00D4B984201D14D
:101CE0000B7A03860123838270470000002C014099
:101CF000003401400004004000080040000C004097
:101D00000010004000140040004001400044014029
:101D1000004801402DE9FC5F04460D4617461E466B
:101D2000DDE90EABDDE90C894FF4784057490880B6
:101D300057A01021CDE90010564843880288A02101
:101D40002820FFF763FB54A01021CDE90010514873
:101D500043880288A0217820FFF758FB4FA010216C
:101D6000CDE900104B4843880288B4212820FFF7B2
:101D70004DFB4BA01021CDE9001046484388028856
:101D8000B4217820FFF742FB46A01021CDE90010D6
:101D9000404843880288C8212820FFF737FB42A02B
:101DA0001021CDE900103B4843880288C8217820E3
:101DB000FFF72CFB3DA01021CDE9001035484388EA
:101DC0000288DC212820FFF721FB39A01021CDE972
:101DD0000010304843880288DC217820FFF716FB8A
:101DE00034A01021CDE900102A4843880288F02150
:101DF0002820FFF70BFB102004232246A02100908F
:101E00004020FFF7B9FA102004232A46A0210090B1
:101E10009020FFF7B1FA102004233A46B421009035
:101E20004020FFF7A9FA102004233246B421009085
:101E30009020FFF7A1FA102004234246C821009009
:101E40004020FFF799FA102004234A46C821009049
:101E50009020FFF791FA102004235246DC210090D5
:101E60004020FFF789FA102004235A46DC21009015
:101E70009020FFF781FA102003230090F0216020CA
:101E8000109AFFF779FABDE8FC9F000014000020CB
:101E900078313A001800002079313A0078323A005F
:101EA00079323A0078333A0079333A0078343A009C
:101EB00079343A006661632069733A0000B597B0DF
:101EC000002012900B9012901F20FE4908804FF6C0
:101ED000FF70FD490880FEF7A5FF4FF47840F949EF
:101EE00008804FF6FF70FEF79DFF0020F54908803F
:101EF000F648006810216423A022CDE900102821B3
:101F00000846FFF783FA4FF478421421084600F0A0
:101F100003FC0020EE4988868863D0E3EC484068E3
:101F20000A9001200A998847E94890F8340000F0A7
:101F3000C00040287AD100200B90E548808E20F028
:101F40004000E34988860846818913AA129822F83E
:101F50002010DF48018C129802EB8000418012981B
:101F6000401CC0B212901298012806D0022815D049
:101F7000032829D0042810D141E04FF6FF72142124
:101F8000084600F0C9FBD3480088143880B24FF4EB
:101F9000784214210A9000F0BFFB80E3CD4800880E
:101FA000143880B24FF6FF7214210A9000F0B4FB8F
:101FB000C8484088143880B24FF4784201460A90ED
:101FC000142000F0A9FB6AE3C2484088143880B2AC
:101FD0004FF6FF7201460A90142000F09DFBBD48A9
:101FE0004088143880B20A90BA480088143880B209
:101FF0004FF4784209900A9900F08EFB4FE3BDF848
:102000004C00BDF85010401A0A90002801DB0A98D5
:1020100001E00A9840420F90BDF84E1013A8C08806
:10202000081A0A90002802DB0A9802E038E30A98AE
:1020300040420E900F9840430F900E9840430E90F0
:10204000DDE90E1008440590FEF70AFACDE9060115
:102050000CF019FCCDE90801FEF73CFA80B21190B2
:10206000BDF85400BDF85810401A0A90002801DB52
:102070000A9801E00A9840420F9013A84189C0894C
:10208000081A0A90002801DB0A9801E00A984042E9
:102090000E900F9840430F900E9840430E90DDE94C
:1020A0000E1008440590FEF7DBF9CDE906010CF0AF
:1020B000EAFBCDE90801FEF70DFA80B21090109806
:1020C000FEF7C9F909901198FEF7C5F9089009992A
:1020D000FEF708F90A90FEF716FACDE90C014FF069
:1020E00066327D4BDDE90C01FEF720FA0AD37B4A0C
:1020F0007B4BDDE90C01FEF731FA03D3119808B1EF
:102100001098E8BB0020129072484088143880B2C2
:102110000A9070480088143880B24FF6FF72099018
:102120000A9900F0F9FA4FF478421421084600F0B9
:10213000F3FA00226B4BDDE90C01FEF711F9CDE952
:102140000801FEF7C7F980B213A90A90C989BDF842
:10215000582013AB5B89CDE90132CDE90310BDF8FE
:102160005400009013A8C0880990BDF85000089052
:10217000BDF84E000790BDF84C00069007A900E09E
:1021800003E00EC9FFF7C6FD99E2BDF84C00BDF8AB
:102190005410401A0A90002801DB0A9801E00A98BE
:1021A00040420F90BDF84E1013A84089081A0A90BB
:1021B000002801DB0A9801E00A9840420E900F982F
:1021C00040430F900E9840430E90DDE90E100844F6
:1021D0000590FEF745F9CDE906010CF054FBCDE979
:1021E0000801FEF777F980B21190BDF85000BDF8F4
:1021F0005810401A0A90002801DB0A9801E00A985A
:1022000040420F9013A8C188C089081A0A9000287C
:1022100001DB0A9801E00A9840420E900F98404373
:102220000F900E9840430E90DDE90E100844059083
:10223000FEF716F9CDE906010CF025FBCDE9080102
:10224000FEF748F980B210901098FEF704F9099053
:102250001198FEF700F908900999FEF743F80A90E3
:10226000FEF751F9CDE90C014FF066321A4BDDE96A
:102270000C01FEF75BF906D3184A194BDDE90C0196
:10228000FEF76CF954D2002012901248408814389E
:1022900080B20A900F480088143880B24FF6FF725F
:1022A00009900A9900F038FA4FF478421421084650
:1022B00000F032FA00220B4BDDE90C01FEF750F87A
:1022C00012E00000140000201600002098330108DE
:1022D00020000020180000206666EE3FCDCCCCCC5C
:1022E000CCCCF03F00005940CDE90801FEF7F2F8F0
:1022F00080B213A90A90C989BDF8582013AB5B8935
:10230000CDE90132CDE90310BDF85400009013A8C7
:10231000C0880990BDF850000890BDF84E000790A5
:10232000BDF84C00069007A90EC9FFF7F3FCC6E103
:10233000BDF85000BDF85410401A0A90002801DB87
:102340000A9801E00A9840420F9013A8C18840897A
:10235000081A0A90002801DB0A9801E00A98404216
:102360000E900F9840430F900E9840430E90DDE979
:102370000E1008440590FEF773F8CDE906010CF045
:1023800082FACDE90801FEF7A5F880B21190BDF8F8
:102390004C00BDF85810401A0A90002801DB0A983A
:1023A00001E00A9840420F90BDF84E1013A8C08972
:1023B000081A0A90002801DB0A9801E00A984042B6
:1023C0000E900F9840430F900E9840430E90DDE919
:1023D0000E1008440590FEF743F8CDE906010CF015
:1023E00052FACDE90801FEF775F880B21090109806
:1023F000FEF731F809901198FEF72DF80890099929
:10240000FDF770FF0A90FEF77EF8CDE90C014FF062
:102410006632AD4BDDE90C01FEF788F806D3AB4A16
:10242000AB4BDDE90C01FEF799F840D20020129089
:10243000A8484088143880B20A90A648008814380A
:1024400080B24FF6FF7209900A9900F065F94FF4D7
:1024500078421421084600F05FF900229E4BDDE926
:102460000C01FDF77DFFCDE90801FEF733F880B2DE
:1024700013A90A90C989BDF8582013AB5B89CDE92F
:102480000132CDE90310BDF85400009013A8C088B4
:102490000990BDF850000890BDF84E000790BDF8B7
:1024A0004C00069007A90EC9FFF734FC07E1BDF800
:1024B0005000BDF84C10401A0890FDF7C3FF0A9079
:1024C0008448008828380890FDF7BCFF09900A99D5
:1024D000FDF708FF81498863BDF85000BDF84C1036
:1024E00008440590FDF7AEFF06907C48806B0146DE
:1024F00005900698FDF7C4FE08907648008806907F
:10250000FDF7A9FF07900899FDF7B4FE4FF0804151
:102510000990FDF7E7FE0A90FDF7AFFF00B26F49A3
:10252000A1F8400013A84089BDF84E10401A089049
:10253000FDF788FF0A906748408828380890FDF723
:1025400081FF09900A99FDF7CDFE6449C86313A87D
:102550004089BDF84E1008440590FDF773FF0690C2
:102560005E48C06B014605900698FDF789FE08900D
:10257000584840880690FDF76EFF07900899FDF7D0
:1025800079FE4FF080410990FDF7ACFE0A90FDF70F
:1025900074FF00B25149A1F842000846806B0890D0
:1025A000FDF76BFF0990002801DB099801E009980D
:1025B000404202280DDC4948C06B0890FDF75DFFE2
:1025C0000A90002801DB0A9801E00A98404202289C
:1025D00042DD002012903F484088143880B20A90B3
:1025E0003C480088143880B24FF6FF7209900A996F
:1025F00000F092F84FF478421421084600F08CF86D
:1026000037A01021CDE90010324840880A903148A7
:102610000088099002461A2128200A9BFEF7F6FE40
:102620002E4890F8440008B9012000E000202B4912
:1026300081F84400084690F8440030B190202D49BC
:102640000870D0202C49087005E0D0202949087076
:1026500090202949087032E01F20284908804FF651
:10266000FF70FEF7DFFB26A01021CDE9001019480E
:1026700040880A9017480088099002466E2123205E
:102680000A9BFEF7C3FE4FF47A7001F01FF800F0CA
:1026900037FA4FF6FF70FEF7C5FB17B000BD00BF5D
:1026A0000A2001F013F80B98401C80B20B900B9895
:1026B000B0F57A7F02DD00F067F801E000BF2DE49D
:1026C00000BF00BFE9E700006666EE3FCDCCCCCC92
:1026D000CCCCF03F18000020000059402000002022
:1026E0005450204E65656420726561646A75737428
:1026F0002100000068000020690000201400002074
:10270000546F7563682053637265656E2041646A17
:10271000757374204F4B210070B504460D46164664
:102720001848068004F10D018AB2193988B22B4687
:102730002946FEF7FDFB05F10D0083B2193881B281
:1027400022462046FEF7F4FB6A1C91B2621C90B24E
:10275000FEF746FC6A1C91B2621E90B2FEF740FC86
:102760006A1E91B2621C90B2FEF73AFC6A1E91B2E8
:10277000621E90B2FEF734FC062229462046FEF780
:102780003FFC70BD1400002070B5D520FEF78AF81C
:1027900004460A2C44D10421C820FEF76DF80446F3
:1027A0002046FDF74FFE05461E49FDF79BFD1E49DD
:1027B00088630421CC20FEF75FF804462046FDF72D
:1027C00041FE05461749FDF78DFD1749C8630221F3
:1027D000D020FEF751F800B21349A1F840000221C1
:1027E000D220FEF749F800B20F49A1F84200D420E8
:1027F000FEF758F80C4981F84400084690F8440068
:1028000030B1902009490870D0200949087005E0CE
:10281000D02006490870902005490870012070BD3D
:102820000020FCE720BCBE4C2000002068000020F7
:102830006900002008B501218820FEF7BBFE0220B8
:10284000ADF8000010208DF8030003208DF8020081
:1028500069462848FEF71FF902212648FEF7A6F927
:102860000420ADF8000048208DF803006946214897
:10287000FEF711F904211F48FEF798F94FF4206084
:10288000ADF8000010208DF8030003208DF8020041
:1028900069461948FEF7FFF84FF420611648FEF725
:1028A00085F94FF48060ADF8000048208DF80300F2
:1028B00069461148FEF7EFF84FF480610E48FEF7C5
:1028C00075F90E49A1F1140000F0A2F8FDF7D0FF50
:1028D000FFF75AFF08B1002008BD4FF6FF70FEF762
:1028E000A1FAFFF7EBFA00F00BF9FFF74DFF01201B
:1028F000F2E70000000C0140001C014040000020F5
:1029000070B506460025002400201E4908601E49B7
:10291000C1F8A4011D490860304600F0B1F9062055
:1029200000F0FAFE00201A49C1F88401012000F0ED
:10293000F3FE01201349086000F0EEFE0020144968
:10294000C1F8840100BF15E04FF6FF7000EA4404AF
:1029500000200C490860012000F0DEFE01200C4937
:10296000C1F8840107487C38006808B1601C84B253
:10297000681CC5B2102DE7DB241101200349086053
:10298000204670BD8481214200802342AC812342D5
:10299000008021422DE9F04194B0804600270024B8
:1029A00006E04046FFF7ACFF2DF81400601C84B22F
:1029B000282CF6DB002416E0601C85B20FE03DF801
:1029C00014003DF81510884207DD3DF814603DF80D
:1029D00015002DF814002DF81560681C85B2282DFF
:1029E000EDDB601C84B2272CE6DB0027012404E029
:1029F0003DF814000744601C84B2272CF8DB262025
:102A0000B7FBF0F086B2304614B0BDE8F0810000AC
:102A10002DE9F04104460D4607480078FFF7BAFF5C
:102A2000064606480078FFF7B5FF074626802F8048
:102A30000120BDE8F081000068000020690000204E
:102A40007FB504460D4602A903A8FFF7E1FF06463D
:102A500016B9002004B070BD694601A8FFF7D8FF81
:102A600006460EB90020F5E7BDF80400BDF80C10CD
:102A7000884206DCBDF80C10BDF8040032308142FB
:102A80000CDBBDF80C00BDF80410884236DCBDF844
:102A90000410BDF80C00323081422FDABDF800007E
:102AA000BDF80810884206DCBDF80810BDF800002B
:102AB000323081420CDBBDF80800BDF800108842BE
:102AC0001CDCBDF80010BDF808003230814215DA78
:102AD000BDF80C10BDF80420881800EBD071C1F3CC
:102AE0004F012180BDF80810BDF80020881800EBC8
:102AF000D071C1F34F0129800120ABE70020A9E785
:102B000070B51B49886B1B49FDF7BAFB0546FDF7FD
:102B1000B4FC044604222146C820FDF7EFFE144908
:102B2000C86B1449FDF7ACFB0546FDF7A6FC04464F
:102B300004222146CC20FDF7E1FE0D48B0F94010FB
:102B40000222D020FDF7DAFE0948B0F94210022235
:102B5000D220FDF7D3FE064890F84410D420FDF7AC
:102B6000E2FE0A242146D520FDF7DDFE70BD0000FF
:102B70002000002020BCBE4C2DE9F04104463E4818
:102B80000068002855D12CB13C49A1F11400FFF791
:102B900057FF3DE03949A1F11400FFF751FFB8B3E9
:102BA00036492039B1F94000FDF74CFC074633495E
:102BB00020398889FDF74FFC804630482038816BEA
:102BC0004046FDF75DFB06463946FDF701FB05462D
:102BD000FDF76CFC294920398881B1F94200FDF7E5
:102BE00031FC074625492039088CFDF734FC804626
:102BF00022482038C16B4046FDF742FB0646394665
:102C0000FDF7E6FA0546FDF751FC1C49203908841A
:102C10001A48203890F8340000F0800020BBC02013
:102C2000164920398886084681898182018C018570
:102C30001AE01248203890F8340000F0800040B1CB
:102C40000E482038808E20F080000C49203988867C
:102C50000AE0002109482038818201854FF6FF7083
:102C600006492039888108840448203890F83400C7
:102C700000F08000BDE8F081288123424000002060
:102C800070B50446002500BF17E004F0800018B1BD
:102C900001200B49086002E0002009490860600635
:102CA000040E002007490860012000F035FD0120D6
:102CB0000549C1F88401681CC5B2082DE5DB70BD6B
:102CC000A4812342848121420080214210B540F238
:102CD00025511D4800F0B8F810B31B4800F070F9FA
:102CE000C4B21A48008800F40040C8B917480088E8
:102CF00000F4804060B10A2C03D000201349088002
:102D000020E01248008840F400401049088019E093
:102D10000D2C06D10D48008840F480400B490880F6
:102D200010E00A480088C0F30D0009490C54074818
:102D30000088401C0549088008460088C72801DD36
:102D40000020088010BD0000003801406E00002007
:102D5000A801002010B586B0044601210420FEF72A
:102D600029FC01218803FEF725FC4FF40070ADF823
:102D7000140003208DF8160018208DF8170005A9FF
:102D80001E48FDF788FE4FF48060ADF81400042063
:102D90008DF8170005A91948FDF77DFE0194002064
:102DA000ADF80800ADF80A00ADF80C00ADF8100061
:102DB0000C20ADF80E0001A9114800F095F8012192
:102DC0000F4800F028F840210D4800F01BF80122C0
:102DD00040F225510A4800F061F825208DF80000E6
:102DE00003208DF801008DF8020001208DF803000A
:102DF0006846FEF77BFB06B010BD000000080140EE
:102E00000038014001F40072B2F5007F00D100BF2C
:102E1000CA430280704721B1828942F40052828104
:102E200004E082894DF6FF731A40828170470246A2
:102E30000020B1F5007F00D100BF13880B400BB11B
:102E4000012000E00020704770B5024600240023F6
:102E50000025002040F66A16B14200D100BFC1F340
:102E6000421501F01F03012606FA03F3012D02D1DA
:102E70009689334006E0022D02D1168A334001E0E4
:102E8000968A33400C12012606FA04F41688344060
:102E900013B10CB1012000E0002070BDF0B5034675
:102EA000002400260025002040F66A17B94200D110
:102EB00000BF1846C1F3421401F01F06012707FAAC
:102EC00006F5012C01D10C3004E0022C01D11030A8
:102ED00000E014301AB107682F43076002E007686A
:102EE000AF430760F0BD00002DE9F04786B005460E
:102EF0000E460024A24600BFA1460027B08900B1BB
:102F000000BF2F462C8A4CF6FF700440F088044323
:102F10002C82AC894EF6F3100440B0883189084306
:102F2000718908430443AC81AC8A4FF6FF400440EA
:102F3000B0890443AC8201A8FEF74CFB1F488742CE
:102F400002D1DDF810A001E0DDF80CA0A88900F4A2
:102F5000004040B10AEBCA0000EB0A10316849009A
:102F6000B0FBF1F807E00AEBCA0000EB0A10316889
:102F70008900B0FBF1F86420B8FBF0F004012009EF
:102F8000642101FB1089A88900F4004040B132207F
:102F900000EBC900B0FBF1F000F00700044308E0CB
:102FA000322000EB09106421B0FBF1F000F00F00BB
:102FB00004432C8106B0BDE8F087000000380140D2
:102FC00001468888C0F308007047C1F30802828078
:102FD000704700BFFEE700000FB4054B10B503A912
:102FE000044A029800F032F810BC5DF814FB0000AF
:102FF000113F0008A00100200FB4084B10B504A930
:1030000002AA039800F022F8044602A9002000F06A
:103010007DF9204610BC5DF814FB00000D3300085C
:1030200002E008C8121F08C1002AFAD17047704791
:10303000002001E001C1121F002AFBD170470000EF
:103040000149086070470000A40100202DE9FF4FEE
:103050008DB09B460F460446002606E025280BD07F
:103060005A460F999047641C761C20780028F5D1A9
:1030700011B03046BDE8F08F0025A84601229849DE
:1030800000E0054314F8013F203B02FA03F0084238
:10309000F7D120782E2817D114F8010F45F0040538
:1030A0002A280ED06FF02F022078A0F130010929D4
:1030B0000AD808EB880102EB410100EB0108641C0F
:1030C000F2E757F8048B641C20786C280DD004DCE0
:1030D0004C2812D06A2811D104E074280DD07A2827
:1030E0000CD10AE045F4001507E0617845F480153D
:1030F000814202D1641C05F58015641C2278692A7E
:1031000045D008DC002AB3D0582A69D0632A10D0F1
:10311000642A08D13BE0702A67D0732A13D0752A3D
:103120005CD0782A5CD010465A460F999047761C9E
:10313000D3E017F8040B8DF8000000208DF8010093
:10314000E946012003E057F8049B4FF0FF30690780
:103150004FF0000501D40AE06D1C45450DDA8542AB
:10316000FADB19F805100029F6D106E06D1C85423E
:10317000FCDB19F805100029F8D12E4404E019F8F9
:10318000010B5A460F9990476D1EF8D2A5E00A2010
:103190000021CDE90801C5F3025002280DD001CF6E
:1031A000C117031E71F100030DDA4FF0000CD0EBD4
:1031B0000C006CEB01012D2308E0FF1D27F0070731
:1031C000F7E80201EDE72B0504D52B238DF8283015
:1031D00001233BE0EB0739D02023F7E70A2000E08A
:1031E00010200021CDE9080107E01020002145F062
:1031F0000405CDE908014FF00808C5F30250022884
:103200000FD001CF00214FF0000A2B071FD5702AE5
:103210000DD0DDE908C38CF0100C5CEA030C0CD077
:1032200015E0FF1D27F00707F7E80201EBE7402252
:103230008DF828204FF0010A0BE050EA010306D078
:1032400030238DF828308DF8292002239A46582AF9
:1032500004D024A20DF120090B9209E026A2F9E77F
:10326000DDE90823FDF792F90B9B9B5C09F8013D12
:1032700050EA0102F4D1ADEB090020300890680754
:1032800001D44FF001080899884502DDA8EB010040
:1032900000E000208046002506E00AA85A46405D6E
:1032A0000F9990476D1C761C5545F6DB04E03020E5
:1032B0005A460F999047761CB8F10001A8F1010811
:1032C000F5DC05E019F8010B5A460F999047761C7A
:1032D0000899481E08900029F4DC641CC5E600002B
:1032E00009280100303132333435363738396162DC
:1032F00063646566000000003031323334353637A0
:103300003839414243444546000000000A68531CD6
:103310000B6010707047000010B58AB0044694F836
:103320002000C0F3400020B994F8200000F0010014
:1033300070B194F82000C0F34000F0B994F8200078
:1033400000F00100C8B194F82000C0F38000A0B1E3
:103350002422214601A8FCF707FF2146194808F05E
:10336000A0FD204608F008FE0120174908700498C7
:1033700010B101A8049988471FE0E08B404200B2D9
:10338000608394F8200000F00100B0B194F82010A0
:10339000C1F3800119B9A18B494209B2618310348C
:1033A000217C8908C943227C61F38202227420684F
:1033B000616821606060103C00BF034800780AB07B
:1033C00010BD0000B8050020F00000202DE9F041FC
:1033D00007462F4808F07EFC044608E0206A20F0EB
:1033E0000800206221462A4808F079FC0446002C97
:1033F000F4D1284800680AF0F7FD0646244808F092
:1034000069FC04463CE000202349087094F8200041
:10341000C0F3C00038BB206A20F0080008302062EA
:10342000608B304400B26083B4F91A0000281ADBC4
:10343000B4F91A00218B884202DD208B00B2608330
:103440002046A16888470546606818B129B2D4E9CA
:1034500000029047B4F91A00218B884202DB204613
:10346000FFF75AFF00BF0C48007820B1084808F069
:1034700031FC044604E02146054808F030FC0446CF
:10348000002CC0D10AF0BEFD02490860BDE8F08101
:10349000B8050020EC000020F000002030B5034605
:1034A000022B04D10E48405C5043001230BD032B68
:1034B00004D10C48405C50430012F7E7042B04D1C0
:1034C0000948405C50430012F0E7C1EBC105581EAB
:1034D000B5FBF0F0C4B20548005D5043000AE5E7D3
:1034E000D6330108D8330108DB330108DF33010884
:1034F0002DE9FF5F06460F4606F1100102A802F013
:1035000008F90021304602F05EFB8046BDF8081045
:10351000B8F81A00084400B2ADF80800BDF80C1065
:10352000B8F81C00081A00B2ADF80C00304600F0E4
:103530001BFE718A4418304600F010FD2118B8F8BF
:103540001600081A00B2ADF80A00394602A802F0C7
:10355000A9F900287ED0BDF90C00BDF90810401A69
:10356000401C072190FBF1F000B20190BDF90E0064
:10357000BDF90A10401A401C062190FBF1F000B280
:1035800000904FF00009B7F90000BDF90810411A8A
:10359000019891FBF0F000F0FF09B9F1060F01DD91
:1035A0004FF006094FF0000AB7F90200BDF90A1002
:1035B000411A009891FBF0F000F0FF0ABAF1050FF4
:1035C00001DD4FF0050A0025CAEBCA004844C5B228
:1035D000304609F00BFB044694F90610A08801223E
:1035E00000F0CEFCA84224DDA188A079012800D1FA
:1035F00000E00020081AE081A079012801D10C2008
:1036000002E094F90600401E41B2217494F91010B2
:10361000E08900F027FE834694F90610A088012275
:1036200000F0AEFCABEB0000401C284441B26174DA
:1036300046E094F90610A088012200F0A1FC834620
:1036400094F90610A08800F00DFE5844A84210DD41
:10365000A08800E038E0E081A179217494F9061097
:10366000A088012200F08CFC691C081A41B2617428
:1036700026E02A2D24DAA188A0790C2801D1012086
:1036800000E000200844E081A0790C2801D101204D
:1036900002E094F90600401C41B2217494F906102E
:1036A000A088012200F06CFC691CA1EB000B94F9CE
:1036B0000610A08800F0D6FDABEB000041B26174AB
:1036C000012004B0BDE8F09F0020FAE70146114A4E
:1036D00012884A434FF0E0235A6100229A611A4649
:1036E000126942F001021A6100BF4FF0E022106936
:1036F00000F001021AB100F48032002AF5D04FF038
:10370000E022126922F001024FF0E0231A61002248
:103710009A6170476C0000200146114A12784A43B2
:103720004FF0E0235A6100229A611A46126942F072
:1037300001021A6100BF4FF0E022106900F001029F
:103740001AB100F48032002AF5D04FF0E02212695D
:1037500022F001024FF0E0231A6100229A617047C3
:103760006A000020F8B506460C4615460095E78825
:10377000BBB2A788BAB26788B9B22788B8B2FDF7DA
:1037800075FB304602F074FEF8BD70472DE9F04F2E
:1037900089B006468846304609F028FA0446304685
:1037A00009F038FA0890606AB0F91A90304609F0CA
:1037B00091FA0146606A408B091A606A808B081A88
:1037C00007B2072097FBF0F00FFA80FA304600F0BE
:1037D000CBFC718A0144606AC08A084400B2ADF82B
:1037E0001A00616A486A06F0CFFBBDF81A10084457
:1037F00000B2ADF81E00002527E007FB05F0072109
:10380000B0FBF1F0318A0844484400B2ADF818002A
:10381000BDF818005044401E00B2ADF81C00E9B2DB
:10382000304600F087FB834600204FF6FF71CDE95C
:103830000201CDE904100420CDE900B0626A4146DE
:1038400006A8089B03F02CF86D1C072DD5D309B0F2
:10385000BDE8F08F2DE9F34F93B08146484609F05B
:10386000C5F904460021484602F0ADF90546484630
:1038700009F0D0F91090484600F076FCB9F8121023
:103880000144606AC08A01EB0008616A486A06F078
:103890007BFB08EB0001606A008B084400B2ADF8C6
:1038A0004600686A06F070FBBDF84610084400B296
:1038B000ADF84A00484609F00DFA0146688B091A2E
:1038C000A88B081A00B20F90B9F81600BDF8461080
:1038D000411A288B081A00B20E9007210F9890FB0E
:1038E000F1F000B20D90686A06F04EFB06220E99C8
:1038F00002FB1010052190FBF1F000B20C9094F93E
:103900000610A088012200F03BFB0B900B9818B921
:10391000012701260A950DE0002694F90620511E84
:10392000A08800F09FFC07460B98401E381AC7B2CB
:10393000E06A0A9000200990A0882188884207D177
:1039400094F9060094F90210884201D101200990EF
:103950000020079083462EE10998002847D0012EC9
:1039600008D194F90300B84204DB94F90310F81D60
:1039700081420ADBD6BB94F903100B98C0F1070013
:10398000814234DCBBF1000F31D111A905A801F04F
:10399000C0FEB9F81010688B0144206B408B081AE8
:1039A00000B2ADF81400B9F81410A88B091A206BF6
:1039B000808B084400B2ADF81800BDF81610206BDB
:1039C000C08A081A00B2ADF81600BDF81A10206BB4
:1039D000008B084400B2ADF81A00226B05A8109BBA
:1039E000149903F0F0FB0120079002E0FFE70020AC
:1039F00007904FF0000AC2E02EB90B98824502D121
:103A0000012601270A95012E0AD194F90610A088F3
:103A100000F028FCB84203DA02260127E06A0A9087
:103A20000F9800FB0AF00721B0FBF1F0B9F8101075
:103A30000144688B084400B2ADF84400BDF844105E
:103A40000D980844401E00B2ADF84800012E28D160
:103A5000099830B394F90300B84222D111A905A8FE
:103A600001F057FEBDF84400ADF81400BDF8480061
:103A7000ADF81800BDF84610606BC08A081A00B295
:103A8000ADF81600BDF84A10606B008B084400B218
:103A9000ADF81A00626B05A8109B149903F093FB14
:103AA00000BFBEB9A388A079012800D100E00020A2
:103AB000191AA079012801D10C2002E094F906001E
:103AC000401E02463B46484601F011FD10B1D4F8B5
:103AD00028803BE0012E0AD194F90620A1883B46BC
:103AE000484601F004FD10B1D4F828802EE0022EE3
:103AF00018D1A388A0790C2801D1012000E0002072
:103B00001918A0790C2801D1012002E094F90600CF
:103B1000401C02463B46484601F0E9FC10B1D4F88F
:103B2000288013E0099840B194F90300B84204D109
:103B3000012E02D1D4F8348008E0079820B1012E7C
:103B400002D1D4F8308001E0DDF8288008A9384699
:103B50000AF0A2FD00204FF6FF71CDE90201CDE988
:103B60000410042008A9CDE90010424611A8109BBA
:103B7000149902F095FE781CC7B20AF1010ABAF155
:103B8000070FFFF439AF686A06F0FEF90C99084494
:103B9000BDF84610084400B2ADF84600686A06F069
:103BA000F3F90C990844BDF84A10084400B2ADF886
:103BB0004A000BF1010BBBF1060FFFF4CDAE15B0BF
:103BC000BDE8F08F2DE9F04399B005460F46284631
:103BD00009F00CF80446284609F01CF88046288AAB
:103BE000ADF85C00A88AADF86000688AADF85E00A8
:103BF000284600F0B9FA698A084400B2ADF86200BC
:103C00004346394617A8E26903F0DDFAA08807A900
:103C10000AF042FD20208DF8200000208DF82100C0
:103C200094F90610284600F03FFB814649460DF105
:103C30002100FCF7C4FABDF85E10E069C08A0844B0
:103C400000B2ADF85E0000204FF6FF71CDE9020131
:103C5000CDE90410042007A9CDE9001043463946F8
:103C600017A8E26902F01CFE94F90D00002801DAA1
:103C7000206A00E0E0690646BDF85C10E069408B10
:103C8000084400B2ADF85C0000204FF6FF71CDE9AA
:103C90000201CDE904101BA143463246CDE90010D4
:103CA000394617A802F0FCFD94F90D00002801DD4B
:103CB000206A00E0E069064600200090B6F92A304C
:103CC000032111A0726A0AF0B1FA0146BDF8602022
:103CD000E069808B101A401A00B2ADF85C00002039
:103CE0004FF6FF71CDE90201CDE9041006A143466C
:103CF0003246CDE90010394617A802F0D1FD19B0BF
:103D0000BDE8F083EF819300EF81940070B5044625
:103D10000D460026207800F0010068B92068B5EB58
:103D2000500F09D82946204600F020F8206820F0DE
:103D30000100401C2060261D304670BD10B50146B4
:103D4000002011B9084A10680CE00A1D0B6802EB4C
:103D50005300031D044C246804F58044A34200D39F
:103D6000002000BF10BD00000001002030B501F0B0
:103D7000030212B121F00301091D0A1D0368B2EB11
:103D8000530F01D1026851080268B1EB520F0ED0F7
:103D9000031D5A18146824F0010414600468C1EB70
:103DA0005404241F156864F35F05156000BF0268A2
:103DB00061F35F02026030BD70B58AB006460D4601
:103DC000062D1ED1304601F0F1FE0446C4B1208814
:103DD000B0B194F90300009094F9023022880AA14E
:103DE00002A8FFF709F902A90A48006807F049FE8E
:103DF0002146304601F074FF2146304601F035FF80
:103E000000BF0AB070BD000025642F25642F256413
:103E1000000000009C0100202DE9F84F0446884670
:103E2000914694F8580000F0010008B1BDE8F88F01
:103E3000E56800264FF0010A4FF0010B00BF8DB975
:103E400094F85800C0F3001000B956B9BBF1000F48
:103E500000D1EBE72046C04705464FF0000AD346A5
:103E600000E0E3E716B92E4606B9DFE7BAF1000F26
:103E700006D029462046C8470546B54200D1D5E7B9
:103E80004FF0010A05B9DAE7286808F0BDFE00B96D
:103E900000E0D4E700BFE068A84200D1C6E7E068D0
:103EA000A8B1E168086800221021C3699847E16859
:103EB000002208680D2105F081FF0090009801287C
:103EC00000D0B3E7E168086808F024FF00BFE560B0
:103ED000E168086800220F21C3699847E168002261
:103EE00008680C2105F06AFF0746012F00D09DE706
:103EF000E16808680AF068FCE168086808F00AFFF1
:103F0000A06910B12046A169884700BF8EE7000074
:103F100070B504460D46E1B20548FFF756F800BFFC
:103F200080210348FEF783FF0028F9D0204670BDAA
:103F30000038014070B506460C46304608F056FE83
:103F40000546686918B1686950F8240070BD0248D8
:103F500050F82400FAE700004401002070B505463F
:103F6000284608F043FE0446616A486A06F00CF8E9
:103F7000616AC98A0144606A008B084400B270BD5E
:103F8000F0B504460B46032B01D2012000E00020CF
:103F90000546611B981E0C2707FB0500C0EB40106F
:103FA000B0FBF7F01044084400EB91006427B1FB2C
:103FB000F7F7C01B4FF4C877B1FBF7F73844072772
:103FC000B0FBF7FC07FB1C06F0B2F0BD2DE9FC4787
:103FD00080460E4616B90020BDE8FC87D8F80C4094
:103FE0006069B04201D1A069F6E70025AEE005EBBB
:103FF0008501A06850F82100301A019005EB850179
:10400000A06800EB810080880199884200D29BE083
:10401000002705EB8501A06800EB8100807C00F0A3
:10402000030040B905EB8501A06800EB8100C08862
:104030000199471884E005EB8501A06800EB810039
:10404000807C00F0030001280FD105EB8502A168F8
:1040500001EB8201C86805EB8502A16801EB8201D2
:10406000C988019A825C8F186AE005EB8501A06817
:1040700000EB8100807C00F00300022827D1394842
:10408000009005EB8503A06800EB8300028A05EB36
:104090008503A06800EB83000223816801A80AF071
:1040A000D1FA8146B9F1000F10D005EB8502A16865
:1040B00001EB82018968A9EB0100400805EB85024C
:1040C000A16801EB8201C9880F1800BF38E005EB39
:1040D0008501A06800EB8100807C00F003000328CC
:1040E0002ED12048009005EB8503A06800EB8300EB
:1040F000028A05EB8503A06800EB83000223816838
:1041000001A80AF09FFA8146B9F1000F17D005EB1C
:104110008503A26802EB83029268A9EB02004008C3
:1041200005EB8503A26802EB8302D16805EB8503EA
:10413000A26802EB8302D2880B5CD71800BF00BFD5
:104140006661A761384647E7681C85B2608AC0F39C
:104150000900A8423FF74BAF66610020A06100BF95
:104160003AE7000075EA000870B50546284608F0F1
:104170003DFD0446E169486A05F006FFE169C98A28
:104180000144E069008B084400B270BD2DE9FC5F7A
:1041900080460D461646D8F80C704FF0000A788A13
:1041A000C0F34030002841D1FC68A068C0F3016032
:1041B000D8B9D4F8009005EB062080B201902748CA
:1041C0000090A06820F07F420223494601A80AF02F
:1041D00039FA8346BBF1000F06D0ABEB090040086B
:1041E000616811F900A000BF1FE0A068C0F3016082
:1041F00001281AD1D4F8009005EB06200190184848
:104200000090A06820F07F420423494601A80AF0EC
:1042100019FA8346BBF1000F06D0ABEB0900000989
:10422000616811F900A000BF00BF13E0F86843689F
:10423000595D43689A5D00290BDD002A09DD531E94
:104240004C1E90F80DC004FB0C330468E35C4FFA7D
:1042500083FA00BF5046BDE8FC9F0000955500085A
:104260007555000870B505460C46641E002C01DA31
:104270006D1E0C340C2C01DB6D1C0C3C012C04D18C
:10428000284601F062F91C300BE0072094FBF0F1A6
:1042900000FB114606EBD6704010A6EB4000C0F1C3
:1042A0001F00C0B270BD000070B506460C46641E0B
:1042B000002C00DA0C34304608F098FC0546A8695A
:1042C00018B1A86950F8240070BD024850F82400C5
:1042D000FAE700006001002001460020302905DBDC
:1042E000392903DCA1F13002D0B21CE0612902DBE4
:1042F000A1F12002D1B2A1F14102062A10D2DFE8D9
:1043000002F0030507090B0D0A200BE00B2009E062
:104310000C2007E00D2005E00E2003E00F2001E057
:10432000002000BF00BF704770B504460D46A06D69
:10433000A96830F821102184A06DA96800EB8100E4
:1043400041886184B4F92410B4F9200081420DD170
:10435000B4F92610B4F92200814207D1A87B0128C4
:1043600004D104F11C0000F059FD03E004F11C002D
:1043700000F012FF218CA184618CE18470BD0000EB
:104380002DE9F04F87B00446A569002703E02846D1
:1043900008F054FC0546284608F01CFC08B1002D26
:1043A000F5D115B907B0BDE8F08F284608F006FC36
:1043B00000B9F7E7284608F007FC0646218AA089DD
:1043C000084401B22182618AE089084401B2618215
:1043D00094F8240000F0010058BB06F0010070B111
:1043E000B4F91000002802DDB4F9100002E0B4F9BD
:1043F0001000404267490968097D884211DA06F0D9
:104400000200B0B1B4F91200002802DDB4F91200C4
:1044100002E0B4F9120040425E490968097D884211
:1044200007DB94F8240020F00100401C84F82400ED
:10443000012794F8240000F0010000287ED0A08914
:1044400010B9E0890028F9D052490968C86802F01B
:1044500041F88246B5F910B0B5F912000690284629
:1044600008F0ECFB039008F035FC0590284608F0B6
:10447000E5FB039008F0C0FB0490284608F032FCEE
:104480008046284608F03AFC8146032E12D13FB1FF
:10449000208A40440FFA80F8608A48440FFA80F975
:1044A000E089484402B2A089404401B2284608F09D
:1044B00028FD1CE006F0010058B11FB1208A4044DD
:1044C0000FFA80F8A089404401B2284608F0C6FDE2
:1044D0000DE006F0020050B11FB1608A48440FFAA7
:1044E00080F9E089484401B2284608F0C4FDB5F9D6
:1044F000100058452DD1B5F912100698814228D1E7
:10450000284608F09BFB019008F0E4FB0390284646
:1045100008F094FB019008F06FFB02900599039856
:10452000884215D104990298884211D11949096825
:10453000C86801F0CFFF0190019A00E027E0A2EBEC
:104540000A0291B2134A1268D06802F01DF800BF47
:104550001CE094F8240020F00200801C84F8240061
:10456000A7B10C48EB690D21026828469847204600
:1045700000F072FF00B115E700220821284605F07F
:104580001DFC204600F068FF00B10BE700BF00BF34
:1045900008E70000700000202DE9FF41044694F870
:1045A0002400C0F3400008B9BDE8FF81E56903E0DD
:1045B000284608F043FB0546284608F00BFB08B1E7
:1045C000002DF5D105B9EFE7284608F009FBD8B969
:1045D00094F8240020F0020184F824105948EB6973
:1045E0000E2102682846984700220921284605F036
:1045F000E5FB204600F030FF00B1D5E7002209219D
:10460000284605F0DBFBCFE7284608F0DDFA064632
:10461000B4F914004B490968497DC1F1640148436C
:10462000642190FBF1F001B2A182B4F91600454972
:104630000968497DC1F164014843642190FBF1F0B0
:1046400001B2E182A08A10B9E08A00285DD002A9F7
:10465000284608F079FA284608F044FBA18A084465
:104660000FFA80F8284608F049FB0146E08A084422
:1046700007B2032E05D13A464146284608F041FCD0
:104680000EE006F0010020B14146284608F0E6FCA5
:1046900006E006F0020018B13946284608F0EBFCA7
:1046A0006946284608F050FABDF90800BDF9001027
:1046B000884201D0A08A38BBBDF90A00BDF90210BA
:1046C000884201D0E08AF8B994F8240020F0020171
:1046D00084F824100021A181E181A182E18219489E
:1046E000EB690E21026828469847204600F0B4FE88
:1046F00000B159E700220921284605F05FFB20465A
:1047000000F0AAFE00B14FE71AE094F8240020F070
:10471000020184F824100B48EB690E210268284638
:104720009847204600F098FE00B13DE7002209219D
:10473000284605F043FB204600F08EFE00B133E72B
:1047400000BF31E7700000202DE9F84304460D4614
:10475000A87B012806D194F84C00C0F3C00008B132
:10476000BDE8F88394F84C00C0F3C00080B194F821
:104770004C0020F0080184F84C100021616494F88A
:104780004C0020F0010184F84C100021202001553C
:1047900094F82080A97B2020015569686162676DCB
:1047A00007B9DDE7384605F0B3FCC549086008469F
:1047B000006800B9D4E7A87B002843D1384605F04B
:1047C0009EFC00B3B5F90C0000280CDA002604E0CA
:1047D0001421384605F0F2FC761CB5F90C00404275
:1047E000B042F5DC0EE0B5F90C0000280ADD002629
:1047F00004E01321384605F0E1FC761CB5F90C0005
:10480000B042F6DC1EE0B5F90C0000280BDA0026F9
:1048100003E0384605F05EFC761CB5F90C0040421A
:10482000B042F6DC0DE0B5F90C00002809DD0026E9
:1048300003E0384605F0E4FB761CB5F90C00B04205
:10484000F7DC00BF384605F063FC9D490860084668
:10485000006800B984E7A87B012831D1B8F1000FC6
:104860002ED100200090964800686A461221C36944
:1048700093480068984709F0C5FB6064384605F026
:104880003EFC10B99DF80000C8B98D4800680022B0
:104890000721C3698A480068984704F11C0000F0AA
:1048A000DBFD00B15CE7002211468548006805F099
:1048B00085FA04F11C0000F0CFFD00B150E7F9E0EB
:1048C000A87B01284BD1B8F1010F48D194F84C00D6
:1048D00000F001000028F2D1606C09F085FBE18A4C
:1048E0008842ECD900200090754800686A46122181
:1048F000C3697348006898479DF8000068B138465E
:1049000007F08EFA18BB384605F0F9FB80F0010677
:104910003146384605F071FC19E06948006800220C
:104920000B21C36966480068984704F11C0000F039
:1049300093FD00B114E7002204216148006805F0EE
:104940003DFA04F11C0000F087FD00B108E794F87F
:104950004C0020F00100401C84F84C00AAE0A87B29
:104960000028ACD1B8F1010FA9D1009054480068DB
:104970006A461221C3695248006898479DF80000B2
:10498000B0BB4F48006800220A21C3694C48006848
:10499000984704F11C0000F05FFD00B1E0E694F8D8
:1049A0004C0000F0010028B90022032144480068AF
:1049B00005F004FA04F11C0000F04EFD00B1CFE652
:1049C000002206213E48006805F0F8F904F11C00B9
:1049D00000F042FD00B1C3E600220721384800681C
:1049E00005F0ECF904F11C0000F036FDA8B3B7E6C1
:1049F000FFE797F85800C0F3400078B394F84C00F4
:104A000000F0010018B1384607F00AFA28B32C4824
:104A1000006800220A21C36929480068984704F108
:104A20001C0000F019FD00B19AE600220321244881
:104A3000006805F0C3F904F11C0000F00DFD00B1A1
:104A40008EE6002206211E48006805F0B7F904F141
:104A50001C0000F001FD10B182E622E010E000220F
:104A600007211748006805F0A9F904F11C0000F0BF
:104A7000F3FC00B174E60A21384605F09FFB10E014
:104A80009DF8000068B197F85800C0F3400040B9A5
:104A900094F84C0000F0010018B90121384605F0E7
:104AA000ACFB0021616494F84C0020F0010184F813
:104AB0004C1000BF00200249086000BF50E6000013
:104AC000740000202DE9F04104460D46A87B012822
:104AD00006D194F84C00C0F3C00008B1BDE8F081E5
:104AE00094F84C00C0F3C00080B194F84C0020F062
:104AF000080184F84C100021616494F84C0020F007
:104B0000010184F84C10002120200155676D07B980
:104B1000E4E7384605F0FCFAA84908600846006852
:104B200000B9DBE7D4F82480696861622020065D63
:104B3000A97B0155A87B012861D1002E5FD109F026
:104B400061FA606468680A281ED10A21384605F0B7
:104B500035FB9A48006800220721C369974800681E
:104B6000984704F11C0000F077FC00B1B6E7002282
:104B700011469248006805F021F904F11C0000F08C
:104B80006BFC00283AD0A9E768681B2810D11B21CC
:104B9000384605F013FB002212218848006805F012
:104BA0000DF904F11C0000F057FC0028EAD095E74D
:104BB000686809280DD10021384605F01EFB3846EB
:104BC00005F01EFA04F11C0000F046FC0028D9D0C4
:104BD00084E768680B280DD10021384605F00DFBED
:104BE000384605F077FA04F11C0000F035FC002887
:104BF000C8D073E73846696805F0E0FAD9E0A87BC9
:104C0000012872D1012EFCD194F84C0000F0010073
:104C100068BB606C09F0E8F9E18A884227D994F80A
:104C20004C0020F00100401C84F84C0068680A2801
:104C3000E4D109F0E7F9A0646048006800220B2184
:104C4000C3695E480068984704F11C0000F004FC4A
:104C500000B143E7002204215848006805F0AEF88F
:104C600004F11C0000F0F8FB0028C7D036E794F8E8
:104C70004C0000F001000028C0D0A06C09F0B4F98D
:104C8000218B8842BAD909F0BDF9A06468680A2866
:104C90001AD14A48006800220C21C36947480068BD
:104CA000984704F11C0000F0D7FB00B116E7002282
:104CB00005214248006805F081F804F11C0000F06D
:104CC000CBFB002875D009E7686809280ED10021C0
:104CD000384605F092FA384605F092F904F11C00C6
:104CE00000F0BAFB002864D0F8E619E068680B28E9
:104CF0000CD10021384605F080FA384605F0EAF973
:104D000004F11C0000F0A8FB90B3E7E638466968A0
:104D100005F054FA04F11C0000F09EFB40B3DDE600
:104D2000A87B28BB012E44D1C5F8048068680A28F6
:104D300037D12248006800220A21C3691F48006851
:104D4000984704F11C0000F087FB00B1C6E694F818
:104D50004C0000F0010060B90022032117480068F0
:104D600005F02CF804F11C0000F076FB08B1B5E664
:104D70001FE0002206211148006805F01FF804F129
:104D80001C0000F069FB00B1A8E6002207210B48D7
:104D9000006805F013F804F11C0000F05DFB00B1A1
:104DA0009CE60021616494F84C0020F0010184F835
:104DB0004C1000200149086000BF8FE674000020FD
:104DC00070B504460D46206D90B1B4F92400B5F9D4
:104DD0000010884205D1B4F92600B5F902108842C6
:104DE00006D0B5F90220B5F90010206D08F089F859
:104DF0002988218469886184207F012804D104F1F5
:104E00001C0000F00BF803E004F11C0000F0C4F9F2
:104E1000218CA184618CE18470BD00002DE9F041FA
:104E20000446DB49A069086094F83000C0F3C00074
:104E300008B1BDE8F081D7480068C6680027D448AB
:104E4000006828BB304601F04BFB0546294620464A
:104E500000F012FBCE4908600846006848B93046A9
:104E600001F049FB05462946204600F005FBC849EC
:104E70000860C748006848B9304601F047FB05465E
:104E80002946204600F0F8FAC149086001272FE0C2
:104E900094F82400C0F3400050BB1021BC480068C7
:104EA00007F0ACFF20BB304601F01AFB054629464F
:104EB000204600F0E1FAB64908600846006848B9A3
:104EC000304601F018FB05462946204600F0D4FA8A
:104ED000AF490860AE48006848B9304601F016FB9B
:104EE00005462946204600F0C7FAA949086001276F
:104EF0003FB1E06928B10021A182E1822046FFF79D
:104F00004BFBA349A069096888426ED0A188218122
:104F1000E1886181A069B0B1A5699E48EB6909216A
:104F2000026828469847204600F096FA00B180E7CC
:104F300000220221284604F041FF204600F08CFAAE
:104F400000B176E700BF92480168A1610168E161A4
:104F50000068002849D009F055F8A06294F83000A4
:104F600020F0010084F8300094F8240020F00101C2
:104F700084F8241094F8240020F0020184F824100E
:104F8000002121826182A181E181814805688846F2
:104F900009E095F83000C0F3401000B1A84628465B
:104FA00007F04CFE0546002DF3D1B8F1000F02D0FA
:104FB000404607F02CFF76480068C3697548072112
:104FC0000268734800689847204600F045FA00B12F
:104FD0002FE7002211466E48006804F0EFFE2046DD
:104FE00000F03AFA00B124E700BFA1882089081A2E
:104FF00001B2A181E1886089081A01B2E181B4F9A6
:10500000140000EB8000C010A082B4F9160000EB81
:105010008000C110E182B4F91400002804DAA08AEB
:10502000401C01B2A18207E0B4F91400002803DD9E
:10503000A08A401E01B2A182B4F91600002804DA49
:10504000E08A401C01B2E18207E0B4F916000028B2
:1050500003DDE08A401E01B2E182A18AB4F90C00AE
:10506000800001EBE00001B2A182E18AB4F90E00F8
:10507000800001EBE00001B2E182454800680028B1
:1050800075D043480068C369424808210268404817
:1050900000689847204600F0DFF900B1C9E6002219
:1050A00001213B48006804F089FE204600F0D4F955
:1050B00000B1BEE62046FFF763F9204600F0CCF9C8
:1050C00000B1B6E694F82400C0F3400078BB94F831
:1050D000300000F0010050BBA06A08F085FF2D49A8
:1050E0000968C98A884222D929480068C3692948C1
:1050F0000B210268264800689847204600F0ACF96A
:1051000000B196E6002204212148006804F056FE12
:10511000204600F0A1F900B18BE694F8300020F0B1
:105120000100401C84F8300008F06CFFE06294F845
:105130002400C0F34000D0B994F8300000F0010022
:10514000A8B1E06A08F050FF12490968098B88424B
:105150001CD90F480068C3690E480C2102680C482E
:1051600000689847204600F077F908B161E60DE045
:10517000002205210648006804F020FE204600F0C9
:105180006BF900B155E608F03DFFE06200BF50E664
:1051900074000020700000202DE9F041044694F8CE
:1051A0003000C0F3C00058B10021A161E1610020CE
:1051B000A062E06294F8300020F0080084F830002B
:1051C0008C49A069086008460068002874D0102146
:1051D0008848006807F012FE00283AD08548006829
:1051E000C36985480A2102688248006898472046BA
:1051F00000F032F908B1BDE8F08194F82400C0F362
:105200004000D0B994F8300000F0010050B90022FD
:1052100003217848006804F0D1FD204600F01CF915
:1052200000B1E8E7002206217248006804F0C6FDDC
:10523000204600F011F900B1DDE7002207216D489A
:10524000006804F0BBFD204600F006F900283FD0BE
:10525000D1E768480068C36967480A210268654861
:1052600000689847204600F0F7F800B1C3E794F8CB
:10527000300000F0010078B994F82400C0F3400039
:1052800050B9002203215B48006804F097FD2046D6
:1052900000F0E2F800B1AEE794F82400C0F340005B
:1052A00058B9002206215348006804F087FD2046C3
:1052B00000F0D2F808B19EE78AE0002207214D48AD
:1052C000006804F07BFD204600F0C6F800B192E7CC
:1052D000204600F0C1F800B18DE74FF000084548C6
:1052E000006807F086FC054620214248006807F068
:1052F00085FD10BB3F48076810E0384607F09EFC6C
:10530000074607B90CE02021384607F077FD08B1C1
:10531000002705E0384607F06CFC0546002DECD070
:1053200000BF4DB147B1284604F0E0FE20B14FF078
:105330000108384604F070FE00BF2E49206A096853
:10534000884219D0B8F1000F16D100220D21206A31
:1053500004F034FD204600F07FF800B14BE7002256
:105360000C21A06904F02AFD204600F075F800B178
:1053700041E7204801682162204600F06DF800B145
:1053800039E71C48066803E0304607F057FC06463C
:10539000304607F01FFC08B1002EF5D196B130461B
:1053A00007F01EFC70B194F82400C0F3400048B12F
:1053B00000220A21304604F001FD204600F04CF89E
:1053C00000B118E70021A1610020A062E06200BFE7
:1053D000E06960B194F83000C0F3400038B920466D
:1053E000FFF7DAF8204600F037F800B103E700BF16
:1053F00001E70000740000207000002090F84C10BD
:10540000C1F3400129B3002242638263C26390F872
:10541000401021F0010280F8402090F8401021F067
:10542000020280F8402090F84C1021F0010280F830
:105430004C200022426482648285C28502864286B4
:1054400090F84C1021F0020280F84C200021014A13
:105450001160704774000020014691F83000C0F3DD
:10546000400010B10020034A106091F83000C0F3F2
:1054700040007047740000202DE9F04107460C46BB
:105480000025391D04F1100000F00CFA00282BD083
:10549000201D06F01FFC80460BE041463846FFF712
:1054A000EBFF054605B107E04146201D06F017FC5D
:1054B0008046B8F1000FF0D100BFA5B9204607F033
:1054C0003DFB80B1264608E0304607F09DFB00B169
:1054D00005E0304607F0B2FB0646002EF4D100BFCF
:1054E00006B9254600BF00BF2846BDE8F0812DE97A
:1054F000F04781460E4617469846484607F076FB29
:105500000446A06808B1207B10B90020BDE8F087F0
:10551000002515E0A06830F82500B0420FD1A06842
:1055200000EB850090F90200B84208D1A06800EBBA
:10553000850090F90300404501D10120E6E76D1C8C
:10554000207BA842E6D80020E0E7014601F00300F6
:1055500070B96420B1FBF0F200FB121030B94FF4C7
:10556000C870B1FBF0F200FB121008B901207047BF
:105570000020FCE730B5024614460B4620881D8803
:10558000A84203D020881D88401B30BD60885D88FC
:10559000401BFAE730B5024614460B4620781D78CA
:1055A000A84203D020781D78401B30BD60785D781C
:1055B000401BFAE710B52421064806F0AAFB08F0C4
:1055C00021FD05490860002303221E21034808F03D
:1055D0004DFB10BDB8050020EC000020CD330008C5
:1055E00070B50546686818B1D5E9000100F024F8E7
:1055F0000F4806F099FB04460CB900BFFEE704B95A
:1056000070BD95F8200020F0040085F820002422C9
:1056100029462046FAF7A8FD606820B1238A19B20E
:10562000D4E90002904701200249087000BFE7E773
:10563000B8050020F00000202DE9F04107460D4696
:105640004FF00008104806F045FB044617E02146DD
:105650000D4806F044FB06462068B8420ED160684B
:10566000A84200D055B92146074806F01AFC20464A
:1056700006F082FC01200549087080463446002C63
:10568000E5D14046BDE8F081B8050020F0000020DB
:1056900010B50146088BB1F91A40A04202D14FF46F
:1056A000806205E0B1F91A0080020C8B90FBF4F2E5
:1056B000D1E90440001B00FB02F39B12086903447C
:1056C00018B210BD30B504460B46981A002801DD0B
:1056D000981A00E0D01A05464FF47A70684390FBA0
:1056E000F4F1B1F5803F01D34FF6FF7101B9491CC8
:1056F00088B230BD0A6802604A68426070470A6832
:1057000002604A68426070470A6802604A68426004
:1057100070470A6802604A68426070470146C8885C
:105720004A88801A401C00B270470146C8884A88DF
:10573000801A401C00B270470146C8884A88801A07
:10574000401C00B2704710B50146B1F90420B1F910
:105750000030D21A521CB1F90630B1F902401B1BBD
:105760005B1C02FB03F010BD014688880A88801A82
:10577000401C00B27047014688880A88801A401C85
:1057800000B27047014688880A88801A401C00B21F
:105790007047014688880A88801A401C00B270470A
:1057A000014688880A88801A401C00B2704730B5CC
:1057B0000346B1F90040B2F90050AC4202DDB1F944
:1057C000004001E0B2F900401C80B1F90240B2F99A
:1057D0000250AC4202DDB1F9024001E0B2F90240F0
:1057E0005C80B1F90440B2F90450AC4202DAB1F97C
:1057F000044001E0B2F904409C80B1F90640B2F9DE
:105800000650AC4202DAB1F9064001E0B2F90640B6
:10581000DC800120B3F90040B3F90450AC4205DC50
:10582000B3F90240B3F90650AC4200DD002030BDB0
:1058300010B502460020B2F90030B1F90040A34291
:1058400012DBB2F90230B1F90240A3420CDBB2F92B
:105850000430B1F90440A34206DCB2F90630B1F9D4
:105860000640A34200DC012010BD0246B2F9000050
:10587000B1F90430984213DCB2F90400B1F90030F8
:1058800098420DDBB2F90200B1F90630984207DC0C
:10589000B2F90600B1F90230984201DB01207047ED
:1058A0000020FCE710B502460020B1F90030B2F943
:1058B0000040A34212DBB1F90030B2F90440A34228
:1058C0000CDCB1F90230B2F90240A34206DBB1F9B7
:1058D0000230B2F90640A34200DC012010BD10B531
:1058E000B1F90030B2F90040A34202DAB1F9003058
:1058F00001E0B2F900300380B1F90230B2F90240A0
:10590000A34202DAB1F9023001E0B2F90230438079
:10591000B1F90430B2F90440A34202DDB1F9043018
:1059200001E0B2F904308380B1F90630B2F90640E3
:10593000A34202DDB1F9063001E0B2F90630C380BE
:1059400010BD10B5029C018042808380C48010BDD0
:105950002DE9F04180460E463146404606F000FFF4
:1059600007460FB900BFFEE717B90020BDE8F08178
:105970003821384606F0E9FE04460CB900BFFEE7C0
:105980000CB90020F2E76848006820B9384607F0F3
:1059900065F9654908606548006820B9384607F030
:1059A000DCF86249086040F2E27020800120A070BB
:1059B000E07040F2E270A0800121A171E17100204D
:1059C000E081002121746174A06020736061A06196
:1059D0005748E061574820625548A0625648E06247
:1059E00053482063534860635448606254493846C2
:1059F00007F0D8FA5349384607F072FA002E67D1FB
:105A000078221146384607F0CFFA4C49384607F05D
:105A10001AFB08F0DDFA054685B300213846D5F8B3
:105A20008C2000F033F9902042590121384600F0D3
:105A30002DF9942042590221384600F027F9982088
:105A400042590321384600F021F9A4204259062189
:105A5000384600F01BF9A82042590721384600F0CB
:105A600015F99C2042590421384600F00FF9A02076
:105A700042590521384600F009F928E0FFE72F4A8E
:105A80000021384600F002F901213846E26900F0B1
:105A9000FDF802213846226A00F0F8F80321384662
:105AA000626A00F0F3F806213846226B00F0EEF847
:105AB00007213846626B00F0E9F804213846A26AF3
:105AC00000F0E4F805213846E26A00F0DFF829E04A
:105AD000304607F08BF8054628882080A878A0700B
:105AE000E878E070A888A080A979A171E979E171CE
:105AF000A868A060287B207368696061A869A061BC
:105B0000E869E061286A2062A86AA062E86AE06247
:105B1000286B2063686B6063686A6062384607F0D0
:105B2000C1F900BF384621E73C01002040010020B8
:105B30009C0300201404002040050020D80300200E
:105B4000055D0008495B00082DE9F04105460E4659
:105B50001446022C07D1224631462846124B1B68B8
:105B60009847BDE8F081E4B9284607F053F80746A6
:105B70000021284600F027F880463B464246314641
:105B800005F1100001F01FFB31462846FEF71AF818
:105B900031462846FDF7FAFD31462846FDF75AFE04
:105BA00000E000BF0120DCE74001002070B50546A1
:105BB000284607F01BF80446E08910B104F10E00F6
:105BC00070BD0020FCE72DE9F04106460D46002798
:105BD000304607F00BF80446082D18D2DFE805F030
:105BE00004090B0D0F111315304607F03BF807465B
:105BF0000FE0E7690DE0276A0BE0676A09E0A76A32
:105C000007E0E76A05E0276B03E0676B01E0002728
:105C100000BF00BF3846BDE8F08170B505460C46B0
:105C2000284606F0E3FF06467461284607F072F83E
:105C300070BD2DE9F04107460C461546384606F082
:105C4000D5FF0646B4603573384607F063F8BDE803
:105C5000F08170B505460C46284606F0C7FF06469B
:105C6000B461284607F056F870BD70B506460C467C
:105C7000304606F0BBFF05462088A880A178A971B0
:105C8000E178E971304607F045F870BD2DE9F04143
:105C900007460E461446384606F0A8FF0546082E6D
:105CA00018D2DFE806F0040B0D090F111513214679
:105CB000384607F0C8F90DE06C620BE0EC6109E0D2
:105CC0002C6207E0AC6205E0EC6203E06C6301E08B
:105CD0002C6300BF00BF384607F01CF8BDE8F08118
:105CE00070B506460C46304606F080FF0546208813
:105CF0002880A078A870E078E870304607F00AF8AD
:105D000070BD00002DE9FE4381460D4617463A4618
:105D100029464846804B1B6898478046B8F1010FDA
:105D200002D04046BDE8FE83002D61D0082D60D131
:105D3000484606F05BFF044609F1100101A8FFF791
:105D4000E8FC4846FEF710FABDF80610084400B219
:105D5000ADF80A0004F0A8FE06466946304604F095
:105D6000B7FE694601A8FFF79DFD48B300BFBDF827
:105D70000810BDF80420891A491C09B201EBD17141
:105D8000BDF9042002EB6101BDF90020914209DD5B
:105D900094F90D00401C10B1484606F0BBFFFF20EF
:105DA000607307E0607B012802D0484606F0B2FF2E
:105DB000012060730020E08100212174617417E0EC
:105DC00069464846FDF794FB38B1607B10B1484600
:105DD00006F0A0FF002060730AE0607B10B1484627
:105DE00006F098FF00206073E08100212174617447
:105DF0008FE0092D09D1484606F0F8FE0446002040
:105E00006073484606F086FF83E00A2D3CD1484681
:105E100006F0ECFE044694F90D0000280EDA94F921
:105E20000600012805DC0C21A171A088401EA0807D
:105E300024E0A079401E41B2A1711FE094F90D0049
:105E400000280EDD94F906000C2805DB0121A17164
:105E5000A088401CA08011E0A079401C41B2A17133
:105E60000CE0E08950B100220E21484603F0A6FF65
:105E70008046B8F1010F01D0404653E7002060731F
:105E8000484606F047FF44E0112D30D13E784846A1
:105E900006F0ACFE0446132E01D0112E11D194F958
:105EA00006000C2805DB0121A171A088401CA08000
:105EB00003E0A079401C41B2A171484606F02AFFD8
:105EC00014E0142E01D0122E10D194F906000128EE
:105ED00005DC0C21A171A088401EA08003E0A07900
:105EE000401E41B2A171484606F014FF11E0062D94
:105EF0000FD13946002005E051F8202002B903E017
:105F0000421CD0B20728F7DB00BF04A241F82020D2
:105F100000BF404606E700003C0100206C765F634E
:105F2000616C656E6461720070B592B000BF00F084
:105F3000B7FA064600F0EAFA04468A498A4807F0AA
:105F4000D3FB8A48006811908748BDF8441041800F
:105F50008648001D006810908348BDF8401081807D
:105F60008248083000680F907F48BDF83C1041819E
:105F7000022181817D480C3000680E907A48BDF87E
:105F800038100182062141820021418300200D90BA
:105F90007548BDF8341001847249754807F0A4FBB8
:105FA0007248103000680C907148BDF83010418084
:105FB0006E48143000680B906D48BDF82C1081803D
:105FC0000F21418381830821C1826649694807F016
:105FD0008BFB6648183000680A906648BDF82810A8
:105FE00001846049644807F07FFB60481C3000680A
:105FF00009906148BDF8241001845A495F4807F0B0
:1060000073FB5A482030006808905C48BDF82010A7
:10601000018454495A4807F067FB5448243000680B
:1060200007905748BDF81C1001844E49554807F0A9
:106030005BFB4E482830006806905248BDF81810A7
:1060400041804A482C30006805904E48BDF8141035
:10605000818047F61841C180444830300068049080
:106060004848BDF8101001844749484807F03CFBF8
:106070003E483430006803904448BDF80C10018459
:1060800000212046FFF764FC0546DC221146284625
:1060900006F08AFF0020034602460146009028468B
:1060A00005F0FEFF3A49284606F01CFF2F4838301D
:1060B0000068029002A92846FFF712FE02A92846AE
:1060C000FFF7D3FD33492846FFF7A7FD324928469D
:1060D000FFF7BFFD022231492846FFF7AAFD224AF9
:1060E00000212846FFF7D2FD214A01212846FFF76B
:1060F000CDFD204A02212846FFF7C8FD1E4A032194
:106100002846FFF7C3FD1D4A04212846FFF7BEFDC0
:106110001B4A05212846FFF7B9FD1A4A07212846E0
:10612000FFF7B4FD194A06212846FFF7AFFD00210D
:10613000204604F03FFE1A4908601AA1184800687A
:1061400005F09FFC0F2000230D22294600901448E3
:10615000006805F0A5FF01211148006806F0B0FEB7
:1061600012B070BD9C030020009F0020F861010860
:106170003C9F0020789F0020B49F0020F09F0020CB
:106180002CA0002068A00020AC020020A4A00020C9
:10619000B93D0008A4610108C0610108F06101086F
:1061A0009C010020796561722F6D6F6E74682F6499
:1061B000617900000146B1F90200B1F90020904276
:1061C00001DC012070470020FCE7028000234380AF
:1061D000C2F101031BB20B8070474288521C12B2FD
:1061E0004280B1F90020002A07DC0B884288520067
:1061F000521C1A4412B20A800CE00288521E12B2DB
:10620000028042880388D21A5200521C0B881A441A
:1062100012B20A80704718B50346D408BDF80000D2
:1062200064F3040000908C08BDF8000064F34A1089
:106230000090DC08BDF8000064F3CF200090BDF8AA
:106240000040204618BD07B581B0BDF80800C00A5F
:10625000C2F1FF014843BDF80410C90A01FB020066
:10626000010ABDF8000061F3CF200090BDF80800DE
:10627000C0F34510C2F1FF014843BDF80410C1F35B
:10628000451101FB0200010ABDF8000061F34A104C
:106290000090BDF8080000F01F00C2F1FF01484364
:1062A000BDF8041001F01F0101FB0200010ABDF856
:1062B000000061F304000090BDF80010084604B02F
:1062C00000BD07B581B0BDF80800C00AC2F1FF01EA
:1062D0004843BDF80410C90A01FB0200010ABDF8D9
:1062E000000061F3CF200090BDF80800C0F3451016
:1062F000C2F1FF014843BDF80410C1F3451101FB91
:106300000200010ABDF8000061F34A100090BDF8D8
:10631000080000F01F00C2F1FF014843BDF804105F
:1063200001F01F0101FB0200010ABDF8000061F34A
:1063300004000090BDF80010084604B000BD2DE92F
:10634000F04104460F4615461E461C212046F9F72B
:1063500024FF276065602068A060E660BDE8F081EA
:1063600038B5044620212046F9F717FF0020E060E9
:106370004FF4487020804FF4A0606080002060607F
:10638000A06820F00200A060064800680090BDF8F8
:106390000000A083A06820F00100401CA060002045
:1063A000606138BDA061010870B505462C4805F054
:1063B000BBFC044624B90CB900BFFEE7002070BD49
:1063C000202229462046F9F7CFFE202104F59E70B1
:1063D000F9F7E3FE4FF4807104F13C00F9F7DDFEBC
:1063E000442104F1240005F094FC1E48006808B91B
:1063F0001C4804601B48066804600020C4F85C0167
:106400000021084606F0ACF920630021084606F09A
:10641000A7F960630021084606F0A2F9A0631249BB
:10642000606B06F010FE1049A06B06F00CFE206BAE
:1064300006F070FC0B480660234603221E210B4821
:1064400007F014FC2062206A08B900BFFEE7206A4A
:1064500008B90020B3E7206A07F07AFD2046AEE7CE
:1064600088050020E0000020AC020020AD65000897
:106470004168896921F0010142689161704700B566
:10648000014611B900F00CF8014609B9002000BD21
:10649000087A00F00100FAE70146486870470000FA
:1064A0000148006870470000E000002000B5014688
:1064B00011B9FFF7F5FF014611B94FF4487000BD5F
:1064C000087AC0F3400010B9B1F90000F7E7B1F95C
:1064D0000200F4E70146B1F85C01C0F3090070471F
:1064E00010B5044614B9FFF7DBFF04460CB90020D1
:1064F00010BDA06BFCE710B5044614B9FFF7D0FF40
:1065000004460CB9002010BD606BFCE710B50446D2
:1065100014B9FFF7C5FF04460CB9002010BD206B6D
:10652000FCE700B5014611B9FFF7BAFF014611B902
:106530004FF4A06000BD087AC0F3400010B9B1F973
:106540000200F7E7B1F90000F4E701464868006887
:1065500020B14868406808B1012070470020FCE77E
:1065600000B50246B2F90000B2F9021000FB01F3D7
:106570001046FFF7EAFF28B15068C068984201D181
:10658000012000BD0020FCE7B0F85C21C2F3090245
:106590008A4203DA0022C0F85C2106E0B0F85C21F0
:1065A000C2F30902521AC0F85C2170472DE9FC5F62
:1065B000804607F027FD01905249D8F80C0008608A
:1065C00006F03CFF06F0C2FE4E480068B0F85C01E1
:1065D000C0F3090000287DD04A480068FFF7C0FFDB
:1065E000002865D047480068FFF756FF054607F0CA
:1065F00049F800BFA86900F001000028FAD1D5F8D9
:1066000008902968A868884201D1686800E0286875
:1066100000903C480068FFF749FF064600243EE032
:106620003848006800F59E70005DB0BB35480068D2
:106630003C3030F93410334800683C3000EBC40083
:10664000B0F9020006FB001047002E4909683C31F2
:1066500001EBC400FFF788F84FEA400B29480068B7
:106660003C3000EBC400B0F902A00CE0009AD11954
:1066700009EB07005A46F9F777FD07EB46070AF1E1
:1066800001000FFA80FA1F4800683C3000EBC4009C
:10669000B0F906005045E9DA00BF601C84B2194821
:1066A0000068B0F85C01C0F30900A042B8DC00BF8C
:1066B0004FF48071134800683C30F9F76EFD2021DB
:1066C0001048006800F59E70F9F767FD00200D493D
:1066D000096800E012E0C1F85C010A4800688069BE
:1066E00060B1019807F080FC0446064800688369A1
:1066F00005482146026803480068984700F090F872
:10670000BDE8FC9F880000208400002010B50346EF
:106710000BB9002010BD082B07DA581E074C54F89F
:106720002000405C5043000AF4E7012000EB4100E8
:1067300050435C0090FBF4F0C0B2EBE79000002007
:106740002DE9F04104460D46164606F031FE80461E
:10675000FFF795FE0746B4EB650F04DBC5F34F0466
:106760000CB1601E84B2B4EB660F04DBC6F34F04B9
:106770000CB1601E84B2002C01DDE01B84B2204607
:10678000BDE8F0812DE9FF4F85B0804689461D4662
:10679000102D02DA09B0BDE8F08FFB2D00DDFF25DA
:1067A0004A46414603A8FFF702F8074607B9F1E752
:1067B00006F0FEFD83465846FFF76EFE0446BDF820
:1067C0000C00218A401A00B2ADF80400BDF80E108A
:1067D000608A081A00B2ADF80600BDF81000218AE0
:1067E000401A00B2ADF80800BDF81210608A081A0D
:1067F00000B2ADF80A00D4F808A004F11000FEF7CA
:10680000BAFF0646BDF9060070430AEB400A009540
:10681000A06801AA3146079B08F05BF800BFB9E702
:1068200010B50648006840B10448006805F0A4FBB4
:106830000020024908600249086010BDFC000020E9
:106840008C00002010B5044613480068844202D82A
:106850001248006810BD104804601048006860B914
:10686000204605F063FB0D4908600846006808B93A
:1068700000BFFEE709480068ECE7214607480068CA
:1068800005F0D8FB054908600846006808B900BF54
:10689000FEE702480068DDE78C000020FC000020D5
:1068A0002DE9FF4FA7B082461446DDF8E480DDE90C
:1068B0003476606A269006F0020020B95046FEF752
:1068C00061FF259010E047F61841B4F92A008DE8E1
:1068D0004300B4F92830394609A8626A07F040FC41
:1068E000BDF92400259000BF00BF2698007A618D75
:1068F000084400B2249000202390BAF80000ADF8BC
:106900008800BAF80200ADF88A000020219020909B
:10691000369870B13698B0F9000021903698B0F9E9
:1069200002002090BDF88A102098084400B2ADF80B
:106930008A000025681E1F90B8F1000F24D020980F
:1069400010BBBAF9020000281EDABAF90210D8F812
:106950000800401A002805DDBAF90210D8F808002E
:10696000401A04E0BAF90200D8F80810401A249935
:106970004900C1F58061884203DD4FF0FF30C8F85F
:106980000000D8F800001F90B8F1000F0BD01F983E
:10699000002808DB1F9DBDF88A00B8F804100844E1
:1069A00000B2ADF88A000096B4F928207819DDE924
:1069B000253107F045FB00EB05092EE04D4600961A
:1069C000B4F928207819DDE9253107F039FB814435
:1069D000BDF88A102498084400B2ADF88A00B8F1D6
:1069E000000F15D0BDF98A0010F5806F10DBD8F8C4
:1069F000000000280CDAC8F80050BDF98A00BAF986
:106A00000210401AC8F80400BAF90200C8F80800D9
:106A1000785D10B92BB0BDE8F08FBDF98A102498CD
:106A200001442898B0F902008142C7DB06F0040057
:106A3000D0B10096B4F92830A9EB050291B27819CB
:106A4000269A07F0F3FB23905046FEF79BFE23990E
:106A5000A0EB010B0BEBDB70BDF8881001EB6000C5
:106A600000B2ADF8880018E006F00800A8B1009662
:106A7000B4F92830A9EB050291B27819269A07F0EB
:106A8000D5FB23905046FEF77DFE2399401ABDF8B2
:106A90008810084400B2ADF888002A98FF2802D177
:106AA0002C20005D04E02C20005D2A994843001250
:106AB0001E9000201D901B90AF490AA806F014FEFE
:106AC000608CADF82A000AA8BDF82A10ADF82C1089
:106AD0004BE1369830B1BDF888102198084400B2D7
:106AE000ADF8880000201D901C95E5E01CA93846F3
:106AF000A24A1268904709901C99781800219F4A71
:106B000012689047089006F00100002877D09CA0FA
:106B100001780998814213D11D9828B91C9880B238
:106B20001B9001201D90C7E01D98012802D1002074
:106B30001D9005E01D98022802D100201D90BBE0A9
:106B40001D9801285BD10998202857D1DDE91B0148
:106B5000081A07284ED11B9838440168059180888F
:106B6000ADF8180000208DF81A009DF81500FDF70B
:106B7000B3FB83469DF81400FDF7AEFB0BEB001052
:106B800004909DF81700FDF7A7FB83469DF81600BB
:106B9000FDF7A2FB0BEB001003909DF81900FDF729
:106BA0009BFB83469DF81800FDF796FB0BEB00104E
:106BB0000290049BD8B2039BD9B2029BDAB24FEA8F
:106BC000D20CBDF804306CF3040301934FEA910C2E
:106BD000BDF804306CF34A1301934FEAD00CBDF8B2
:106BE00004306CF3CF230193BDF804C063461A93BD
:106BF00002E004E0208C1A9002201D905CE0206AE4
:106C000007901D98022801D11A980790DDE9082104
:106C1000269803F0A6F900B219904FF6FF71379845
:106C2000884230D0389888422DD03846554A1C9931
:106C30001268904783463798834523DD389883450B
:106C400020DCBDF88800ADF81400BDF88A00ADF86E
:106C50001600BDF8881019980144208D0844401E84
:106C600000B2ADF81800BDF88A1024980844401E00
:106C700000B2ADF81A000AAA05A81E9B289900F0D8
:106C8000A2FA00BF00BF1E980190BDF81C00ADF82D
:106C9000000022A8099B269A289900F075F81998F7
:106CA000002808DDBDF88810228D1998104408448A
:106CB00000B2ADF8880000BF1C984845FFF416AF3D
:106CC0004D460096B4F928207819DDE9253107F002
:106CD000B7F98144BAF80000ADF8880006F0040066
:106CE000D0B10096B4F92830A9EB050291B2781919
:106CF000269A07F09BFA23905046FEF743FD23990E
:106D0000A0EB010B0BEBDB70BDF8881001EB600012
:106D100000B2ADF8880018E006F00800A8B10096AF
:106D2000B4F92830A9EB050291B27819269A07F038
:106D30007DFA23905046FEF725FD2399401ABDF8B1
:106D40008810084400B2ADF88800BDF88A10249875
:106D5000084400B2ADF88A00BDF98A102898B0F94D
:106D60000600814200DD55E600BF785D00287FF413
:106D7000B0AE00BF4EE600009C03002028010020BA
:106D800023000000340100202DE9FF4F9DB00C4688
:106D9000D1A000681C90D1A000681B90D0A30FCB9D
:106DA00017AD0FC52B98102802DA21B0BDE8F08F7F
:106DB0002B98FB2801DDFF202B901F9800B9F4E7EA
:106DC000002315A9DDE91F0203F07AF81490149846
:106DD00000B9EAE71D9800889DF95810084405B2EB
:106DE0001F98017A407A091A1D98408808449DF836
:106DF0005710401A9DF95910401A06B29DF85A00D2
:106E0000012806D0022809D004280CD0082814D163
:106E10000EE00DF1700B802013900FE00DF16C0B64
:106E2000C02013900AE00DF15C0BF020139005E0F8
:106E30004FF0000BFF20139000E0B6E700BFDDE944
:106E40001F0103F035F88246BAF1000F00D1ACE71C
:106E50009DF856002844B4F9001088420EDBB4F9BE
:106E60000400A8420ADB9DF857003044B4F9021030
:106E7000884203DBB4F90600B04200DA95E706F079
:106E800097FA11901198FFF707FB804608F1100060
:106E9000FEF771FC1090D8F808709DF85600C010ED
:106EA0000D909DF8560000F0070018B10D98401C99
:106EB000C0B20D909DF856009DF85A1048430C90B2
:106EC000B4F90000A84201DC002002E0B4F900009F
:106ED000401B00B20B909DF856002844B4F90410F2
:106EE000884202DC9DF8560003E0B4F90400401B20
:106EF000401C00B20A90B4F90200B04201DC00204C
:106F000002E0B4F90200801B00B209909DF857001E
:106F10003044B4F90610884202DC9DF8570003E0C3
:106F2000B4F90600801B401C00B20890B8F91200AA
:106F3000311A109801FB0050B8F91010401A07EBF5
:106F400040070B9A1099099800FB012007EB4007B6
:106F50000C99099848439DF85A200B9901FB0200AF
:106F6000079007980AEBD00A079800F0070900205D
:106F7000049009980E90A7E0139840FA09F0129037
:106F80000B980F9080E0C9F108009DF85A10421A42
:106F90009AF8000012990840104106900698D0B364
:106FA0002B98FF280AD19DF85A00082801D106988D
:106FB00002E006981BF8000005900FE09DF85A00CB
:106FC000082804D12B9906984843001205E006983A
:106FD0001BF800002B994843001205901198406956
:106FE000D0B105980290BDF8A800ADF804000E9845
:106FF0008119B8F81200081A00B200900F982844BE
:10700000B8F81020801A03B2D8F808101198D0F8F8
:1070100014C0109AE0471BE03888BDF8A8108842D9
:1070200016D00598FB2803DDBDF8A80038800FE0D6
:10703000059810280CDD049850B938880290014654
:10704000059A2A98FFF7FFF80390BDF80C003880E6
:10705000BF1C9DF85A00C0F1080048450ADD9DF8A4
:107060005A0048441FFA80F99DF85A1012980841B6
:10707000129005E04FF00009139812900AF1010AEE
:107080000F98401C00B20F900A990F988842FFF6A3
:107090007AAF9DF856100A98091A0B9808449DF883
:1070A0005A1000FB01901FFA80F90AEBE90A09F077
:1070B0000709DDE90A01411A1098401A07EB400759
:1070C0000E98401C00B20E9008990E988842FFF668
:1070D00053AF00BF69E6000000FF00000055AAFFA3
:1070E00000112233445566778899AABBCCDDEEFFA8
:1070F0002DE9FF4F83B004460D461746DDF840806A
:10710000B8F1100F02DA07B0BDE8F08FB8F1FB0F4D
:1071100001DD4FF0FF08B7F90000A0420BDCB7F922
:107120000400A04207DBB7F90200A84203DCB7F96C
:107130000600A84200DAE6E706F03AF9814648463A
:10714000FFF7AAF9064606F11000FEF714FB824687
:10715000308A201A04B2708A281A05B2D9F81400AD
:1071600078B1CDF80880BDF81800ADF8040000959E
:10717000B16823460FFA8AF24846D9F814C0E047AE
:107180001FE000200290D6F808B005FB0A400BEB88
:10719000400B0298A0B9B8F1FF0F04D1BDF8180058
:1071A000ABF800000CE0BBF800004246014600903E
:1071B0000698FFF748F80190BDF80400ABF800000E
:1071C00000BF00BF9FE72DE9F04105460E4614467B
:1071D0001F462846FEF7A9FA012804DB2846FEF7D9
:1071E000D8FA012801DABDE8F081608A28B13B466F
:1071F00022463146284602F085F931462846FEF7F8
:1072000034FB00B9EFE7207A10280DDD3B4622461B
:107210003146284602F0C4F8E08828B13B462246B1
:107220003146284601F0A8FAA08990B1A07B80B130
:10723000E07B10280DDB3B4622463146284601F014
:1072400062F8E08828B13B4622463146284600F0E5
:1072500002F800BFC7E70FB5A3B02598C08880B279
:10726000229006F0A5F80790FFF709F921902598DC
:10727000B0F90C002090259840891F902598807BBC
:107280001E902698FF2802D12598C07B04E02598FF
:10729000C07B2699484300121D902098401E00B2E2
:1072A0002090219818B12098401E00B22090239879
:1072B000FEF76FFA1C902398FEF737FA1B90DDE972
:1072C0001B212298FFF73CFA2290239801882298EC
:1072D00001442198084400B2ADF868002398418821
:1072E000229801442198084400B2ADF86A0023981E
:1072F0000188229801442198084400B2ADF8640046
:107300002398C1882298091A2198081A00B2ADF86A
:107310006600239881882298091A2198081A00B2D9
:10732000ADF86000239841882298014421980844D0
:1073300000B2ADF86200239881882298091A21983A
:10734000081A00B2ADF85C002398C1882298091A87
:107350002198081A00B2ADF85E00229802B215A971
:1073600016A8FEF732FF20992298401A00B2129018
:107370001298002801DA0020129013A914A8129A7A
:10738000FEF723FF00200D900C90229800B20B9086
:1073900000200A90099020992298401A00B2089083
:1073A000FCE3BDF95200BDF95010884209DABDF87E
:1073B0005800BDF85010401A00B20F900F980E9070
:1073C0000AE0BDF85800BDF85A10401A00B20F90FC
:1073D0000F98401E00B20E90219800287DD0BDF974
:1073E00058100B98814279D0BDF95A000C90DDE914
:1073F0000C01401A00B207900B98ADF818000D98D8
:10740000ADF81A000020059027E10798012806DD55
:107410001D9A05990798FCF741F8049008E01D9A19
:1074200005990798FFF772F91D99081AC0B20490E0
:107430001E9800F00100D8B31E9800F00800B8B301
:1074400004980090BDF85E00BDF81A10014405983C
:10745000084400B20290BDF85C00BDF81810084462
:10746000401C00B201902598408903460390249A5D
:10747000DDE90101FFF73CFE04980090BDF85E00D5
:10748000BDF818100844401C00B20290BDF85C0022
:10749000BDF81A1001440598084400B201902598DF
:1074A000408903460390249ADDE90101FFF720FE9D
:1074B0001E9800F00100E8B31E9800F00400C8B365
:1074C00004980090BDF86600BDF818100844401CF0
:1074D00000B20290BDF8640001E04CE1C8E0BDF8E4
:1074E0001A10494201440598081A00B201902598E3
:1074F000408903460390249ADDE90101FFF7F8FD76
:1075000004980090BDF86600BDF81A100144059873
:10751000084400B20290BDF86400BDF8181049425A
:107520000844401E00B2019025984089034603900C
:10753000249A00E003E0DDE90101FFF7D9FD1E9880
:1075400000F00200E0B31E9800F00400C0B30498FD
:107550000090BDF86A00BDF81A1049420144059830
:10756000081A00B20290BDF86800BDF81810494230
:107570000844401E00B201902598408903460390BC
:10758000249ADDE90101FFF7B3FD04980090BDF8EE
:107590006A00BDF8181049420844401E00B202902B
:1075A000BDF86800BDF81A10494201440598081A50
:1075B00000B201902598408903460390249A00E088
:1075C00003E0DDE90101FFF793FD1E9800F00200E2
:1075D000E0B31E9800F00800C0B304980090BDF816
:1075E0006200BDF8181049420844401E00B20290E3
:1075F000BDF86000BDF81A1001440598084400B2B7
:1076000001902598408903460390249ADDE9010101
:10761000FFF76EFD04980090BDF86200BDF81A10E7
:10762000494201440598081A00B20290BDF8600072
:10763000BDF818100844401C00B2019025984089FC
:1076400003460390249ADDE9010100E001E0FFF721
:107650004FFD0598401C00B2059007990598884297
:10766000FFF6D3AEBDF958000B900C980D9000BFFB
:10767000BDF95010089881427DD0BDF95A0009909B
:10768000DDE90901401A00B207900898ADF818002A
:107690000A98ADF81A00002005904BE107980128E0
:1076A00009DD1D9A05990798FBF7F8FE1D99081A40
:1076B000C0B2049005E01D9A05990798FFF726F8D7
:1076C00004901E9800F00100F8B11E9800F0080028
:1076D000D8B104980090BDF85E00BDF81A100144BE
:1076E0000598084400B20290BDF85C00BDF818107F
:1076F0000844401E00B2019025984089034603903B
:10770000249ADDE90101FFF7F3FC1E9800F0010067
:1077100000B31E9800F00400E0B104980090BDF89A
:107720006600BDF818100844401E00B20290BDF873
:107730006400BDF81A10494201440598081A00B2C5
:1077400001902598408903460390249ADDE90101C0
:10775000FFF7CEFC1E9800F0020018B31E9800F050
:107760000400F8B104980090BDF86A00BDF81A1042
:107770004942014400E0E8E00598081A00B202908E
:10778000BDF86800BDF8181049420844401C00B21A
:1077900001902598408903460390249ADDE9010170
:1077A000FFF7A6FC1E9800F0020000B31E9800F040
:1077B0000800E0B104980090BDF86200BDF8181010
:1077C00049420844401C00B20290BDF86000BDF878
:1077D0001A1001440598084400B201902598408988
:1077E00003460390249ADDE90101FFF781FCBDF90E
:1077F0001800401EBDF91A200599114488427ED018
:107800001E9800F00100F8B11E9800F00800D8B1F1
:1078100004980090BDF85E00BDF818100844401EA2
:1078200000B20290BDF85C00BDF81A100144059842
:10783000084400B201902598408903460390249A99
:10784000DDE90101FFF754FC1E9800F0010000B3D0
:107850001E9800F00400E0B104980090BDF86600A6
:10786000BDF81A1001440598084400B20290BDF812
:107870006400BDF8181049420844401C00B2019051
:107880002598408903460390249ADDE90101FFF71A
:107890002FFC1E9800F0020008B31E9800F00400B0
:1078A000E8B104980090BDF86A00BDF8181049428C
:1078B0000844401C00B20290BDF86800BDF81A10E0
:1078C000494201440598081A00B201902598408960
:1078D00003460390249ADDE90101FFF709FC1E9895
:1078E00000F0020058B11E9800F0080038B104986A
:1078F0000090BDF86200BDF81A10494200E015E0A2
:1079000001440598081A00B20290BDF86000BDF865
:1079100018100844401E00B2019025984089034683
:107920000390249ADDE90101FFF7E2FB0598401C72
:1079300000B20590079905988842FFF6AFAEBDF9F1
:107940005000089009980A9000BF1E9800F00100AE
:10795000E0B31E9800F00800C0B3BDF85C00BDF8AD
:10796000581001440E98081A00B2ADF84000BDF856
:107970005C00BDF85810084400B2ADF84400BDF8F2
:107980005E00BDF85A10084400B2ADF84200BDF8E0
:107990005E00BDF85A10084400B2ADF8460010A8C9
:1079A0001D9B1F9A2499FEF7EDFEBDF85C00BDF803
:1079B0005A10084400B2ADF84000BDF85C00BDF8B4
:1079C0005A10084400B2ADF8440000E017E0BDF8DA
:1079D0005E00BDF8581001440F98081A00B2ADF8C7
:1079E0004200BDF85E00BDF85810084400B2ADF882
:1079F000460010A81D9B1F9A2499FEF7C3FE1E98EF
:107A000000F00100E8B31E9800F00400C8B3BDF810
:107A10006400BDF85A104942084400B2ADF8400075
:107A2000BDF86400BDF85A104942084400B2ADF8F0
:107A30004400BDF86600BDF8581001440E98081ABD
:107A400000B2ADF84200BDF86600BDF85810084419
:107A500000B2ADF8460010A81D9B1F9A2499FEF7AE
:107A600091FEBDF86400BDF858104942084400B2C8
:107A7000ADF84000BDF86400BDF85810494201441B
:107A800000E01AE00F98084400B2ADF84400BDF8D9
:107A90006600BDF85A10084400B2ADF84200BDF8C7
:107AA0006600BDF85A10084400B2ADF8460010A8B0
:107AB0001D9B1F9A2499FEF765FE1E9800F0020098
:107AC000E8B31E9800F00400C8B3BDF96600BDF924
:107AD0005A100844BDF96A10BDF95A2052421144A7
:107AE00088422BDDBDF86800BDF8581049420844B3
:107AF00000B2ADF84000BDF86800BDF8581049422A
:107B000001440E98084400B2ADF84400BDF86A0084
:107B1000BDF85A104942084400B2ADF84200BDF821
:107B20006A00BDF85A104942084400B2ADF8460058
:107B300010A81D9B1F9A2499FEF724FE00E02BE05D
:107B4000BDF86800BDF85A104942084400B2ADF8CB
:107B50004000BDF86800BDF85A104942084400B220
:107B6000ADF84400BDF86A00BDF858104942084419
:107B700000B2ADF84200BDF86A00BDF858104942A5
:107B800001440F98084400B2ADF8460010A81D9BB0
:107B90001F9A2499FEF7F6FD1E9800E077E000F0AA
:107BA0000200E8B31E9800F00800C8B3BDF86000FA
:107BB000BDF85A10084400B2ADF84000BDF86000AE
:107BC000BDF85A10084400B2ADF84400BDF8620098
:107BD000BDF858104942084400B2ADF84200BDF863
:107BE0006200BDF85810494201440E98084400B2A2
:107BF000ADF8460010A81D9B1F9A2499FEF7C2FD00
:107C0000BDF95E00BDF95A100844BDF96210BDF916
:107C10005A205242114488422BDDBDF8600000E03A
:107C200027E0BDF8581001440F98081A00B2ADF8CB
:107C30004000BDF86000BDF85810084400B2ADF82F
:107C40004400BDF86200BDF85A104942084400B231
:107C5000ADF84200BDF86200BDF85A104942084430
:107C600000B2ADF8460010A81D9B1F9A2499FEF79C
:107C700089FD15A916A8FEF7B0FABDF95200BDF9A5
:107C80005010884203DA13A914A8FEF7A6FABDF92A
:107C90005A00BDF9581088427FF783AB219800281D
:107CA0007DD0BDF95A000C90DDE90C01401A00B2FC
:107CB00007900B98ADF818000D98ADF81A00002049
:107CC00005901CE11D9A05990798FEF71FFD1D9967
:107CD000081AC0B204901E9800F00100D8B31E9894
:107CE00000F00800B8B304980090BDF85E00BDF83D
:107CF0001A1001440598084400B20290BDF85C00D7
:107D0000BDF818100844401C00B201902598408925
:107D100003460390249ADDE90101FFF7E9F904988D
:107D20000090BDF85E00BDF818100844401C00B279
:107D30000290BDF85C00BDF81A1001440598084493
:107D400000B201902598408903460390249ADDE90A
:107D50000101FFF7CDF91E9800F00100E0B31E9875
:107D600000F00400C0B304980090BDF86600BDF8B0
:107D700018100844401C00B20290BDF86400BDF821
:107D80001A10494201440598081A00B2019025983A
:107D9000408903460390249ADDE9010100E0B0E246
:107DA000FFF7A6F904980090BDF86600BDF81A1018
:107DB00001440598084400B20290BDF86400BDF883
:107DC000181049420844401E00B20190259840898D
:107DD00003460390249A00E003E0DDE90101FFF788
:107DE00087F91E9800F00200E0B31E9800F004002E
:107DF000C0B304980090BDF86A00BDF81A1049425B
:107E000001440598081A00B20290BDF86800BDF858
:107E1000181049420844401E00B20190259840893C
:107E200003460390249ADDE90101FFF761F9049804
:107E30000090BDF86A00BDF8181049420844401E81
:107E400000B20290BDF86800BDF81A104942014422
:107E50000598081A00B201902598408903460390BE
:107E6000249A00E003E0DDE90101FFF741F91E98E3
:107E700000F00200E0B31E9800F00800C0B30498C0
:107E80000090BDF86200BDF8181049420844401E39
:107E900000B20290BDF86000BDF81A1001440598C8
:107EA000084400B201902598408903460390249A23
:107EB000DDE90101FFF71CF904980090BDF86200AC
:107EC000BDF81A10494201440598081A00B2029000
:107ED000BDF86000BDF818100844401C00B20190C5
:107EE0002598408903460390249ADDE9010100E0CA
:107EF00001E0FFF7FDF80598401C00B205900799D6
:107F000005988842FFF6DEAEBDF91800BDF91A10DB
:107F1000401A002805DDBDF91800BDF91A10401AF5
:107F200004E0BDF91A00BDF91810401A07998842FB
:107F30007DD10B98ADF818000B98ADF81A001D987C
:107F4000401004901E9800F00100E0B11E9800F06F
:107F50000800C0B104980090BDF85E00BDF818108C
:107F6000084400B20290BDF85C00BDF81A10084445
:107F700000B201902598408903460390249ADDE9D8
:107F80000101FFF7B5F81E9800F00100E8B11E9856
:107F900000F00400C8B104980090BDF86600BDF878
:107FA0001A10084400B20290BDF86400BDF8181021
:107FB0004942084400B20190259840890346039045
:107FC000249ADDE90101FFF793F81E9800F0020002
:107FD000F0B11E9800F00400D0B104980090BDF8F4
:107FE0006A00BDF818104942084400B20290BDF87A
:107FF0006800BDF81A104942084400B20190259863
:10800000408903460390249ADDE90101FFF770F8E7
:108010001E9800F00200F8B11E9800F00800D8B1D8
:1080200004980090BDF86200BDF81A1000E014E05A
:108030004942084400B20290BDF86000BDF8181033
:10804000084400B201902598408903460390249A81
:10805000DDE90101FFF74CF800BFBDF952000990BE
:108060000898ADF818000A98ADF81A00DDE9090182
:10807000401A00B20790002005903CE11D9A059936
:108080000798FEF743FB04901E9800F00100F8B13A
:108090001E9800F00800D8B104980090BDF85E006A
:1080A000BDF81A1001440598084400B20290BDF8CA
:1080B0005C00BDF818100844401E00B201902598DD
:1080C000408903460390249ADDE90101FFF710F887
:1080D0001E9800F0010000B31E9800F00400E0B10B
:1080E00004980090BDF86600BDF818100844401EC2
:1080F00000B20290BDF86400BDF81A104942014474
:108100000598081A00B2019025984089034603900B
:10811000249ADDE90101FEF7EBFF1E9800F0020052
:1081200008B31E9800F00400E8B104980090BDF870
:108130006A00BDF81A10494201440598081A00B2B5
:108140000290BDF86800BDF8181049420844401C70
:1081500000B201902598408903460390249ADDE9F6
:108160000101FEF7C5FF1E9800F0020000B31E9843
:1081700000F00800E0B104980090BDF86200BDF87E
:10818000181049420844401C00B20290BDF860003B
:10819000BDF81A1001440598084400B201902598D2
:1081A000408903460390249ADDE90101FEF7A0FF10
:1081B000BDF91800401EBDF91A20059911448842E6
:1081C0007DD01E9800F00100F8B11E9800F0080064
:1081D000D8B104980090BDF85E00BDF818100844AE
:1081E000401E00B20290BDF85C00BDF81A100144B8
:1081F0000598084400B201902598408903460390F1
:10820000249ADDE90101FEF773FF1E9800F00100DA
:1082100000B31E9800F00400E0B104980090BDF88F
:108220006600BDF81A1001440598084400B2029097
:10823000BDF86400BDF8181049420844401C00B263
:1082400001902598408903460390249ADDE90101B5
:10825000FEF74EFF1E9800F0020008B31E9800F0D3
:108260000400E8B104980090BDF86A00BDF8181049
:1082700049420844401C00B20290BDF86800BDF8B5
:108280001A10494201440598081A00B20190259835
:10829000408903460390249ADDE90101FEF728FF97
:1082A0001E9800F0020050B11E9800F0080030B196
:1082B00004980090BDF86200BDF81A1000E016E0C6
:1082C000494201440598081A00B20290BDF86000C6
:1082D000BDF818100844401E00B20190259840894E
:1082E00003460390249ADDE90101FEF701FF05989A
:1082F000401C00B20590079905988842FFF6BEAE73
:1083000000BF27B000BD2DE9FF4F87B0044691465E
:10831000B9F806001FFA80F805F04AF80090FEF759
:10832000AEF807462046FDF734FA06902046FDF7E2
:10833000FCF90590B9F90C600A98FF2802D199F868
:108340000F0004E099F80F000A99484300120490C6
:1083500099F80E50B9F80A0003904FF0000BDA4676
:10836000701E06B24046DDE90521FEF7E9F98046B8
:10837000B04506DAA6EB0800C01B0FFA80FBB24638
:1083800003E008EB07000FFA80FAB9F806000028AE
:108390007DD105F0020098B12088ADF80400A088D6
:1083A000ADF808006088ADF806006088304400B27F
:1083B000ADF80A0001A8DDE903230899FEF7E2F908
:1083C00005F0080028B3A088801B00B2ADF80400B7
:1083D000A088ADF80800B4F9021005F0020008B159
:1083E000701C00E00020084400B2ADF80600B4F9AB
:1083F000061005F0010008B1701C00E00020081A0A
:1084000000B2ADF80A0001A8DDE903230899FEF7E0
:10841000B9F905F0040028B32088ADF804002088DD
:10842000304400B2ADF80800B4F9021005F00200C3
:1084300008B1701C00E00020084400B2ADF806004E
:10844000B4F9061005F0010008B1701C00E000202E
:10845000081A00B2ADF80A0001A8DDE90323089963
:10846000FEF790F905F00100A8B12088ADF80400EE
:10847000A088ADF80800E088801B00B2ADF80600C7
:10848000E088ADF80A0001A8DDE9032300E005E07B
:108490000899FEF777F90BB0BDE8F08F0AF10100FB
:1084A0000FFA80FA05F0020028B16088504400B24B
:1084B000ADF8060004E06088404400B2ADF8060064
:1084C00005F0010030B1E088A0EB0A0000B2ADF881
:1084D0000A0005E0E088A0EB080000B2ADF80A0051
:1084E00005F0040070B12088ADF80400BDF8040068
:1084F000304400B2ADF8080001A8DDE90323089973
:10850000FEF740F905F0080070B1A088ADF808004A
:10851000BDF80800801B00B2ADF8040001A8DDE939
:1085200003230899FEF72EF920885044A0EB0B0096
:1085300000B2ADF80400A088A0EB0A00584400B2D5
:10854000ADF8080005F0020068B16088ADF80600DB
:108550006088304400B2ADF80A0001A8DDE90323C9
:108560000899FEF70FF905F0010070B1E088ADF849
:108570000A00BDF80A00801B00B2ADF8060001A891
:10858000DDE903230899FEF7FDF8BBF1000F7ED06B
:1085900005F00200E8B105F00400D0B12088ADF884
:1085A000040020884044384400B2ADF808006088D8
:1085B0004044401C384400B2ADF8060060883044A6
:1085C00000B2ADF80A0001A8DDE903230899FEF71F
:1085D000D9F805F00200F0B105F00800D8B1A08884
:1085E000A0EB0800C01B00B2ADF80400A088ADF8F5
:1085F000080060884044401C384400B2ADF80600D2
:108600006088304400B2ADF80A0001A8DDE9032318
:108610000899FEF7B7F805F00100F0B105F0040085
:10862000D8B12088ADF8040020884044384400B216
:10863000ADF80800E088801B00B2ADF80600E088C5
:10864000A0EB0800401EC01B00B2ADF80A0001A854
:10865000DDE903230899FEF795F805F00100B0B1B4
:1086600005F0080098B1A088A0EB0800C01B00B27C
:10867000ADF80400A088ADF80800E088801B00B2C7
:10868000ADF80600E088A0EB0800401E00E009E01D
:10869000C01B00B2ADF80A0001A8DDE90323089968
:1086A000FEF770F8B9F80600002863D105F006005F
:1086B000A8B12088ADF804002088384400B2ADF895
:1086C00008006088ADF806006088384400B2ADF854
:1086D0000A0001A8DDE903230899FEF753F805F025
:1086E0000A00A8B1A088C01B00B2ADF80400A088A1
:1086F000ADF808006088ADF806006088384400B224
:10870000ADF80A0001A8DDE903230899FEF73AF85D
:1087100005F00500A8B12088ADF804002088384491
:1087200000B2ADF80800E088C01B00B2ADF806004A
:10873000E088ADF80A0001A8DDE903230899FEF7F7
:1087400021F805F00900A8B1A088C01B00B2ADF85F
:108750000400A088ADF80800E088C01B00B2ADF8A6
:108760000600E088ADF80A0001A8DDE903230899B6
:10877000FEF708F800BF8EE60FB5A9B02B98C088A9
:1087800080B2289004F014FE0B90FDF778FE27903D
:108790002B98408826902B98808825902C98FF282D
:1087A00002D12B98007A04E02B98007A2C99484348
:1087B000001223902998FCF7B8FF21902998FCF724
:1087C000E8FF2090DDE920122898FDF7B9FF2890F6
:1087D00029980188289801442798084400B2ADF8E8
:1087E0007C0029984188289801442798084400B2C1
:1087F000ADF87E00299801882898014427980844FC
:1088000000B2ADF878002998C1882898091A2798ED
:10881000081A00B2ADF87A00299881882898091AB8
:108820002798081A00B2ADF8740029984188289852
:1088300001442798084400B2ADF876002998818851
:108840002898091A2798081A00B2ADF870002998DC
:10885000C1882898091A2798081A00B2ADF8720042
:10886000289802B212A913A8FDF7AFFCBDF8720058
:10887000BDF84E10084400B20090BDF87000BDF87D
:108880004C10084400B20B90BDF87A00BDF84E10B1
:10889000084400B20A90BDF87800BDF84C10494277
:1088A000084400B20990014616A8DDE90A23FDF745
:1088B00048F8BDF87200BDF84C10084400B20090B2
:1088C000BDF87000BDF84E10084400B20B90BDF822
:1088D0007A10BDF84C00084400B20A90BDF8780048
:1088E000BDF84E104942084400B20990014614A850
:1088F000DDE90A23FDF725F8BDF87600BDF84E1036
:108900004942084400B20090BDF87400BDF84C1014
:10891000084400B20B90BDF87E00BDF84E104942ED
:10892000084400B20A90BDF87C00BDF84C104942E2
:10893000084400B20990014618A8DDE90A23FDF7B2
:1089400000F8BDF87600BDF84C104942084400B26A
:108950000090BDF87400BDF84E10084400B20B90B2
:10896000BDF87E00BDF84C104942084400B20A90A0
:10897000BDF87C00BDF84E104942084400B2099091
:1089800001461AA8DDE90A23FCF7DBFF002011905D
:108990001090289800B20F908AE2279800287DD086
:1089A000BDF94C100F988142F9D0BDF94E001090DE
:1089B000DDE91001401A00B207900F98ADF81800D9
:1089C0001198ADF81A000F992898401AC0EB0021B1
:1089D0002198B1FBF0F0C0B22290229ADDE9250186
:1089E000FDF76FFC0E90229ADDE92510FDF769FC7A
:1089F0000D9000200590F8E00798012806DD239AE5
:108A000005990798FAF74AFD049008E0239A05991A
:108A10000798FDF77BFE2399081AC0B204900498CA
:108A20000090BDF87200BDF818100844401C00B258
:108A30000390BDF87000BDF81A1001440598084471
:108A400000B202900D9B2A9A0399FEF751FB0498FD
:108A50000090BDF87A00BDF818100844401C00B220
:108A60000390BDF87800BDF81A10494201440598FA
:108A7000081A00B202900D9B2A9A0399FEF738FB60
:108A800004980090BDF87E00BDF8181049420844D3
:108A9000401E00B20390BDF87C0000E0B0E0BDF8DD
:108AA0001A10494201440598081A00B202900E9B20
:108AB0002A9A0399FEF71CFB04980090BDF87600F3
:108AC000BDF8181049420844401E00B20390BDF89A
:108AD0007400BDF81A1001440598084400B20290D1
:108AE0000E9B2A9A0399FEF703FB11992898411AC5
:108AF00005980844C0EB00212198B1FBF0F0C0B20A
:108B00002290229ADDE92510FDF7DBFB0C900498FA
:108B10000090BDF87210BDF81A0001440598084491
:108B200000B20390BDF87000BDF818100844401C56
:108B300000B202900C9B2A9A0399FEF7D9FA049886
:108B40000090BDF87A00BDF81A1001440598084459
:108B500000B20390BDF87810BDF8180040420844F8
:108B6000401E00B202900C9B2A9A0399FEF7C0FAAD
:108B7000229ADDE92501FDF7A4FB0C9004980090F2
:108B8000BDF87E00BDF81A10494201440598081A44
:108B900000B20390BDF87C00BDF8181049420844AB
:108BA000401E00B202900C9B2A9A0399FEF7A0FA8D
:108BB00004980090BDF87610BDF81A0040420144B8
:108BC0000598081A00B20390BDF87410BDF818009B
:108BD0000844401C00B202900C9B2A9A0399FEF7AD
:108BE00087FA0598401C00B20590079905988842BD
:108BF000FFF602AFBDF94C000F901098119000BF26
:108C000000200B900A9009900890BDF94E10BDF914
:108C10007A000844BDF95A10884201D00120099019
:108C2000BDF94C10BDF97A000844BDF952108842D4
:108C300001D001200890BDF94E004042BDF97E10E0
:108C40000844BDF96210884201D001200A90BDF9A4
:108C50004C004042BDF97E100844BDF96A108842BC
:108C600001D001200B900B9808B3BDF89800BDF817
:108C70009410884202D12698249012E02998B0F9E5
:108C80000600BDF96A10401AC0EB00212198B1FB23
:108C9000F0F0C0B22290229ADDE92510FDF711FB19
:108CA00024901AA8DDE923322A99FDF76BFD0A9872
:108CB00008B3BDF89800BDF89410884202D12698F8
:108CC000249012E02998B0F90610BDF96200081A44
:108CD000C0EB00212198B1FBF0F0C0B22290229AA3
:108CE000DDE92510FDF7EDFA249018A8DDE923321F
:108CF0002A99FDF747FD099808B3BDF89800BDF81B
:108D00009410884202D12698249012E02998B0F954
:108D10000610BDF95A00081AC0EB00212198B1FBDA
:108D2000F0F0C0B22290229ADDE92510FDF7C9FAD1
:108D3000249016A8DDE923322A99FDF723FD08982F
:108D400008B3BDF89800BDF89410884202D1269867
:108D5000249012E02998B0F90600BDF95210401A8B
:108D6000C0EB00212198B1FBF0F0C0B22290229A12
:108D7000DDE92510FDF7A5FA249014A8DDE92332DA
:108D80002A99FDF7FFFCBDF87210BDF84E000844AB
:108D900000B20090BDF87000BDF84C10084400B25D
:108DA0000790BDF87A10BDF84E00084400B2069056
:108DB000BDF87810BDF84C004042084400B2059060
:108DC000014616A8DDE90623FCF7BBFDBDF87210CD
:108DD000BDF84C00084400B20090BDF87000BDF82A
:108DE0004E10084400B20790BDF87A10BDF84C0050
:108DF000084400B20690BDF87810BDF84E0040421D
:108E0000084400B20590014614A8DDE90623FCF7EA
:108E100098FDBDF87610BDF84E004042084400B2FF
:108E20000090BDF87400BDF84C10084400B20790E3
:108E3000BDF87E00BDF84E104942084400B20690CD
:108E4000BDF87C00BDF84C104942084400B20590C2
:108E5000014618A8DDE90623FCF773FDBDF876008E
:108E6000BDF84C104942084400B20090BDF87400AF
:108E7000BDF84E10084400B20790BDF87E00BDF862
:108E80004C104942084400B20690BDF87C00BDF881
:108E90004E104942084400B2059001461AA8DDE987
:108EA0000623FCF74EFD12A913A8FDF796F900BFA3
:108EB00013A8FDF77FF900287FF46FADBDF8980087
:108EC000BDF89410884202D12698249012E0299887
:108ED000B0F90600BDF96A10401AC0EB00212198D4
:108EE000B1FBF0F0C0B22290229ADDE92510FDF727
:108EF000E8F924901AA8DDE923322A99FDF742FC0B
:108F0000BDF96A00BDF96210884221D0BDF8980011
:108F1000BDF89410884202D12698249012E0299836
:108F2000B0F90600BDF96210401AC0EB002121988B
:108F3000B1FBF0F0C0B22290229ADDE92510FDF7D6
:108F4000C0F9249018A8DDE923322A99FDF71AFC0C
:108F5000BDF89800BDF89410884202D1269824905C
:108F600012E02998B0F90600BDF95A10401AC0EB7A
:108F700000212198B1FBF0F0C0B22290229ADDE9E5
:108F80002510FDF79EF9249016A8DDE923322A99D1
:108F9000FDF7F8FBBDF95200BDF95A10884221D007
:108FA000BDF89810BDF89400814202D12698249013
:108FB00012E02998B0F90600BDF95210401AC0EB32
:108FC00000212198B1FBF0F0C0B22290229ADDE995
:108FD0002510FDF776F9249014A8DDE923322A99AB
:108FE000FDF7D0FB279800287ED029980188289883
:108FF0000844801C00B2ADF8680029988188289840
:10900000081A801E00B2ADF86C0029984088ADF8AF
:109010006A0029984088ADF86E002B984088089027
:1090200002461AA8239B2A99FDF7ACFB2998C08811
:10903000ADF86A002998C088ADF86E002B9880883A
:10904000089002461AA8239B2A99FDF79BFBBDF9BD
:109050004E001090DDE91001401A00B20B900F98FD
:10906000ADF828001198ADF82A000F992898401AF9
:10907000C0EB00212198B1FBF0F0C0B22290229AFF
:10908000DDE92501FDF71DF90D90229ADDE9251096
:10909000FDF717F90E9000200990EEE0239A099948
:1090A0000B98FDF733FB2399081AC0B20890089873
:1090B0000090BDF87200BDF828100844401C00B2B2
:1090C0000790BDF87000BDF82A10014409980844C3
:1090D00000B206900E9B2A9A0799FEF709F80898A5
:1090E0000090BDF87A0000E058E1BDF8281008446F
:1090F000401C00B20790BDF87810BDF82A0040422D
:1091000001440998081A00B206900E9B2A9A079902
:10911000FDF7EEFF08980090BDF87E00BDF828101E
:1091200049420844401E00B20790BDF87C10BDF8CB
:109130002A00404201440998081A00B206900D9B8B
:109140002A9A0799FDF7D4FF08980090BDF8760099
:10915000BDF8281049420844401E00B20790BDF8EF
:109160007410BDF82A0001440998084400B2069022
:109170000D9B2A9A0799FDF7BBFF11992898411A70
:1091800009980844C0EB00212198B1FBF0F0C0B26F
:109190002290229ADDE92510FDF793F80C900898AB
:1091A0000090BDF87200BDF82A10014409980844E7
:1091B00000B20790BDF87010BDF828000844401CAC
:1091C00000B206900C9B2A9A0799FDF791FF089828
:1091D0000090BDF87A00BDF82A10014409980844AF
:1091E00000B20790BDF87800BDF828104942084445
:1091F000401E00B206900C9B2A9A0799FDF778FF53
:10920000229ADDE92501FDF75CF80C9008980090A2
:10921000BDF87E10BDF82A00404201440998081AA2
:1092200000B20790BDF87C00BDF828104942084400
:10923000401E00B206900C9B2A9A0799FDF758FF32
:1092400008980090BDF87600BDF82A104942014404
:109250000998081A00B20790BDF87400BDF82810EC
:109260000844401C00B206900C9B2A9A0799FDF70F
:109270003FFF0998401C00B209900B990998884259
:10928000FFF60CAFBDF92800BDF92A10401A0028DE
:1092900005DDBDF92800BDF92A10401A04E0BDF92A
:1092A0002A00BDF92810401A0B99884275D10F98F1
:1092B000ADF828000F98ADF82A000F98C0EB0021F8
:1092C0002198B1FBF0F0C0B22290229ADDE925018D
:1092D000FCF7F7FF0E90229ADDE92510FCF7F1FF6D
:1092E0000D9023984010089008980090BDF87200E7
:1092F000BDF82810084400B20790BDF87010BDF802
:109300002A00084400B206900D9B2A9A0799FDF79F
:10931000EFFE08980090BDF87A00BDF82A100844C6
:1093200000B20790BDF87800BDF828104942084403
:1093300000B206900D9B2A9A0799FDF7D9FE08986E
:109340000090BDF87E00BDF828104942084400B2E4
:109350000790BDF87C00BDF82A104942084400B2CD
:1093600006900E9B2A9A0799FDF7C2FE0898009076
:10937000BDF87600BDF82A104942084400B20790B3
:10938000BDF87410BDF82800084400B206900E9B8A
:109390002A9A0799FDF7ACFE00BF00BF2DB000BDB3
:1093A0002DE9FF4F89B0044615469A46E88886B2F3
:1093B00003F0FEFF0746FDF762F808906888079003
:1093C000A88806902046FCF7B0F980462046FCF7B6
:1093D000E0F90490BAF1FF0F01D1287A03E0287A6E
:1093E00000FB0AF000120390424630460499FDF754
:1093F000A7F9064608EBD871B6EB610F02DD0DB098
:10940000BDE8F08F2088ADF80400A088ADF8080012
:10941000BDF81C00BDF8181088422DD1608830447A
:1094200000B2ADF80600E088801B00B2ADF80A007B
:10943000E888D0B1089860B1BDF80600801C00B281
:10944000ADF80600BDF80A00801E00B2ADF80A00B3
:109450000BE0BDF80600401C00B2ADF80600BDF8F8
:109460000A00401E00B2ADF80A0001A8039B079A4B
:109470000A99FDF787F943E0608830440FFA80F9D4
:10948000E088801B0FFA80FBE88890B1089840B113
:1094900009F102000FFA80F9ABF102000FFA80FB2C
:1094A00007E009F101000FFA80F9ABF101000FFAB2
:1094B00080FBB9F1000F01DA4FF000094F461CE0C4
:1094C000ADF80670ADF80A70B4F90600BDF90610E3
:1094D000401AC0EB0020B0FBF8F0C0B20590DDE907
:1094E00005210798FCF7EDFE009001A8039B009A68
:1094F0000A99FDF747F9781C07B25F45E0DD00BF28
:1095000000BF7CE72DE9FC4706460F461546984606
:10951000B5F906403046FCF73CF981463046FCF789
:1095200004F98246A0B252464946FDF709F904B251
:1095300031466846FCF7E8F8BDF80000204400B268
:10954000ADF80000BDF80400001B00B2ADF8040047
:1095500069463846FCF76CF908B1BDE8FC8731462E
:109560006846FCF7D1F8BDF80200204400B2ADF81F
:109570000200BDF80600001B00B2ADF80600694607
:109580003846FCF755F900B1E7E7287D012806D1F8
:1095900043462A463946304600F044F907E0287D24
:1095A00028B943462A463946304600F002F800BF43
:1095B000D3E72DE9FF4F95B08246164603F0F8FE3B
:1095C0008146FCF75CFF1490B6F90650B6F91270AC
:1095D0005046FCF7DEF813905046FCF7A6F81290C0
:1095E000A8B2DDE91221FDF7ABF805B2149800EB43
:1095F0004000284405B21498384407B2281D20F0D2
:1096000003001190119840001190F81C00F0FC002C
:10961000109010981090DDE910218818FDF712F9CC
:109620000F90DDF83C80DDF83C80119808EB000BD2
:109630002A460DA90EA8FCF7C8FD0FE0BDF83800BA
:10964000BDF93A1028F81100BDF83A00BDF93810FC
:1096500028F811000DA90EA8FCF7BFFD0EA8FCF715
:10966000A9FD0028EAD11898FF2801D1307A03E03B
:10967000307A1899484300120C90002409E0381BF6
:109680000C9948434008B0FBF7F00BF80400601C4D
:1096900004B2BC42F3DBBAF80000284400B2ADF8D3
:1096A0001C00BAF80600401B401C1499401A00B276
:1096B000ADF81E00BAF80400401B00B2ADF8180067
:1096C000BAF80600401B401C1499401A00B2ADF8CD
:1096D0001A0000246BE0BDF81C00001B00B2ADF8BE
:1096E0002C00BDF81E0038F81410084400B2ADF884
:1096F0002E00BDF81800204400B2ADF82800BDF8D7
:109700001A0038F81410084400B2ADF82A000CB959
:10971000002005E0601E38F9100038F91410401AD6
:1097200000B203904FF000093DE0039818B91BF810
:109730000900049009E01BF809100398A9EB000048
:109740001BF8000008444008049004980090328AF6
:109750000292BDF92E10BDF92C001346169AFDF7A2
:10976000C7FCBDF82E00401C00B2ADF82E00BDF9BC
:109770002800BDF91C1088420BDD04980090328A45
:109780000292BDF92A10BDF928001346169AFDF77A
:10979000AFFCBDF82A00401C00B2ADF82A0009F168
:1097A00001001FFA80F9B945BFDB601C04B2AC426E
:1097B00091DDBDF81C00401C00B2ADF82000BDF8E2
:1097C0001E00284400B2ADF82200BDF81800401E6B
:1097D00000B2ADF82400BDF82200ADF8260000204C
:1097E000059019E005981BF80030308A0246049075
:1097F00008A81699FCF7C6FFBDF82200401C00B26D
:10980000ADF82200BDF82600401C00B2ADF82600DD
:109810000598401C80B205900598B842E2DB19B06B
:10982000BDE8F08F2DE9FF4F99B08046914603F0D7
:10983000BFFD0390FCF723FE8246B9F90650B9F943
:1098400012704046FBF7A5FF18904046FBF76DFFEE
:109850001790A8B2DDE91721FCF772FF05B205EBFE
:109860000A0005B27800401C00B21690E819001DED
:1098700020F0030015901598400015901698C01C14
:1098800020F003001490149880001490E819001D33
:1098900020F00300139013981390DDE914210A447B
:1098A00013995018FCF7CEFF1290129E129E159835
:1098B00030441190DDE914100844129E3044109099
:1098C00030461599F6F769FC2A460EA90FA8FCF751
:1098D0007CFC0FE0BDF83C00BDF93E1026F81100FD
:1098E000BDF83E00BDF93C1026F811000EA90FA8E6
:1098F000FCF773FC0FA8FCF75DFC0028EAD11C986C
:10990000FF2802D199F8080004E099F808001C9992
:10991000484300120D9000240EE01698001B0D998C
:1099200049004843010216984043B1FBF0F11198F9
:1099300040F82410601C04B216988442EDDBB8F89D
:109940000400401BA0EB0A0000B2ADF82000B8F8FC
:109950000600401BA0EB0A0000B2ADF82200B8F8E8
:109960000400401BA0EB0A0000B2ADF81C00B8F8E0
:1099700002002844504400B2ADF81E00B8F80000C0
:109980002844504400B2ADF81800B8F80600401B57
:10999000A0EB0A0000B2ADF81A00B8F800002844A5
:1099A000504400B2ADF81400B8F802002844504406
:1099B00000B2ADF81600002420E100200490834698
:1099C00044E00022794208B22DE02318002B06DA89
:1099D00036F81430EB1AA3EB0B0319B20DE0231881
:1099E000AB4200DD21E0231836F8133036F814C0FE
:1099F000A3EB0C03A3EB0B0319B27B42994204DAED
:109A0000F84201D1012304930FE0B94203DD119B19
:109A10001B681A4405E0A7EB010C119B53F82C308E
:109A20001A44411C08B2B842CFDD00BFC2F307237D
:109A3000109901F80B30049921B10BF101011FFAC3
:109A400081FB06E00BF101001FFA80FBE819584585
:109A5000B7DA00BF36F81400BDF81C100844401CEB
:109A600000B2ADF83000BDF81E00001B00B2ADF82A
:109A7000320036F81400BDF820100844401C00B233
:109A8000ADF82C00BDF82200204400B2ADF82E0045
:109A9000BDF8140036F81410401A401E00B2ADF89C
:109AA0002800BDF81600001B00B2ADF82A00BDF872
:109AB000180036F81410401A401E00B2ADF8240009
:109AC000BDF81A00204400B2ADF826000120039032
:109AD00087E0BDF92800BDF91410884214DABDF9F9
:109AE0002A00BDF9161088420EDA03991098405CDE
:109AF0000090B9F810200292BDF92A10BDF9280093
:109B000013461A9AFDF7F4FABDF92400BDF91810AE
:109B1000884214DABDF92600BDF91A1088420EDD1C
:109B200003991098405C0090B9F810200292BDF99A
:109B30002610BDF9240013461A9AFDF7D9FABDF98B
:109B40003000BDF91C10884214DDBDF93200BDF9AA
:109B50001E1088420EDA03991098405C0090B9F804
:109B600010200292BDF93210BDF9300013461A9A46
:109B7000FDF7BEFABDF92C00BDF92010884214DDB6
:109B8000BDF92E00BDF9221088420EDD0399109810
:109B9000405C0090B9F810200292BDF92E10BDF97A
:109BA0002C0013461A9AFDF7A3FABDF82C00401CAE
:109BB00000B2ADF82C00BDF82400401E00B2ADF894
:109BC0002400BDF83000401C00B2ADF83000BDF8F4
:109BD0002800401E00B2ADF828000398401C80B257
:109BE000039003985845FFF674AF2CB94A46404697
:109BF000109B1A9900F009F8601C04B2E819A04201
:109C0000BFF6DBAE1DB0BDE8F08F2DE9F04F8DB093
:109C100004468B461746994603F0CAFB0190FCF7B1
:109C20002EFC0546B7F90660B7F912000C902046E5
:109C3000FBF7AFFD0B902046FBF777FD0A90B0B223
:109C4000DDE90A21FCF77CFD06B2701906B2A08896
:109C5000401C401B00B2ADF820006088304428440E
:109C600000B2ADF82200BDF82000ADF82400E08875
:109C7000801B401B00B2ADF826002088401E2844FF
:109C800000B2ADF8180060883044284400B2ADF846
:109C90001A00BDF81800ADF81C00E088801B401BBE
:109CA00000B2ADF81E0020883044284400B2ADF860
:109CB00010006088401E284400B2ADF81200A08851
:109CC000801B401B00B2ADF81400BDF81200ADF8C7
:109CD000160020883044284400B2ADF80800E0881F
:109CE000401C401B00B2ADF80A00A088801B401B3E
:109CF00000B2ADF80C00BDF80A00ADF80E004FF050
:109D0000010855E019F808A0388A5346024659461A
:109D1000019008A8FCF736FDBDF82000401C00B2F9
:109D2000ADF82000BDF82400401C00B2ADF82400BE
:109D3000388A534602465946019006A8FCF722FD90
:109D4000BDF81800401E00B2ADF81800BDF81C00A8
:109D5000401E00B2ADF81C00388A534602465946F0
:109D6000019004A8FCF70EFDBDF81200401E00B2E1
:109D7000ADF81200BDF81600401E00B2ADF8160096
:109D8000388A534602465946019002A8FCF7FAFC6D
:109D9000BDF80A00401C00B2ADF80A00BDF80E0084
:109DA000401C00B2ADF80E0008F101000FFA80F877
:109DB0000C988045A6DD0DB0BDE8F08F2DE9F0418F
:109DC00004460D46164614B90120BDE8F08133461D
:109DD0002A462146A06900F003F807463846F4E712
:109DE0002DE9FE4F06460C4690461F460094002083
:109DF0008DF8040002901F48006810B11D480068EB
:109E000002901C49C1F800D01B48D0F800900760B0
:109E100000F04AFE05462DB1A86818B14146284613
:109E2000AA68904716B141462046B0471248C0F88C
:109E300000901048006880680E4908609DF8040092
:109E400010B10020BDE8FE8F8CB194F83000C0093D
:109E500068B1206858B13A4641462068FFF7AEFF26
:109E60008246BAF1010F01D00020EBE700BF0120CC
:109E7000E8E700007C000020800000202DE9F04190
:109E800005468846EE6841462846FAF79FF8074699
:109E900017B90020BDE8F081706800EBC7042CB151
:109EA00030682168C1F313010844F3E70020F1E7AB
:109EB00070B504460D46294620466268904770BD3D
:109EC0002DE9F04104460D4616461F463B463246F4
:109ED00029462046D4F800C0E047BDE8F0812DE9CE
:109EE000FF5F80460C46D8F80C6040460299FAF7AE
:109EF0006DF807461FB9002004B0BDE8F09F4FF091
:109F00000009F06870B140460399FAF75FF883469C
:109F1000BBF1000F05D05A4639464046FAF736F9EC
:109F2000814600BF706800EBC7052868010D308AC4
:109F300000FB09F001EB201A0AF108004FEA101AA1
:109F4000A4F800A06879E0702879A070A879207141
:109F5000E87940B26071708AC0F38220A07101205C
:109F6000CAE72DE9FC4106460C4615462B4622461B
:109F700069463046FFF7A4FF07461FB1BDF8000051
:109F8000BDE8FC810020FBE70146087A70470146E6
:109F9000087A70472DE9F04107460C460FB9BDE835
:109FA000F081384601F096FE064608E03068A0428F
:109FB00000D1F4E73146384601F091FE0646002E06
:109FC000F4D1E06A30B1204602F00BFF10B1E06A34
:109FD00000F0D1F8E762384601F0FFFE05460DB902
:109FE00000BFFEE705B9DAE72C60384601F072FEE3
:109FF000A84202D1384600F0BEF800BFCFE700000B
:10A0000010B50446024A03492046F9F705FF10BD82
:10A01000DFBC0008D5BC00082DE9F04106460EB9AA
:10A02000BDE8F081F46A04B9FAE794F8580000F04A
:10A03000010000B1F4E70021204600F0DEF82046E0
:10A0400001F048FE054640E02868B04238D1E0689B
:10A05000A0B1E168086800221021C3699847E1684F
:10A06000002208680D21FFF7A9FE0746012F00D046
:10A07000D6E7E168086802F04DFE00BFE560E068E1
:10A08000E8B1E168086800220F21C3699847A06918
:10A0900010B12046A1698847E168002208680C21B8
:10A0A000FFF78CFE0746012F00D0B9E7E16808688A
:10A0B00002F030FEE168086804F086FB00BF06E0AD
:10A0C0002946204601F00BFE0546002DBCD100BFFD
:10A0D00000BFA5E710B50446024A03492046F9F738
:10A0E0009BFE10BDF5BC000809BD0008014609B97A
:10A0F0000020704791F85800C0F38000F9E701464E
:10A1000009B90020704791F85800C0F34000F9E702
:10A11000014609B900207047C86808B90020FAE76D
:10A12000C8680068F7E7000010B55C21014801F03D
:10A13000F0FD10BDC405002070B504460D4629464B
:10A1400004F11C0003F0D0FA94F85800C0F340006A
:10A1500038B1606960B104F11C0120466269904722
:10A1600006E0206920B104F11C01204622699047D5
:10A1700004F11C0070BD70B5044614F8580FC0F30C
:10A180000015207820F010001030207014F85809C5
:10A19000C0F3C00018B92046FFF732FF07E094F87B
:10A1A0005800C0F3C00010B12046FFF793FF94F8A9
:10A1B000580065F3041084F8580070BD73B5064666
:10A1C0003046FFF7A5FF05460DB901207CBD01AA69
:10A1D00011212846EB6998470446012C01D02046FE
:10A1E000F4E701AA0B212846FFF7E8FD0446012CFD
:10A1F00001D02046EAE72046E8E72DE9F041044691
:10A200000E46374694F85800C0F34000B84201D1DA
:10A21000BDE8F08194F8580067F3410084F85800D5
:10A220002046FFF775FF054685B100220F2128461D
:10A23000EB699847E168002208680C21FFF7BEFD32
:10A240008046B8F1010F00D0E2E700BF284602F0D7
:10A2500061FD00BFDCE7000070B5064616480568E2
:10A26000002423E004EB840005EBC0004068B0420A
:10A2700000D0CEB904EB840005EBC000406828B1E3
:10A2800004EB840105EBC10000F05EFB04EB8401EC
:10A2900005EBC1002421F5F780FF04EB840105EBF9
:10A2A000C1002821F5F779FF601C84B203480088BB
:10A2B0008442D7DB70BD0000F4000020B000002015
:10A2C00070B505461D48006830B10020FFF7C4FF97
:10A2D0001A48006801F050FE05EB8501C80001F046
:10A2E00025FE164908600846006808B900BFFEE769
:10A2F0001248006818B900201149088070BD104844
:10A300000580002413E004EB84010C4A126802EB80
:10A31000C1002421F5F741FF04EB8401074A1268CC
:10A3200002EBC1002821F5F738FF601C84B2044815
:10A3300000888442E7DB00BFE0E70000F400002073
:10A34000B0000020014600200F291DD2DFE801F0F7
:10A3500008091C1C0B0E0C101316191114171A00E7
:10A3600000BF002012E000BF10200FE018200DE019
:10A3700000BF01200AE000BF022007E000BF042068
:10A3800004E000BF082001E0002000BF00BF7047CC
:10A3900070B506460D462C6A4CB1206810B1206895
:10A3A00001F0EAFD204601F0E7FD0020286270BDC3
:10A3B0002DE9F04107460D461446284600F016FBED
:10A3C0000646DEB9287800F01F01042901DB0E29BA
:10A3D00002DD0020BDE8F0812868820A206862F36F
:10A3E000942020602868420D206862F35F5020604E
:10A3F0002878226860F30402226014E0022E10D153
:10A400000121206861F3942020602068C0F31400CB
:10A4100000F500102060206820F01F000B30206045
:10A4200001E00020D6E70120D4E700002DE9FF4F2E
:10A430008DB004460D46914667A000680C9067A059
:10A4400000680B9066A30FCB07AE0FC6A068008E06
:10A450000690002710E0BDF81800C1B207EB4702D4
:10A460001A988154BDF81800020A07EB4700401CF7
:10A470001A990A54781C07B210988742EBDB002027
:10A480000590217C01F01F00FFF75CFF824601214F
:10A4900001FA0AF0401E80B2049000264FF0000836
:10A4A0004FF0000B207C00F01F000B2806D00C287A
:10A4B0001AD00D282FD00E284DD143E02069C0F3CB
:10A4C0008A20C610208AC0F3822008B1701C06B210
:10A4D00006FB09F000EBE500804405F00700C0F141
:10A4E000070B0CA8059036E02069C0F38A2086107F
:10A4F000208AC0F3812008B1701C06B206FB09F067
:10A5000000EBA500804405F003000621A1EB400B01
:10A510000BA805901FE02069C0F38A204610208A0E
:10A52000C0F3802008B1701C06B206FB09F000EBF6
:10A530006500804405F001000421A1EB800B07A811
:10A54000059008E02069C0F38A2606FB0950804484
:10A550004FF0000B00BF00BF00200390207B20B90C
:10A56000606881684144039104E00020039011B0C9
:10A57000BDE8F08F00200290002728E0DDE90210FE
:10A58000415C049800FA0BF0084040FA0BF001908F
:10A59000207C00F01F000E2801D1019902E00199F2
:10A5A0000598415C07EB4700801C1A9A1154ABEBED
:10A5B0000A004FFA80FBBBF1000F06DACAF108006F
:10A5C0004FFA80FB0398401C0390781C07B2109848
:10A5D0008742D3DB0120CAE700FF00000055AAFF35
:10A5E00000112233445566778899AABBCCDDEEFF73
:10A5F0002DE9FF4F87B004460E469046217C01F0BE
:10A600001F00FFF79FFE8346012000FA0BF0401E5B
:10A6100080B206900027B9460025207C00F01F007C
:10A62000072806D0082819D009282DD00A284CD18F
:10A6300040E02069C0F38A20C710208AC0F382203E
:10A6400008B1781C07B207FB08F000EBE6000544F0
:10A65000083506F00700C0F1070936E02069C0F3AD
:10A660008A208710208AC0F3812008B1781C07B2A5
:10A6700007FB08F000EBA6000544103506F00300C8
:10A680000621A1EB400920E02069C0F38A20471091
:10A69000208AC0F3802008B1781C07B207FB08F0BD
:10A6A00000EB66000544403506F001000421A1EBF3
:10A6B00080090AE02069C0F38A2707FB0860054487
:10A6C00005F580654FF0000900BF00BF206A0590C6
:10A6D00000200490207B20B960688168294404919F
:10A6E00004E0002004900BB0BDE8F08F0020039040
:10A6F000149801904FF0000A25E0DDE90310415C59
:10A70000069800FA09F0084040FA09F0029005980E
:10A710000168029801EB4001019800EB4A000988AA
:10A720000180A9EB0B004FFA80F9B9F1000F06DAAE
:10A73000CBF108004FFA80F90498401C04900AF10C
:10A7400001000FFA80FA0A988245D6DB0120CAE799
:10A7500030B50546039C002030BD2DE9FC5F8046E6
:10A760000C46207B012802D10020BDE8FC9F207C04
:10A7700000F01F05042D03D0052D01D0062D0AD1B0
:10A78000207B20B96068806860610120EDE70020CF
:10A7900060610120E9E7072D05D0082D03D0092DC0
:10A7A00001D00A2D5AD12846FFF7CCFD8146012061
:10A7B00000FA09F7206A60B9042001F0B7FB2062B3
:10A7C000206A18B9206A08B900BFFEE70021206A94
:10A7D0000160266A780001F0A9FB3060207B012827
:10A7E00001D10020C1E762689168002210462EE086
:10A7F00001EB800A9AF8022001EB800A9AF80130F6
:10A8000011F820C04FEADC0BBDF800A06BF3040A7E
:10A81000CDF800A04FEA930BBDF800A06BF34A1AE5
:10A82000CDF800A04FEAD20BBDF800A06BF3CF2A01
:10A83000CDF800A0BDF800B0DA46CDF804A032682B
:10A8400002EB4002BDF804301380421C1046B842AF
:10A85000CED300BF00206061012086E70B2D05D01C
:10A860000C2D03D00D2D01D00E2D03D100206061E1
:10A8700001207AE721464046FFF78AFD002074E771
:10A880002DE9F84F82460C4616461F46DDE90A853B
:10A890004FF00009207C00F01F00042809D0207C24
:10A8A00000F01F00052804D0207C00F01F000628BF
:10A8B0000BD1207B012845D143463A4631462046FC
:10A8C0000095FFF745FF81463CE0207C00F01F002B
:10A8D0000B280ED0207C00F01F000C2809D0207C13
:10A8E00000F01F000D2804D0207C00F01F000E286F
:10A8F00008D143463A46314620460095FFF796FD7B
:10A9000081461FE0207C00F01F0007280ED0207C2D
:10A9100000F01F00082809D0207C00F01F00092843
:10A9200004D0207C00F01F000A2808D143463A4694
:10A93000314620460095FFF75BFE814602E000208D
:10A94000BDE8F88F4846FBE710B50446206830B1F3
:10A950002068C06818B120682146C268904710BDC1
:10A9600010B5084801F0E0F904460CB900BFFEE755
:10A970000CB9002010BD002020606060A060E06085
:10A980002046F7E7D005002010B510210E4801F051
:10A99000C0F9FFF7E5FF04461CB90CB900BFFEE79C
:10A9A00010BD0A49204600F01BF80949204600F076
:10A9B00019F80849204600F017F80749204600F02A
:10A9C0000DF800BFECE70000D0050020B1A300089F
:10A9D0005BA7000881A8000891A30008C160704728
:10A9E00001607047416070478160704701460320F5
:10A9F00001B970470A461378202B04DB13787F2BAC
:10AA000001DC012005E01378802B01DB022000E04F
:10AA1000002000BFEDE710B504461C212046F5F7E5
:10AA2000BCFB002020700A202075142060754FF4B4
:10AA3000C870E0826420208310BD000070B5054618
:10AA4000E86810B9FBF72CFDE860E86808B9002059
:10AA500070BD134801F068F9044624B90CB900BF71
:10AA6000FEE70020F4E75C212046F5F796FB1C2268
:10AA700029462046F5F778FB94F84C0020F00200B8
:10AA8000801C84F84C00002020656065A06523468A
:10AA900003221E21034803F0E9F820612046D7E78E
:10AAA0009405002039AB0008014800687047000099
:10AAB0007000002010B504461CB9044801F00AF9E2
:10AAC00010BD2146014801F00AF9F9E7940500207C
:10AAD0000278012A07D00278032A04D04FF0FF320F
:10AAE0000A804A8003E0028C0A80428C4A807047C8
:10AAF00010B5002000F0A2F810BD70B504460D4658
:10AB00000026002028606860A860E860207801289E
:10AB100004D1208C2880608C688004E02078022892
:10AB200001D1606A6860606820B129462046626889
:10AB300090470646304670BD7FB504463D49E06803
:10AB4000086008460068C06800B97FBD39480068E1
:10AB5000FAF754FC3748006890F84C00C0F38000C6
:10AB600000B1F2E700BF694632480068FFF7C5FF51
:10AB7000054630480068FAF741FC00202E4908607D
:10AB80009DF80E002B49096808772A480068007F65
:10AB9000012807D103F036FA26490968C968C1F8C7
:10ABA00060010EE0234800680078042809D1BDF850
:10ABB0000C0030B103F026FA1E490968C968C1F8D3
:10ABC00060011C4800680078012805D169461948D1
:10ABD0000068FAF7F5F81FE01648006800780228C8
:10ABE00005D1694613480068F9F76CFF14E0114875
:10ABF00000680078042805D169460E480068F9F716
:10AC0000A3FD09E00B4800680078032804D16946D9
:10AC100008480068F9F788FB06480068FAF7EEFB79
:10AC2000002DA0D10020034908600349086000BF3F
:10AC30008BE70000700000207400002070B504460F
:10AC40003CB194F84C0020F00200801C84F84C00C9
:10AC500012E00020FFF72EFF05460AE095F84C00B1
:10AC600020F00200801C85F84C002846FFF722FFE8
:10AC70000546002DF2D100BF70BD000010B512488E
:10AC8000007800B110BD01F0C1F902F0E3FFFAF75E
:10AC900091FCFFF749FA02F031FD02F0CEFB4FF4D0
:10ACA000B2710A4801F035F85C21094801F031F829
:10ACB000FFF71EFFFFF768FE0120FFF701FB0120F1
:10ACC0000149087000BFDDE77800002088050020FA
:10ACD000940500202DE9FF4104460F4614B9FBF707
:10ACE000DFFB04460CB9BDE8FF811FB90020C4F8A2
:10ACF0005C01F8E70020ADF80800ADF80A00204636
:10AD0000FBF7D4FB401E00B2ADF80C002046FBF769
:10AD100008FC401E00B2ADF80E0002AA3946684693
:10AD2000FAF745FD0646EEB3206918B1694620469C
:10AD30002269904700250AE004F13C0000EBC501C0
:10AD40006846FAF775FD00B1CDE7681C85B2B4F826
:10AD50005C01C0F30900A842EEDCB4F85C01C0F36A
:10AD6000090020280BDAB4F85C11C1F3090204F1E0
:10AD70003C0101EBC2006946FAF7C1FC0DE000207E
:10AD8000C4F85C01B4F85C11C1F3090204F13C01A0
:10AD900001EBC20002A9FAF7B2FCB4F85C01C0F3FF
:10ADA000090000E003E0401CC4F85C0100BF00BFE4
:10ADB00099E700002DE9F04780460F4639464046A6
:10ADC00001F0CEFC06460EB900BFFEE716B9002022
:10ADD000BDE8F0876748006820B9304601F03EFFC3
:10ADE000644908601421304601F0AFFC304601F0A0
:10ADF000FDFE04460CB900BFFEE70CB90020E7E7F2
:10AE000000202060207C20F008002074207C20F0AE
:10AE100040002074607C20F001006074207C20F0F1
:10AE2000300020744FF6FF702081207C20F0070056
:10AE300020741920E081002060810021A1816060E0
:10AE4000607C20F0020060744B49304602F048F804
:10AE50004A49304602F0A6F897B90021304602F080
:10AE600036F80021304600F079FD45A1304600F06B
:10AE700008FE00252946304602F0E5F800BF76E0DE
:10AE8000384601F0B3FE0546384600F0AFFA814679
:10AE90004946304600F062FD384600F0B1FA81467E
:10AEA0004946304600F0BAFD384600F0BDF981460B
:10AEB0004946304600F008FD384600F0ABF98146BF
:10AEC0004946304600F0EAFC287CC0F3C00040B997
:10AED000384600F09FFA81464946304600F0D1FDE1
:10AEE00007E0384600F096FA81464946304600F0C1
:10AEF000ABFD287C00F00700022819D1286801F07A
:10AF000075F881464946206801F094F82060206871
:10AF100008B900BFFEE7206808B9002058E7286894
:10AF200001F064F8814629684A462068F5F71CF963
:10AF3000687CC0F3400060B1686850B16868F5F79C
:10AF400037F981461FFA89F23046616800F0D5FC76
:10AF500001E068686060687C4108607C61F34100E2
:10AF6000607428892081304601F09CFF00BF304684
:10AF70002EE700009001002089AF00081DBB0008EB
:10AF800054657874000000002DE9F74F8CB08046BE
:10AF90001746022F03D100200FB0BDE8F08F002F1D
:10AFA0007ED1404601F05EFE0546404601F032FE8D
:10AFB00009900AA9404601F0C7FD404601F019FE7C
:10AFC00008900898FFF7A4F8404505D12A460AA83A
:10AFD000099B0D99FCF7F7F8404601F007FE04467F
:10AFE000607C00F0010050B306A9404601F0ACFDC2
:10AFF000BDF81810688B081A00B2ADF81800BDF83B
:10B000001C10A88B084400B2ADF81C00BDF81A1043
:10B01000E88A081A00B2ADF81A00BDF81E10288B95
:10B02000084400B2ADF81E00404601F0F3FD824630
:10B0300053462A4606A80D99FCF7C5F800BF00261E
:10B04000207CC0F3801008B146F00106207CC009C6
:10B0500008B146F00206207CC0F30110012801D19E
:10B0600046F00406207CC0F30110022801D146F00E
:10B070000806207C00F00700032804D0207C00F0A4
:10B080000700042824D1207CC0F30110012804D03B
:10B09000207CC0F3011002281AD147F6184100E0C5
:10B0A000A0E0B5F92A008DE84300B5F928306A6AB6
:10B0B00007A8216803F054F8404601F00BFEBDF9E3
:10B0C0001C10884203DA26F0080626F0040600BFAA
:10B0D0004FF00009404600F0A5F98246404600F0D6
:10B0E000A5F9834604F10A00CDE903BACDF814901E
:10B0F00002902068CDE900062A460AA8099B0D990E
:10B10000FBF7CEFB207C00F00700042869D147F64E
:10B110001841B5F92A008DE84300B5F928306A6A6C
:10B1200007A8216803F01CF8404601F0D3FDBDF9E3
:10B130001C10884228DA20221146686AFEF711FFA7
:10B1400000EB40006189BDF81C201144084400B2A6
:10B15000ADF81800A089ADF81A00404600F062F979
:10B160008246404600F062F98346002006A9CDE9F8
:10B1700003BA029105902068CDE900062A460AA884
:10B18000099B0D99FBF78CFB404601F035FDBDF99D
:10B190001E10884224DA6089ADF81800686AFEF74C
:10B1A000F6FEA189BDF81E201144084400B2ADF896
:10B1B0001A00404600F036F98246404600F036F963
:10B1C0008346002006A9CDE903BA029105902068C4
:10B1D000CDE900062A460AA8099B0D99FBF760FBFA
:10B1E00000BF00BF0120D7E670B50546284601F034
:10B1F000FDFC0446607CC0F3400020B1606810B1E3
:10B20000606800F0B9FE607C20F0020060740020ED
:10B21000606070BD70B50446204601F0E7FC05464D
:10B22000287CC0F3011070BD70B50446204601F0C3
:10B23000DDFC0546687C00F0010070BD70B5054678
:10B24000284601F0D3FC0446607CC0F3400008B1FE
:10B25000606870BD201DFCE72DE9F34F8DB08B4673
:10B260000D9800F0D7F804460D9801F0BFFC074692
:10B270004FF0000800250D9801F02CFD0C900D9862
:10B2800001F0F0FC8146D9F824000B900B98FEF7F2
:10B290007EFE0A90002009900026387CC0F38010C2
:10B2A00008B146F00106387CC00908B146F0020634
:10B2B000387CC0F30110012801D146F00406387C27
:10B2C00000F0070010B947F618400C901AE00096FD
:10B2D000B9F9282004EB0800DDE90B1302F0B0FEF9
:10B2E0000544BBF90220DDE909010844824200DC83
:10B2F0000CE0B9F82A100A9801440998084400B2F1
:10B300000990A84614F808000028E0D100BF4FF0CB
:10B31000000A387CC0F3011001281CD10096B9F94D
:10B320002830A5EB080291B204EB08000B9A02F05A
:10B330007DFF03900D9801F0CDFC019000EBD070E3
:10B3400041100398029000EBD070A1EB60005044D4
:10B350000FFA80FA00BF00200890CDF81C800798F3
:10B360000690ADB330E007A920461E4A1268904708
:10B3700005900799601800211A4A126890470490B6
:10B3800006F0010030B10798215C08A802F096FF92
:10B3900000B119E0DDE904210B98FEF7E2FD50440D
:10B3A0000FFA80FABBF90000504502DB0798A8426B
:10B3B00002D1069807900AE0B9F8280050440FFA25
:10B3C00080FA0798069000BF0798A842CBD300BF29
:10B3D0002046054A07991268904780B20FB0BDE831
:10B3E000F08F0000280100203401002070B50446D1
:10B3F000204601F0FBFB0546287C00F0070070BDED
:10B4000070B50446204601F0F1FB0546287CC0F3E8
:10B41000801070BD70B50446204601F0E7FB05467C
:10B42000286870BD01464FF6FF70704701464FF621
:10B43000FF7070472DE9F04F8BB08046404601F019
:10B44000D5FB0446206810B90BB0BDE8F08F40462C
:10B4500001F040FC0A90404601F004FC0546D5F896
:10B460002490207C00F0070010B947F618400A909D
:10B470000027207CC0F3801008B147F00107207C32
:10B48000C00908B147F00207B5F92A100A98CDE9BA
:10B4900001070091B5F928304A4609A8216802F051
:10B4A0005FFE207C00F0070038B9BDF92620BDF909
:10B4B0002410404601F078FDA0E1207C00F0070058
:10B4C00003287AD1CDF800809DF8200020F00200FA
:10B4D000801C8DF820009DF8200020F00100401C09
:10B4E0008DF82000002004900390C748029020228D
:10B4F0001146686AFEF735FDB5F9281008444FF487
:10B500007A714843E18990FBF1F000EB400080B292
:10B51000ADF81C00BDF81C00ADF81E00BDF81C0005
:10B52000404200B2ADF81A000026404601F0D2FBBE
:10B53000BDF92410884216DA404601F0CBFBBDF974
:10B540002410401A0590B1480190059B1AB2049B43
:10B5500019B2E089FAF7B6F8ADF818006846FAF7BC
:10B560003FF8012605E0A9494046FAF765F80020B2
:10B570006081404601F040FBBDF9261088421DDA8B
:10B58000E6B9404601F038FBBDF92610A0EB010AF0
:10B590004846FEF7FCFCAAEB000005909C48019091
:10B5A000059B1AB2049B19B2E089FAF78BF8ADF843
:10B5B00018006846FAF714F806E006E09449404699
:10B5C000FAF73AF80021A18118E1207C00F0070089
:10B5D00004287ED1CDF800809DF8200020F00200E4
:10B5E000801C8DF820009DF8200020F001008DF8CF
:10B5F00020000020049020221146686AFEF7B1FC6A
:10B60000B5F9281008444FF47A714843E18990FB5A
:10B61000F1F0404200EB400000B2ADF81A0000200B
:10B620000390794802900020ADF81C00ADF81E0090
:10B630000026404601F04EFBBDF9241088421BDA7B
:10B64000202211464846FEF78CFC00EB4000BDF975
:10B6500024104942081A05906C480190059B1AB2C3
:10B66000049B19B2E089FAF72DF8ADF81800684686
:10B67000F9F7B6FF012605E064494046F9F7DCFF1B
:10B6800000206081404601F0B7FABDF926108842DB
:10B6900018DABEB94846FEF77AFCBDF926104942D1
:10B6A000081A05905A480190059B1AB2049B19B2DA
:10B6B000E089FAF707F8ADF818006846F9F790FF47
:10B6C00006E006E052494046F9F7B6FF0021A181A5
:10B6D00094E0207C00F00700022871D1404601F080
:10B6E0008BFABDF92610884203DB4FF6FF702081EC
:10B6F00084E04849206809688847032803D84FF642
:10B70000FF7020817AE0404601F0E4FA83462E2261
:10B710001146686AFEF725FC298D084400EB4000BD
:10B72000ABEB000000B2ADF82000404601F064FA37
:10B73000ADF82200686AFEF72AFCB5F92A10014428
:10B74000BDF9220090FBF1F201FB1200BDF82210BE
:10B75000081A00B2ADF82200BDF82210688D081A50
:10B7600000B2ADF8220008A94046FFF775FD07902A
:10B770002068294A0799126890470690DDF818A0BA
:10B780000020059000260FE02168069A88182349BA
:10B790000968884705990844C0B2059006A9204A5F
:10B7A000206812689047761C032EEDD9206800EBC4
:10B7B0000A014046059A00F0A0F890B1002606E084
:10B7C00010E02E200AEB060221688854761C032E16
:10B7D000F7D300210AF10300226811540798C01C16
:10B7E00020810BE0207C00F00700012805D1BDF985
:10B7F0002610404601F078FB00E000BF404601F013
:10B8000089FA00BF20E6000091560008EDB9000853
:10B8100005BA000838010020300100201C0100207A
:10B82000280100202DE9F0478146484601F0DEF965
:10B830000446207C00F00700022801D0BDE8F08714
:10B8400020894FF6FF71884200D1F7E72089A0F1E7
:10B8500003084146104A20681268904706460025B2
:10B860004846FFF7EBFC074605E0785D7219216852
:10B870008854681CC5B271192068405C0028F4D156
:10B88000785D7219216888544846FFF7ADFC4FF681
:10B89000FF70208100BFD1E73001002070B506465F
:10B8A0000C46304601F0A2F90546287CC0F3011091
:10B8B000A04200D170BD287C64F305102874304686
:10B8C00001F028FA00BFF5E770B506460C46304691
:10B8D00001F08CF90546687C00F00100A04200D11F
:10B8E00070BD687C64F300006874304601F0CDFAE6
:10B8F000304601F00FFA00BFF2E72DE9F0410646AD
:10B900000F461546304601F071F904463046FFF700
:10B910006BFC042D16D9681C00F008FB60606068A1
:10B9200010B90020BDE8F0812A4639466068F4F776
:10B930001BFC002061684855607C20F00200801CE0
:10B94000607408E0607C20F0020060742A4639468A
:10B95000201DF4F709FC0120E4E7000070B506465D
:10B960000D46304601F042F904461C493046F9F7CD
:10B9700063FE1B493046F9F75FFE1A493046F9F776
:10B980005BFE19493046F9F757FE0020608100211F
:10B99000A181032D03D0042D01D0052D05D1207CDC
:10B9A00020F080008030207403E0207C20F08000B4
:10B9B0002074207C00F00700022807D120894FF670
:10B9C000FF71884202D03046FFF72CFF207C65F3E0
:10B9D000020020743046FFF72DFD70BD5DD00008D9
:10B9E00077D00008EDB9000805BA000870B5054623
:10B9F0000C46284601F0FAF806467481284601F004
:10BA000089F970BD70B505460C46284601F0EEF880
:10BA10000646B481284601F07DF970BD70B5064632
:10BA20000C46304601F0E2F80546287CC0F3801051
:10BA3000A04200D170BD287C64F386102874304683
:10BA4000FFF7F8FC00BFF5E770B506460D46304637
:10BA500001F0CCF80446207CC0F3C00030B9206867
:10BA600020B1206800F088FA002020602DB1207CF1
:10BA700020F008000830207425603046FFF7DAFC1B
:10BA800070BD2DE9F04106460D46304601F042F901
:10BA9000304601F0ABF8044625B93046FFF7CAFC42
:10BAA000BDE8F0812068A8420FD12068F4F780FB40
:10BAB000471C3946206800F0BDFA2060206808B9AC
:10BAC00000BFFEE7206818BBEAE72846F4F770FBE2
:10BAD000471C206840B1207CC0F3C00020B920681A
:10BAE00000F04AFA00202060384600F01FFA20607B
:10BAF000206808B900BFFEE7206800B9D0E72946F2
:10BB00002068F4F75CFB207C20F00800207400BF64
:10BB10003046FFF78FFC00BFC2E700002DE9F04779
:10BB200004460E469046424631462046494B1B6825
:10BB300098478146B9F1010F02D04846BDE8F08729
:10BB4000204601F053F8074666B9387CC0F3C000C0
:10BB500020B9386800F010FA002038602046FFF75E
:10BB600043FB74E0042E06D12046FFF75BFE20461F
:10BB7000FFF760FC6BE0022E1AD104F11000F9F718
:10BB80000FFE05464046F9F70BFE854209D104F148
:10BB90001000F9F7D1FD05464046F9F7CDFD854285
:10BBA00055D02046FFF73EFE2046FFF743FC4EE00F
:10BBB000052E3AD1787C00F00100002847D000BF64
:10BBC000204601F04FF80546B4F93410B5F91A00D3
:10BBD000814202DDB4F9340001E0B5F91A00A08613
:10BBE000B4F93410B5F91C00814202DDB4F9340017
:10BBF00001E0B5F91C00A086B4F93410B5F91600BF
:10BC0000814202DDB4F9340001E0B5F91600A086E6
:10BC1000B4F93410B5F91800814202DDB4F93400EA
:10BC200001E0B5F91800A08611E0062E0FD14146BB
:10BC3000002005E051F8202002B903E0421CD0B2F8
:10BC40000728F7DB00BF04A241F8202000BF4846C8
:10BC500074E70000900100206C765F6C6162656C97
:10BC6000000000002DE9F04107460C4615461E462F
:10BC70002946384600F015F9AEB100222946204683
:10BC800002F08CFD29462046626802F06FFD606874
:10BC900020B12A462046616802F080FD6560A068F8
:10BCA000B0B9A56014E029462046A26802F076FDEE
:10BCB00000222946204602F059FDA06820B12A46FC
:10BCC0002046A16802F052FDA560606800B9656079
:10BCD000BDE8F0810146002001B14868704710B509
:10BCE000024600202AB10B461468241D1C4420681B
:10BCF00000BF10BD10B50246002022B10B461468EB
:10BD00001C44206800BF10BD0146002001B18868B6
:10BD1000704700224260826001F0030212B121F0FC
:10BD20000301091D0160704770B50446216801F1E7
:10BD3000080000F0FBF80546A5B100222946204680
:10BD400002F02CFD29462046626802F00FFD606873
:10BD500020B12A462046616802F020FD6560A06897
:10BD600000B9A560284670BD2DE9F04106460D4694
:10BD700006B115B90020BDE8F0813046FFF7AAFFF3
:10BD8000A84206D13046FFF7CFFF04461CBB002077
:10BD9000F1E7316801F1080000F0C8F804460CB979
:10BDA0000020E8E729463046FFF7A4FF0746224671
:10BDB0003946304602F0DAFC3A462146304602F077
:10BDC000EDFC22462946304602F0E8FC2A46214690
:10BDD000304602F0CBFC2046CDE770B50446216822
:10BDE00001F1080000F0A2F805460DB9002070BD71
:10BDF000A5B100222946204602F0B8FC294620467B
:10BE0000A26802F0CBFCA06820B12A462046A168B7
:10BE100002F0ACFCA560606800B965602846E6E702
:10BE2000014609B901207047486818B9886808B9FF
:10BE30000120F8E70020F6E72DE9F04107460D461E
:10BE40001646B54201D1BDE8F0812EB131463846E3
:10BE5000FFF750FF044603E03846FFF755FF04465E
:10BE6000A54200D1EFE72946384600F01AF82A46E5
:10BE70002146384602F07AFC22462946384602F02E
:10BE80008DFC2A463146384602F088FC3246294667
:10BE9000384602F06BFC06B9BD6004B97D6000BF96
:10BEA000D1E72DE9F04104460D462046FFF712FF89
:10BEB000A8420FD129462046FFF711FF6060606855
:10BEC00010B90020A0602FE000222046616802F037
:10BED00065FC29E02046FFF717FFA8420FD129464D
:10BEE0002046FFF707FFA060A06810B9002060603F
:10BEF0001AE000222046A16802F038FC14E029462E
:10BF00002046FFF7F7FE064629462046FFF7E7FEE4
:10BF100007463A463146204602F028FC324639466A
:10BF2000204602F03BFC00BFBDE8F08170B504463E
:10BF30000CB9104870BD04F0030010B124F00304E4
:10BF4000241D0025002600BF3046F7F7F7FE064601
:10BF500026B121463046F7F7D9FE05460EB1002D31
:10BF6000F2D025B1AA2221462846F4F70FF9284637
:10BF7000E0E70000040100202DE9F04106461A48E0
:10BF8000864201D1BDE8F08106B9FBE7304600F0FA
:10BF90002DF80746BB2239463046F4F7F7F8341F30
:10BFA000206820F0010020602046F7F7C7FE054614
:10BFB00014E0287800F0010058B90421286801EB4A
:10BFC0005000216800EB5101206861F35F002060A0
:10BFD00000E005E02846F7F7B1FE0546002DE8D160
:10BFE00000BF00BFCEE7000004010020014609B9F0
:10BFF000002070470448814201D10020F9E70A1F60
:10C0000010684008F5E70000040100200749084ACD
:10C01000116011460868016821F00101016043F6D2
:10C02000FC72016862F35F0101607047DC0500206B
:10C03000000100202DE9F04104460E4634B1201FD6
:10C04000017801F0010101B9002400BF2046FFF78B
:10C05000CDFF0546B54202D12046BDE8F081AE4293
:10C0600008D2A4F1040831464046F7F77FFE08F1F4
:10C070000400F2E73046FFF759FF074677B16CB18D
:10C0800065B1AE4201D2304600E028460246214664
:10C090003846F4F769F82046FFF76EFF3846DCE7CC
:10C0A0002DE9F04F87B004460D4616461F46DDF8D1
:10C0B00040B0204600F016FE8046204600F01EFEEE
:10C0C00081461DB9204600F0B9FD0546152E2ED239
:10C0D000DFE806F00B2E324653607C91A5C1CAE220
:10C0E000FCFAF9F8F7F6F5F4F300284600F0F2FD53
:10C0F000019000EBD0704310204600F0EBFD029061
:10C1000000EBD070A3EB60000FFA80F8284600F037
:10C1100073FD019000EBD0704310204600F06CFDE1
:10C12000029000EBD070A3EB60000FFA80F957E1AA
:10C130004FF00008C14653E1284600F0CBFD0190C6
:10C1400000EBD0704310204600F0C4FD029000EBDD
:10C15000D070A3EB60000FFA80F84FF000093FE1C8
:10C16000284600F0B7FD0346204600F0B3FD181A3C
:10C170000FFA80F84FF0000932E14FF0000828462E
:10C1800000F03AFD0346204600F036FD181A0FFA7B
:10C1900080F925E1284600F09DFD019000EBD0706C
:10C1A0004310204600F096FD029000EBD070A3EB08
:10C1B00060000FFA80F8284600F01EFD0346204676
:10C1C00000F01AFD181A0FFA80F909E1284600F06C
:10C1D00081FD0346204600F07DFD181A0FFA80F815
:10C1E000284600F009FD0346204600F005FD181A18
:10C1F0000FFA80F9F4E04FF00008284600F0FCFC4C
:10C20000019000EBD0704310204600F0F5FC029046
:10C2100000EBD070A3EB60000FFA80F9E0E0284655
:10C2200000F058FD0346204600F054FD181A0FFA9E
:10C2300080F8284600F0E0FC019000EBD07043103D
:10C24000204600F0D9FC029000EBD070A3EB600018
:10C250000FFA80F9C4E04FF00008204600F0CCFC53
:10C2600040420FFA80F9BBE0284600F033FD019010
:10C2700000EBD0704310204600F02CFD029000EB44
:10C28000D070A3EB60000FFA80F8204600F0B4FCF9
:10C2900040420FFA80F9A3E0284600F01BFD034658
:10C2A000204600F017FD181A0FFA80F8204600F01B
:10C2B000A3FC40420FFA80F992E082E06BE063E079
:10C2C00051E038E02EE01EE007E0FFE74FF0000805
:10C2D000284600F091FC814682E0284600F0FAFCF6
:10C2E000019000EBD0704310204600F0F3FC029068
:10C2F00000EBD070A3EB60000FFA80F8284600F046
:10C300007BFC81466CE0284600F0E4FC03462046B6
:10C3100000F0E0FC181A0FFA80F8284600F06CFCD8
:10C3200081465DE0204600F0D5FC40420FFA80F8DF
:10C330004FF0000954E0204600F0CCFC40420FFAD8
:10C3400080F8284600F058FC019000EBD0704310B4
:10C35000204600F051FC029000EBD070A3EB60008F
:10C360000FFA80F93CE0204600F0B4FC40420FFA9E
:10C3700080F8284600F040FC0346204600F03CFCD4
:10C38000181A0FFA80F92BE0284600F0A3FC80462B
:10C390004FF0000924E0284600F09CFC8046284627
:10C3A00000F02AFC019000EBD0704310204600F012
:10C3B00023FC029000EBD070A3EB60000FFA80F931
:10C3C0000EE0284600F086FC8046284600F014FC6B
:10C3D0000346204600F010FC181A0FFA80F900BF3F
:10C3E00000BF204600F02AFC8246B5F910000690F6
:10C3F000B5F912000590BAF910000490BAF91200CC
:10C4000003900698384440440FFA80F80598584441
:10C4100048440FFA80F90498A8EB00000FFA80F85E
:10C420000398A9EB00000FFA80F94A4641462046DE
:10C4300000F067FD40200655A787A4F83EB0A5632D
:10C440004120005D20F002014120015507B0BDE808
:10C45000F08F2DE9F04F85B006460F46904699467D
:10C46000304600F03FFC8246304600F047FC8346F1
:10C47000304600F02FFC034600EBD37044103046EA
:10C4800000F0BAFB034600EBD37045101FB93046ED
:10C4900000F0D4FB0746B8F1150F20D2DFE808F012
:10C4A0000B2027353F495A6775868D9BA5AFC0CDB8
:10C4B000D4E2EFF9EC00384600F00CFC034600EB48
:10C4C000D370C4EB60000FFA80FA384600F094FB9A
:10C4D000034600EBD370C5EB60000FFA80FBF6E07B
:10C4E00060420FFA80FA68420FFA80FBEFE03846AC
:10C4F00000F0F0FB034600EBD370C4EB60000FFAD2
:10C5000080FA68420FFA80FBE1E0384600F0E2FB77
:10C51000001B0FFA80FA68420FFA80FBD7E06042F6
:10C520000FFA80FA384600F067FB401B0FFA80FBD9
:10C53000CDE0384600F0CEFB034600EBD370C4EBF1
:10C5400060000FFA80FA384600F056FB401B0FFAE5
:10C5500080FBBCE0384600F0BDFB001B0FFA80FA00
:10C56000384600F049FB401B0FFA80FBAFE0604209
:10C570000FFA80FA384600F03FFB034600EBD37019
:10C58000C5EB60000FFA80FBA1E0384600F0A2FB8B
:10C59000001B0FFA80FA384600F02EFB034600EB32
:10C5A000D370C5EB60000FFA80FB90E060420FFA99
:10C5B00080FA68420FFA80FB89E0384600F08AFB77
:10C5C000034600EBD370C4EB60000FFA80FA6842B8
:10C5D0000FFA80FB7BE0384600F07CFB001B0FFA73
:10C5E00080FA68420FFA80FB71E060420FFA80FA2D
:10C5F000384600F001FB401B0FFA80FB67E038462D
:10C6000000F068FB034600EBD370C4EB60000FFA48
:10C6100080FA384600F0F0FA401B0FFA80FB56E033
:10C62000384600F057FB001B0FFA80FA384600F03E
:10C63000E3FA401B0FFA80FB49E060420FFA80FAF0
:10C6400068420FFA80FB42E060420FFA80FA3846F7
:10C6500000F0D2FA034600EBD370C5EB60000FFA8E
:10C6600080FB34E060420FFA80FA384600F0C4FAEA
:10C67000401B0FFA80FB2AE01CE00AE0FFE7384687
:10C6800000F028FB001B0FFA80FA68420FFA80FBCB
:10C690001DE0384600F01EFB001B0FFA80FA3846FA
:10C6A00000F0AAFA034600EBD370C5EB60000FFA66
:10C6B00080FB0CE0384600F00DFB001B0FFA80FAFF
:10C6C000384600F099FA401B0FFA80FB00BF00BF0C
:10C6D000304600F0B3FA0490B7F910000390B7F9B0
:10C6E000120002900498B0F9100001900498B0F97B
:10C6F000120000900398484450440FFA80FA0E99B3
:10C700000298084458440FFA80FB0198AAEB0000F5
:10C710000FFA80FA0098ABEB00000FFA80FB5A4644
:10C720005146304600F0EDFB86F84080A6F83C907C
:10C730000E98F087B7634120805D20F00200801CD6
:10C740004121885505B0BDE8F08F70B504460D460F
:10C750002946606AFFF76EFC6062606A70BD000087
:10C760002DE9F04106460D460024002E79D1F9F757
:10C7700097FE8046B8F1000F02D10020BDE8F0819D
:10C7800008F12400FFF7D0FA04460CB900BFFEE719
:10C790000CB90020F2E7002020604421201DFFF7A3
:10C7A000B8FA0020208200216182F9F77FFE401E46
:10C7B00001B2A1820020F9F7B4FE401E01B2E1826D
:10C7C0000020A086002140200155A187E18700209C
:10C7D000A0634120005D20F001014120015501F0DE
:10C7E000F7FB074617B13868A06201E09548A062E0
:10C7F0009549204600F0D6FB9449204600F070FB96
:10C80000002044F8180F6061207E20F0010020769F
:10C81000207E20F002002076207E20F0040020768A
:10C82000207E20F008002076207E20F01000207668
:10C83000207E20F0200020760020A076207E20F0B0
:10C8400040002076FF20E076207E20F080002076D9
:10C85000607E20F0FC0060760020E060183C6DE017
:10C86000FFE7301DFFF760FA04460CB900BFFEE792
:10C870000CB9002082E726604421201DFFF749FA09
:10C88000308A2082718A6182308A3C3001B2A18272
:10C89000708A283001B2E1820020A0860021402069
:10C8A0000155A187E1870020A0634120005D20F0B1
:10C8B00001014120015501F08BFB074617B1B86813
:10C8C000A06201E06248A0625F49204600F06AFB76
:10C8D0005E49204600F004FB002044F8180F606118
:10C8E000207E20F00100401C2076207E20F00200F7
:10C8F0002076607E20F00300C01C6076207E20F051
:10C9000004002076207E20F008002076207E20F093
:10C9100010002076207E20F0200020760020A076D7
:10C92000FF20E076207E20F040002076207E20F060
:10C93000800020760020E060183C00BF002D76D0FB
:10C9400005F1100104F11000F8F7D4FEA88EA086BE
:10C950004020415D0155A98FA187E98FE187A86B30
:10C96000A0634120405D4121095D60F30001412049
:10C97000015555F8180F44F8180F287E217E60F3F2
:10C9800000012176287E4108207E61F34100207657
:10C99000687E617E60F301016176287E8108207ED9
:10C9A00061F382002076287EC108207E61F3C300F7
:10C9B0002076287E0109207E61F304102076287EEF
:10C9C0004109207E61F345102076287EC109207E32
:10C9D00061F3C7102076287E8109207E61F38610DE
:10C9E0002076A87EA076E87EE07628692061183C53
:10C9F0006869183D18B12146E86AFDF7CBFA284668
:10CA000000F01CF970B16EB1284600F077F90746C6
:10CA1000284600F067F980463A464146204600F035
:10CA200070FA04E000221146204600F06AFA3EB196
:10CA3000224601213046F3699847204600F06AF902
:10CA400020469BE67002002091D0000855CA0008DD
:10CA50009C0300202DE9FC41064688461746022F1C
:10CA600048D106F110014046F8F7E2FE10B9002067
:10CA7000BDE8FC81304600F0F5F80546287AFB2831
:10CA800001DA0020F4E7B5F9064047F61840844281
:10CA900001D10020ECE76946304600F055F8BDF8BA
:10CAA0000000204400B2ADF80000BDF80400001BF7
:10CAB00000B2ADF8040069464046F8F7B9FE08B97F
:10CAC0000020D5E76946304600F03EF8BDF8020088
:10CAD000204400B2ADF80200BDF80600001B00B211
:10CAE000ADF8060069464046F8F7A2FE08B90020F6
:10CAF000BEE710E07FB9304600F0B4F80446304697
:10CB000000F088F805462B462246414606F1100003
:10CB1000FAF759FB00BF0120AAE770B504460D469D
:10CB2000002625B9201DFFF7D5F8064604E0294662
:10CB3000201DFFF7D4F80646304670BD014691F837
:10CB4000300000F00100704770B505460C4605F155
:10CB500010012046F8F7CEFD70BD0146086A704707
:10CB60002DE9F0410646306808B9354603E0304605
:10CB700000F067F805461048FFF7ACF8044617E0E8
:10CB800004F12400FFF7A6F807460AE0AF4202D1FD
:10CB90002046BDE8F081394604F12400FFF79FF8F4
:10CBA0000746002FF2D121460348FFF798F80446C4
:10CBB000002CE5D10020ECE788050020014691F823
:10CBC0003000C0F340007047014691F8310000F09A
:10CBD00003007047014691F83000C0F3C000704771
:10CBE000014691F83000C0F3800070470146486A62
:10CBF00070470146C86A7047014600BFC88A4A8A22
:10CC0000801A401C00B27047014691F83000C0F312
:10CC10000010704700B503461A460BE092F830004A
:10CC2000C0F3801010B192F8330000BD104600F040
:10CC300005F80246002AF1D1FF20F6E70146086810
:10CC4000704710B50246134600BF1C462046FFF74A
:10CC5000F5FF0346002BF8D1204610BD0146C869F8
:10CC6000704700002DE9F0410546AE6AFEB92C6818
:10CC700019E0A06AB0B1A06A007800F0010080B9A4
:10CC80002046FFF7B6FF07463846FDF741FAA042B7
:10CC900005D13846A16AFDF74FFA064600E0A66ABC
:10CCA00003E000BF2468002CE3D100BF00BFE86AA6
:10CCB00048B1E86AFDF72CFAA84204D13146E86A87
:10CCC000FDF73AFA064606B9014E3046BDE8F08156
:10CCD00060030020014600BF888A0A8A801A401C2F
:10CCE00000B2704710B502461046FFF7A7FF044692
:10CCF000108A218A401A03B2184610BD10B50246A8
:10CD00001046FFF79BFF0446518A608A081A03B257
:10CD1000184610BD2DE9FC4706463046FFF774FF64
:10CD200008B1BDE8FC873046FFF78BFF044620467C
:10CD3000FFF716FF81464846F9F7E8FBA04209D005
:10CD40004846F9F7D8FBA04204D04846F9F7C8FB9B
:10CD5000A04244D13046FFF771FF07464FF001086B
:10CD6000B6F9345006F110016846F8F7C3FCBDF877
:10CD70000000401B00B2ADF80000BDF80200401BEF
:10CD800000B2ADF80200BDF80400284400B2ADF8CE
:10CD90000400BDF80600284400B2ADF8060013E018
:10CDA00007F1100269466846F8F701FD8046B8F1C0
:10CDB000000F00D10AE03846FFF726FF00B1B0E7C8
:10CDC0003846FFF73BFF0746002FE9D100BFB8F117
:10CDD000000F03D069464846FDF77CFF00BF00BF47
:10CDE0009FE710B50446E06A30B1E06AFDF790F9BC
:10CDF000A04201D1012010BD0020FCE7024692F8BC
:10CE00003200084008B1012070470020FCE770B5EF
:10CE100005462846FFF712FF0446201DFEF75AFF7D
:10CE2000A84200D170BD2046FFF774FF01232A46B7
:10CE3000211D201DFEF716FF2A4601212046E36929
:10CE400098472046FFF766FF00BFEBE738B504467A
:10CE50004120005DC0F3400058B1B4F93E0000909D
:10CE6000B4F93C304020025D2046A16BFFF7F1FA97
:10CE70000AE0B4F93E000090B4F93C304020025D75
:10CE80002046A16BFFF70CF938BD10B50446002011
:10CE9000A086002205212046E36998472046FFF737
:10CEA00039FF10BD10B504462046FFF733FF0022BE
:10CEB00004212046E36998472046FFF72BFF10BD69
:10CEC0004122125C61F3000241231A547047CA43A5
:10CED000D24390F8303062F3000380F8303070476E
:10CEE000016270478161704770B505460C4628465F
:10CEF000FFF7F0FE064622463146284600F054F879
:10CF000070BDFEB504460E4617462568288A304493
:10CF100006B2688A384407B2208A301A00B2ADF8E7
:10CF20000800608A381A00B2ADF80A00BDF808009F
:10CF300018B9BDF80A0000B9FEBD2046FFF7EAFEA9
:10CF400069462046FFF700FE208ABDF80810084415
:10CF500000B22082608ABDF80A10084401B26182E2
:10CF6000A08ABDF80810084401B2A182E08ABDF889
:10CF70000A10084401B2E182BDF90A20BDF9081087
:10CF8000204601F037FC6A4602212046E3699847B3
:10CF9000224601212846EB6998472046FFF7BAFE52
:10CFA00000BFC9E7C16170472DE9FC4104460F4647
:10CFB00090462046FFF78EFEB84206D12046FFF786
:10CFC0001BFE404501D1BDE8FC812046FFF7A2FED3
:10CFD00069462046FFF7B8FD208A3844401E01B25A
:10CFE000A182608A4044401E01B2E1826A46022169
:10CFF0002046E36998472046FFF720FE064626B103
:10D00000224601213046F3699847201DFEF762FE53
:10D01000054609E0002203212846EB699847294686
:10D02000201DFEF75CFE0546002DF3D12046FFF7DC
:10D0300071FE4120005D00F0010010B12046FFF7B5
:10D0400005FF00BFBFE770B504460D46A562204648
:10D0500001F0F8FB2046FFF725FF70BD70B50446D0
:10D060000D462046FFF74AFE064632462946204630
:10D07000FFF747FF70BD70B505460C462846FFF721
:10D0800031FE0646224631462846FFF73AFF70BD7C
:10D090002DE9F04105460C4616464FF0010828469A
:10D0A000FFF7E0FD0746012C07D101212846FFF7D5
:10D0B000A5FEC8B14FF0000816E0052C08D1B7F95D
:10D0C0001200B5F9341088420EDD788AA8860BE08C
:10D0D000042C03D12846FFF7D8FE05E0062C03D127
:10D0E000304603A1016000BF4046BDE8F08100006A
:10D0F0006C765F6F626A000000B589B0F6F745FB99
:10D100004FF4FA5300220D490D48F9F718F901A818
:10D11000F9F726F90B48008800B2ADF80400094879
:10D12000408800B2ADF80600074804900448029019
:10D1300001A8F9F739F909B000BD000080600020AE
:10D1400064600020180000206537000800B587B033
:10D150006846FDF760FC01208DF80000034801904F
:10D160006846FDF76BFC07B000BD00001DEA000833
:10D170002DE9FE4F054653480068F9F7F1F9D0B1A3
:10D1800050480068F9F788F90446002020824D488D
:10D190000068F9F78BF9401E01B2A182002161827B
:10D1A00048480068F9F7BDF9401E01B2E1822846FF
:10D1B00000F08AF884E043480068F9F76DF9044606
:10D1C0002846F8F7D1FA02902846F8F7A7FA8246DF
:10D1D0003C480068F9F7A5F9B5F90610884206DC65
:10D1E00038480068F9F79DF9401E00B201E0B5F932
:10D1F00006000746E1680298B1FBF0F6564500DDEF
:10D20000564630480068006950B30020ADF8000071
:10D21000ADF80400ADF80200701E0FFA80F900BFEF
:10D22000ADF80690274800686946026925480068FD
:10D2300090476846F8F772FAB04200DC06E0A9F1C0
:10D2400001000FFA80F9B9F1000FE9D100BFB9F17F
:10D25000000F01D1BDE8FE8FBDF90600461C00BFDE
:10D260004FF0000BB5F9028018E028882082A988C9
:10D27000A182A4F8128008EB0600401E01B2E182F0
:10D28000B4F91600B84200DDE782B4F916B02846BA
:10D2900000F01AF808EB06000FFA80F808EB060019
:10D2A000401EB842E1DD5F4509D028882082A98868
:10D2B000A182A4F81280E782284600F005F800BF9A
:10D2C00000BFC7E7880000202DE9FC4104461E4846
:10D2D0000068F9F7E1F805461B480068F9F735F9E9
:10D2E00028B900BFA86900F001000028FAD105F1B3
:10D2F000100221466846F8F75AFA13480068F9F711
:10D3000005F907463946684600F058F8064669466A
:10D31000304600F081F90C480068F9F7ECF8074650
:10D32000694600F079F908480068F9F7D9F8074626
:10D33000694600F071F904480068F9F711F908B975
:10D3400000F0A0F9BDE8FC818800002010B50020A5
:10D350001549086000241DE01448006800F59E701F
:10D36000005DB0B9114909683C3101EBC400FFF719
:10D37000FFFE0E480068806958B10C4909683C31CD
:10D3800001EBC400F8F7DFF90749096808440649CA
:10D390000860641C05480068B0F85C01C0F309002F
:10D3A000A042D9D810BD00008400002088000020D1
:10D3B0000148006870470000880000202DE9F04116
:10D3C00006460C46002504F110013046F8F730FA05
:10D3D00000282FD094F83000C0F3001050BB201D5F
:10D3E000FEF778FC07460BE039463046FFF7E6FFCC
:10D3F000054605B106E03946201DFEF770FC0746DC
:10D40000002FF1D100BFA5B92046FFF72BFC8046C5
:10D4100098F80800FF280BD1022231462046236AE3
:10D42000984728B12046FFF7F5FBFF2800D1254695
:10D4300000BF00BF2846BDE8F08170472DE9FC41E0
:10D4400000255CE03348006800F59E70405D00B147
:10D4500054E0002449E02F48006800F59E70005D0C
:10D4600008B9A54200D13FE02A4A12683C3202EBDB
:10D47000C401284A12683C3202EBC500F8F7F5F9FE
:10D4800000B931E0234800683C3000EBC402214879
:10D4900000683C3000EBC5016846F8F720FA6846A2
:10D4A000F8F751F906461B4909683C3101EBC50004
:10D4B000F8F749F90746174909683C3101EBC40000
:10D4C000F8F741F9384486420DD2124909683C31D7
:10D4D00001EBC5006946F8F712F901210D48006813
:10D4E00000F59E70015500BF641C0A480068B0F842
:10D4F0005C01C0F30900A042ADD800BF6D1C054817
:10D500000068B0F85C01C0F30900A8429AD8BDE8F1
:10D51000FC810000880000202DE9F0418AB005461A
:10D52000884695F83000C0F3001010B10AB0BDE88D
:10D53000F081B5F9344004A92846FFF705FBBDF892
:10D540001000001B00B2ADF81000BDF81200001B67
:10D5500000B2ADF81200BDF81400204400B2ADF8DE
:10D560001400BDF81600204400B2ADF8160004AA5D
:10D57000414606A8F8F71BF90646002E4AD00022BD
:10D5800006A928462B6A984704A92846FFF7DCFA23
:10D5900004AA414608A8F8F70AF90646AEB3281DC2
:10D5A000FEF7B2FB07462DE069463846FFF7CCFA96
:10D5B000B7F93440BDF80000001B00B2ADF8000020
:10D5C000BDF80200001B00B2ADF80200BDF8040077
:10D5D000204400B2ADF80400BDF80600204400B2BB
:10D5E000ADF806006A4608A902A8F8F7E0F8064672
:10D5F0001EB102A93846FFF78FFF3946281DFEF7F6
:10D6000079FB0746002FCFD100BF012206A928468B
:10D610002B6A984700BF89E72DE9F0410546884607
:10D6200025B917480068F8F771FF054641462846B6
:10D63000FFF772FF2F462846FFF700FB04461BE06A
:10D640003946201DFEF756FB064608E041463046A7
:10D65000FFF762FF3146201DFEF74CFB0646002E09
:10D66000F4D1012241462046236A984727462046A6
:10D67000FFF7E4FA044600BF002CE1D1BDE8F081D9
:10D680008800002070B517480068F8F705FF0446C9
:10D6900014480068F8F759FF28B100BFA06900F0EE
:10D6A00001000028FAD1A06920F00100401CA0610F
:10D6B000FFF77EFE0546E86828B1A26804F1100174
:10D6C0002846EB689847206850B1606840B12168EF
:10D6D000A068884202D16068A06001E02068A06074
:10D6E00070BD00008800002070B504460D463C2245
:10D6F00029462046F2F738FD70BD000000B589B01C
:10D700000020FE490870FF21FC480172FC480068B7
:10D710000890FA48BDF820104180F948001D0068C3
:10D720000790F648BDF81C1081800021C18041831C
:10D730008183C18201830321C18300200690EF48C9
:10D74000BDF818104181FF21C173002181810F2193
:10D750008173EB48083000680590E848BDF8141064
:10D7600001820121017500214182FF2180F82C10E6
:10D77000302211461046F8F74EFD0190DF48BDF803
:10D7800004100184D82296215520F8F744FD019019
:10D79000DA48BDF804104184DA494162002101856C
:10D7A00002214185FF2180F83310202211461046C6
:10D7B000F8F731FD0190D148BDF804100186002131
:10D7C00080F83210FF2180F83810202211461046D0
:10D7D000F8F721FD0190C948BDF8041081860221A7
:10D7E000C186002180F839100146C748FFF77CFF49
:10D7F0000321C54841838183C18201830146C34817
:10D80000FFF772FFF02211461046F8F704FD019071
:10D81000BE48BDF804100184F02211461046F8F706
:10D82000FAFC0190B948BDF804100186F0221146B7
:10D830001046F8F7F0FC0190B448BDF8041081865A
:10D84000D82296215520F8F7E6FC0190AF48BDF8A4
:10D8500004104180014649888180AB49AC48FFF7FC
:10D8600043FF202211461046F8F7D5FC0190A84846
:10D87000BDF804100184202211461046F8F7CBFCB5
:10D880000190A348BDF804100186202211461046DD
:10D89000F8F7C1FC01909E48BDF8041081869848B5
:10D8A0000C30006804909A48BDF8101041809448EC
:10D8B0001030006803909648BDF80C108180042158
:10D8C000C180402211461046F8F7A5FC019090480F
:10D8D000BDF804104181012181814C21C1730146B1
:10D8E0008C48FFF701FFE02211461046F8F793FC41
:10D8F00001908848BDF804100184E02211461046CA
:10D90000F8F789FC01908348BDF804100186C02215
:10D9100011461046F8F77FFC01907E48BDF80410D0
:10D920008186C7229A216B20F8F775FC019079480F
:10D93000BDF8041041808B2259212B20F8F76BFC95
:10D9400001907448BDF80410818042222C211520DA
:10D95000F8F761FC01906F48BDF8041041816A49F5
:10D960006D48FFF7C1FE01206B49087000216A482D
:10D970008181017201466948FFF7B6FE00216748C0
:10D9800041838183C182018301466548FFF7ACFE74
:10D9900000216348C1835C496248FFF7A5FED0229D
:10D9A000A2217620F8F737FC01905E48BDF80410FC
:10D9B00041805D223A211920F8F72DFC0190594849
:10D9C000BDF8041081800421C1800F21418381832F
:10D9D0000A21C18201830621C183282219210B203B
:10D9E000F8F719FC01904F48BDF80410418101215E
:10D9F0008181B221C17342481430006802904948C5
:10DA0000BDF80810018200214182FF221146104614
:10DA1000F8F701FC01904348BDF804100184FF228F
:10DA200011461046F8F7F7FB01903E48BDF8041088
:10DA3000018601463C48FFF757FE942262213320BD
:10DA4000F8F7E9FB01903848BDF8041041803C220A
:10DA500026211020F8F7DFFB01903348BDF80410B1
:10DA60008180C622B521A420F8F7D5FB01902E486D
:10DA7000BDF804100184C622B521A420F8F7CBFB21
:10DA800001902948BDF804100186C622B521A420C2
:10DA9000F8F7C1FB01902448BDF8041081862149A4
:10DAA0002248FFF721FE222211210A20F8F7B3FBBA
:10DAB00001901E48BDF80410418090226221372059
:10DAC000F8F7A9FB01901948BDF8041081800D22D8
:10DAD00007210120F8F79FFB01901448BDF80410BE
:10DAE0004181F422DD21C820F8F795FB01900F4811
:10DAF000BDF804100184F422DD2119E07002002039
:10DB00009C330108D0000020600300209C0300200B
:10DB1000D803002014040020AC020020E8020020FA
:10DB200024030020500400208C040020C80400209E
:10DB3000C820F8F770FB01904248BDF80410018638
:10DB4000F422DD21C820F8F766FB01903D48BDF8BE
:10DB50000410818601463C48FFF7C6FD27221421A8
:10DB60000220F8F758FB01903748BDF804104180B7
:10DB700070224C212B20F8F74EFB01903248BDF863
:10DB800004108180C622B521A420F8F744FB01903F
:10DB90002D48BDF804100184C622B521A420F8F751
:10DBA0003AFB01902848BDF804100186C622B52131
:10DBB000A420F8F730FB01902348BDF804108186BB
:10DBC00022492348FFF790FDD82211461046F8F766
:10DBD00022FB01901E48BDF804104180D822114656
:10DBE0001046F8F718FB01901948BDF80410818021
:10DBF000902211461046F8F70EFB01901448BDF82C
:10DC000004104181702211461046F8F704FB019080
:10DC10000F48BDF804100184702211461046F8F731
:10DC2000FAFA01900A48BDF80410018670221146E4
:10DC30001046F8F7F0FA01900548BDF80410818607
:10DC400009B000BDC80400200405002050040020D5
:10DC50004005002010B514210348FEF75AF80120B2
:10DC600000F08EF810BD00007C0500202DE9F04189
:10DC70000546884616461F4600F018F804460CB9BB
:10DC800000BFFEE714B90020BDE8F0812946204618
:10DC900000F067F94146204600F065F9314620461C
:10DCA00000F064F9E7602046EEE7000070B500245C
:10DCB0002548FEF70FF805464DB92348FEF734F81E
:10DCC00004460CB900BFFEE734BB002070BD00BFA6
:10DCD000287C00F0070003280BDC29461A48FEF7D1
:10DCE00043F804460CB900BFFEE70CB90020EDE78D
:10DCF00006E029461448FDF7F2FF0546002DE7D15E
:10DD000000BF4DB91048FEF768F804460CB900BFD3
:10DD1000FEE70CB90020D9E74FF4FA70206000202C
:10DD2000A060207C20F00700C01C2074207C20F024
:10DD30000800207400F066F960600020E0600120B7
:10DD4000024908702046C1E77C0500200B01002035
:10DD500010B5044621460748FEF7A3F82046FEF713
:10DD60000BF905480068A04202D101200349087060
:10DD700010BD00007C050020F80000200A010020F2
:10DD800001490870704700000801002070B5044682
:10DD90000025606800F028F906462068B04217D8D0
:10DDA00000F030F9606000200A4908700A490870E4
:10DDB000A06810B12046A16888470648007830B9AD
:10DDC000207CC0F3C00010B12046FFF7C1FF012541
:10DDD000284670BD0A0100200B0100202DE9F0410A
:10DDE0005148007808B1BDE8F08101204E49087023
:10DDF0004E48007810B900200870F4E700F002F9EE
:10DE00004B490860002400BF0127002049490870E1
:10DE1000494908704948FDF75DFF4949086048E0F5
:10DE2000474801684548FDF75AFF054644480068E1
:10DE3000007C00F0070000B93FE041480068A042C4
:10DE400003D100243E48056033E03D480068007C73
:10DE500000F00700052804D139480068FFF796FF55
:10DE60001CE094B136480068007C00F00700217C7B
:10DE700001F00701884211DD31480068FFF786FF95
:10DE800060B12F480468002717E02D480068FFF7AD
:10DE90007DFF18B12A48046800270EE02548007865
:10DEA00000B10AE02448007800B106E0244805608B
:10DEB00000BF234800680028B2D100BF002FA3D0C4
:10DEC0001B48006800F090F81E49096808441D4985
:10DED00008601D48006800F087F80646B6F5FA7F2E
:10DEE0001CD318480068642148434FF4FA71B0FB12
:10DEF000F1F01649087008460078642801DD00201A
:10DF000003E012480078C0F1640010490870002056
:10DF10000C49086000F076F80B49086000200249BF
:10DF2000087000BF5FE700000C010020080100201E
:10DF3000140100200A0100200B0100207C050020B4
:10DF4000F800002018010020100100200901002025
:10DF500010B5044600F056F82168401A401E606073
:10DF600010BD8160704701607047000070B50546C4
:10DF70000E46287C00F00700B04200D170BD134867
:10DF8000FDF7A8FE044611E0207C00F00700B04237
:10DF900007DCAC4204D0224629460C48FDF74CFF72
:10DFA00006E021460948FDF79AFE0446002CEBD115
:10DFB00000BF24B9002229460448FDF73DFF287C14
:10DFC00066F30200287400BFD8E700007C0500203B
:10DFD0000348007808B9002070470248FCE70000B9
:10DFE00094010020B45E002010B5034600F00AF84A
:10DFF00004469C4201D3E31A01E05B4223441846E5
:10E0000010BD000000BF0121044A117004490868D6
:10E01000114609780029F6D070470000E80000207A
:10E02000E40000200021044A1170044909680144F9
:10E03000024A116070470000E8000020E400002060
:10E040002DE9FF4F83B007468846DDF840B01FB981
:10E05000002007B0BDE8F08FB8F1000F01D100201B
:10E06000F7E70BF0020010B147F6184006900020C9
:10E070000290019000254FF0FF3900900024824665
:10E0800001A93846324A12689047824659E0544600
:10E090000198029001A938462D4A1268904782469D
:10E0A0000BF0010028B12146684600F007F900B1E5
:10E0B00047E00A2C01D00D2C0AD10D2C05D1BAF164
:10E0C0000A0F02D1019880B2C3E7029880B2C0E77C
:10E0D000524621464046FBF744FF0646A81905B2C2
:10E0E0000698854214DD09F1010010B1CDF80890C1
:10E0F00004E002A93846174A12689047029820B9EE
:10E1000002A93846124A12689047029880B2A0E7E6
:10E1100021460022002007E00FA31B5C8B4201D1A7
:10E12000012205E0431CD8B20BA31B5C002BF3D1EA
:10E1300000BF0AB1DDF8089016B10598284405B271
:10E1400000BF0298385C0028A1D1029880B280E715
:10E15000280100202C010020202C2E3B3A2D5F00AE
:10E160002DE9FF4F83B004460E469046DDF848B0D7
:10E17000DDF840A000202080608016B907B0BDE81F
:10E18000F08FB8F1000F00D1F8E70BF0020010B1EA
:10E1900047F6184011900025A94600BF98F808706E
:10E1A00000BF26E07019CDF800B04146119B069AD9
:10E1B000FFF746FF81446088384400B26080608881
:10E1C000504400B26080A9EB050291B27019CDF8FD
:10E1D00000B04246069B00F029F80290B4F9001006
:10E1E0000298814201DA029801E0B4F9000020802F
:10E1F0004D46705D0028D5D16DB1681E305C0A288F
:10E2000003D0681E305C0D2805D1608807EB0A0139
:10E21000084400B26080608808B9678004E06088C4
:10E22000A0EB0A0000B2608000BFA7E72DE9FE4F17
:10E2300005460E4617469846DDF830A015B9002071
:10E24000BDE8FE8F0FB90020FAE7002002900024FD
:10E2500001907EB326E002A92846174A126890472B
:10E260000090029968180021134A1268904783466B
:10E270000AF0010028B101A8009900F01FF800B1D0
:10E2800010E05A4638460099FBF76BFE0FFA80F90A
:10E29000B9F1000F05DD04EB090004B204EB08003E
:10E2A00004B200BF0298B042D5D3002C02DDA4EB2B
:10E2B000080004B22046C3E72801002002460020DF
:10E2C0000FA31B788B4211D113781BB90123137054
:10E2D00001200BE01378012B02D10023137005E01D
:10E2E0001378022B02D10023137001201378012B25
:10E2F00004D1202901D102231370012070470000AE
:10E300002300000008B50146802901D2084608BD57
:10E31000B1F5006F11D2C1F3841040F0C0008DF848
:10E32000000001F03F0040F080008DF80100002067
:10E330008DF802008DF8030033E0B1F5803F15D26F
:10E34000C1F3033040F0E0008DF80000C1F3851008
:10E3500040F080008DF8010001F03F0040F08000A7
:10E360008DF8020000208DF803001AE0B1F5881F37
:10E3700017D2C1F3824040F0F0008DF80000C1F3E5
:10E38000053040F080008DF80100C1F3851040F0A9
:10E3900080008DF8020001F03F0040F080008DF811
:10E3A00003006A461068B2E718B500F08001C9B1F1
:10E3B00000909DF800301B069DF8014003EB0443DC
:10E3C0009DF8024003EB04239DF803401919002235
:10E3D00004E0CBB203B9090A531CDAB2042AF8DB11
:10E3E000084600BF18BD00002DE9F04105460E4665
:10E3F0000024002705E028190449096888470444D7
:10E400007F1CB742F7D32046BDE8F0811C010020F5
:10E41000F8B506460C4600200090002505E0694648
:10E420003046044A126890476D1C0098A042F6D30B
:10E430002846F8BD2801002038B5044600250020F4
:10E44000009005E069462046044A126890476D1C1A
:10E450000098205C0028F5D1284638BD280100200E
:10E4600008B5024600230020009001B969460868FB
:10E47000105C00F0800028B90868135C0868401C34
:10E4800008608FE00868105C00F0E000C02817D139
:10E490000868105CC006430D0868401C08600868E6
:10E4A000105C00F0C000802801D0002008BD086882
:10E4B000105C00F03F0003440868401C086071E0F5
:10E4C0000868105C00F0F000E02828D10868105CB3
:10E4D0000007030C0868401C08600868105C00F026
:10E4E000C000802801D00020E0E70868105C00F040
:10E4F0003F0003EB80130868401C08600868105C4C
:10E5000000F0C000802801D00020CFE70868105C30
:10E5100000F03F0003440868401C086042E00868BF
:10E52000105C00F0F800F02839D10868105C400752
:10E53000C30A0868401C08600868105C00F0C0004E
:10E54000802801D00020B1E70868105C00F03F008F
:10E5500003EB00330868401C08600868105C00F09A
:10E56000C000802801D00020A0E70868105C00F0FF
:10E570003F0003EB80130868401C08600868105CCB
:10E5800000F0C000802801D000208FE70868105CF0
:10E5900000F03F0003440868401C086002E008687F
:10E5A000401C0860184681E72DE9F84306460C46F2
:10E5B00000272068401E206000BF042F02DB0020DF
:10E5C000BDE8F883216888190D4909688847054620
:10E5D0003DB9206818B12068401E206001E000208D
:10E5E000EEE7781CC7B2002DE7D02068009069469E
:10E5F0003046044A1268904780464046E0E70000F3
:10E600001C010020280100200146087800F080004D
:10E6100008B901207047087800F0E000C02801D157
:10E620000220F7E7087800F0F000E02801D103208D
:10E63000F0E7087800F0F800F02801D10420E9E7BD
:10E640000120E7E72DE9F04781460E4614461F46B4
:10E65000DDF820A035461BE0600800FB0755294681
:10E660004846D047B0F1000809DD04F0010080F011
:10E670000100C0EB5404E8190546064608E0B8F16D
:10E68000000F02DA6408354602E02846BDE8F0874C
:10E69000002CE1D10020F9E7F0B503462BB930207A
:10E6A0000870002048700846F0BD00220024002BAE
:10E6B0000CDA2D261046551C6AB20E54002B01DDD3
:10E6C000184600E058420346601C44B210E00A2598
:10E6D00093FBF5F605FB1635E8B200F13005EFB215
:10E6E0001546561C72B24F550A2593FBF5F300BF31
:10E6F000002BECD100208854501E42B208E0085D87
:10E700008D5C0D558854551E6AB2651C6CB200BFF5
:10E71000A242F4DC0846C7E74820F3F771F84FF44B
:10E72000A060F2F71BFFF2F7B7FE4FF4E130F4F709
:10E7300011FBF3F73FF9F2F757FBF4F77BF82321CE
:10E7400040F2E730F3F736FAFCF798FAFEF7D4FC1C
:10E75000FEF7FCFCF7F7E8FB05E003484168002002
:10E760008847FFF73BFBF8E720000020F7B5054698
:10E770000C4604B9FEBD0426029838B12968091D6B
:10E780000819324602A9F1F7EFFC05E02968091DD6
:10E7900008193146F1F701FD00BFEBE7F7B5054673
:10E7A0000C4604B9FEBD0426029830B12968081948
:10E7B000324602A9F1F7D8FC04E02968081931466D
:10E7C000F1F7EBFC00BFEDE770B505462C460026DF
:10E7D00009E094F83000C0F3401000B1264620460E
:10E7E000FEF72CFA0446002CF3D116B13046FEF7A2
:10E7F0000EFB70BD2DE9F04107460D461646381D4B
:10E80000FDF768FA044619E0208A284400B2208205
:10E81000608A304401B26182A08A284401B2A18298
:10E82000E08A304401B2E182324629462046FFF7B1
:10E83000E1FF2146381DFDF752FA0446002CE3D1D2
:10E84000BDE8F08170B5054600212846FEF765F960
:10E85000044615E0A06A30B92046FFF7F3FF2046D2
:10E86000FEF720FB07E0A06A007800F0010010B17D
:10E870002046FFF7E7FF21462846FEF74EF90446FB
:10E88000002CE7D170BD2DE9F04106460F46F1F7A7
:10E8900052FF041E0D4618BF0120284320F00040FF
:10E8A000C0F17F6000F1E040C00F0ED0301C18BFF7
:10E8B0000120384320F00040C0F17F6000F1E040CB
:10E8C000C00F04BF0120F4F7BBFB20462946BDE87A
:10E8D000F0812DE9FF4F83B0064688461446DDF8E7
:10E8E0004090FEF765FD8246DAF8140000B3B4F9F3
:10E8F000005018E0B4F902700FE0CDF80890BDF8B0
:10E900001800ADF8040000972B46424631465046A9
:10E91000DAF814C0E047781C07B2B4F90600B84230
:10E92000EBDA681C05B2B4F90400A842E2DA71E03F
:10E93000B4F9020000FB08F006EB4006B9F1FF0F46
:10E940002FD1B4F9005006E006EB4500BDF81810D1
:10E950000180681C05B2B4F90400A842F4DAB4F9E5
:10E96000000006EB400BA0882188401A401C4000A4
:10E9700000B2029006EB48066088401C07B20BE02C
:10E98000B4F9001006EB41005946029AF1F7ECFB8E
:10E9900006EB4806781C07B2B4F90600B842EFDA75
:10E9A00038E04FF0000B00200290029801904A4698
:10E9B00001990698F7F747FC0090B4F9027024E03B
:10E9C000B4F9005019E0BBF1000F14D136F815006E
:10E9D000BDF80410884209D006EB4500008801907C
:10E9E0004A4601990698F7F72EFC009006EB450081
:10E9F000BDF800100180681C05B2B4F90400A842FB
:10EA0000E1DA06EB4806781C07B2B4F90600B84212
:10EA1000D6DA00BF07B0BDE8F08F0000024612480A
:10EA200090F8340000F0800090B10F4880890F4BBF
:10EA300018800D48008C0E4B18800C48008800B2DE
:10EA400008801846008800B248800120887309E0D9
:10EA50000648008800B208800548008800B2488057
:10EA600000208873002070472000002096010020BD
:10EA700098010020024610880B88C01A70470000D9
:10EA800000000000000000000000000000003F4007
:10EA90000000000000000000300040003000400096
:10EAA000000009000BC03D000BC03D00090018C06C
:10EAB00024407FE0224031800000180024C01B0069
:10EAC0000D803240018003801C4027401C8007409D
:10EAD0000040100060000000000000000000000086
:10EAE000000000001F802040402000004020204007
:10EAF0001F8000000000090006001F8006000900BA
:10EB00000000040004003F80040004000000001026
:10EB10000060000000000000000004000400040089
:10EB2000040004000000000000400000000000009D
:10EB30000000002001C006003800400000001F80D7
:10EB40002040204020401F800000000010403FC0B7
:10EB500000400000000018C021402240244018401E
:10EB6000000010802040244024401B800000020050
:10EB70000D0011003FC0014000003C8024402440B3
:10EB80002440238000001F80244024403440038020
:10EB900000003000200027C03800200000001B804B
:10EBA0002440244024401B8000001C0022C022403E
:10EBB00022401F800000000000000840000000000C
:10EBC00000000000000004600000000000000000E1
:10EBD00004000A00110020804040090009000900DB
:10EBE00009000900000000004040208011000A00D8
:10EBF00004001800200023402400180000001F809B
:10EC00002040274029401F400000004007C0390035
:10EC10000F0001C0004020403FC0244024401B8022
:10EC200000001F8020402040204030800000204015
:10EC30003FC0204020401F80000020403FC02440B3
:10EC40002E4030C0000020403FC024402E00300045
:10EC500000000F001080204022403380020020403E
:10EC60003FC0040004003FC02040204020403FC07F
:10EC70002040204000000060202020203FC02000D5
:10EC8000200020403FC024400B0030C020402040E6
:10EC90003FC020400040004000C03FC03C0003C0D7
:10ECA0003C003FC0000020403FC00C4023003FC05C
:10ECB00020001F802040204020401F800000204076
:10ECC0003FC024402400180000001F802140214044
:10ECD00020E01FA0000020403FC02440260019C0B3
:10ECE000004018C024402440224031800000300001
:10ECF00020403FC020403000000020003F80004006
:10ED000000403F80200020003E0001C00700380086
:10ED10002000380007C03C0007C038000000204039
:10ED200039C0060039C0204000002000384007C02C
:10ED3000384020000000304021C02640384020C02C
:10ED40000000000000007FE04020402000000000A4
:10ED500070000C00038000400000000040204020B4
:10ED60007FE00000000000002000400020000000C4
:10ED70000000001000100010001000100010000033
:10ED8000000040000000000000000000028005407C
:10ED9000054003C0004020003FC004400440038001
:10EDA0000000000003800440044006400000000012
:10EDB0000380044024403FC0004000000380054021
:10EDC000054003400000000004401FC024402440D0
:10EDD0002000000002E005500550065004202040AD
:10EDE0003FC00440040003C000400000044027C0AE
:10EDF00000400000000000100010041027E0000098
:10EE0000000020403FC00140070004C004402040F3
:10EE100020403FC000400040000007C0040007C081
:10EE2000040003C00000044007C00440040003C005
:10EE300000400000038004400440038000000410F0
:10EE400007F00450044003800000000003800440E9
:10EE5000045007F00010044007C002400400040002
:10EE60000000000006400540054004C0000000000E
:10EE700004001F80044000400000040007800040A0
:10EE8000044007C000400400070004C001800600E1
:10EE90000400060001C0070001C006000000044095
:10EEA00006C0010006C0044000000410071004E082
:10EEB0000180060004000000044005C00640044034
:10EEC00000000000000004007BE040200000000083
:10EED00000000000FFF000000000000040207BE088
:10EEE00004000000000040008000400020002000DE
:10EEF00040000000000000000000000000000000D2
:10EF000000000000000000001FCC000C000000000A
:10EF100000000000080030006000080030006000C1
:10EF20000000022003FC1E20022003FC1E20022001
:10EF3000000000000E1811043FFF10840C78000040
:10EF400000000F0010840F3800C007781884007884
:10EF5000000000780F8410C411240E9800E400848F
:10EF600000080800680070000000000000000000B9
:10EF7000000000000000000007E018182004400214
:10EF80000000000040022004181807E00000000004
:10EF900000000240024001800FF001800240024068
:10EFA00000000080008000800FF80080008000805A
:10EFB00000000001000D000E000000000000000035
:10EFC0000000000000800080008000800080008041
:10EFD00000800000000C000C000000000000000099
:10EFE0000000000000060018006001800600180004
:10EFF0002000000007F0080810041004080807F0BB
:10F0000000000000080408041FFC000400040000C5
:10F01000000000000E0C10141024104411840E0C7B
:10F02000000000000C1810041104110412880C7068
:10F030000000000000E00320042408241FFC00243A
:10F04000000000001F981084110411041088107033
:10F050000000000007F008881104110418880070EF
:10F06000000000001C00100010FC13001C00100029
:10F07000000000000E3811441084108411440E3832
:10F08000000000000700088C10441044088807F0B6
:10F090000000000000000000030C030C0000000052
:10F0A0000000000000000001010600000000000058
:10F0B0000000000000800140022004100808100435
:10F0C0000000022002200220022002200220022052
:10F0D0000000000010040808041002200140008015
:10F0E000000000000E001200100C106C10800F00C9
:10F0F000000003E00C1813E4142417C4082807D0F8
:10F1000000000004003C03C41C40074000E4001C55
:10F11000000410041FFC1104110411040E88007077
:10F12000000003E00C1810041004100410081C1058
:10F13000000010041FFC100410041004080807F05D
:10F14000000010041FFC1104110417C41004081857
:10F15000000010041FFC1104110017C0100008006B
:10F16000000003E00C181004100410441C78004048
:10F17000000010041FFC10840080008010841FFC1D
:10F1800010040000100410041FFC10041004000000
:10F19000000000030001100110011FFE100010000C
:10F1A000000010041FFC110403801464181C1004D8
:10F1B000000010041FFC1004000400040004000CF4
:10F1C000000010041FFC1F0000FC1F001FFC1004A7
:10F1D000000010041FFC0C04030000E010181FFCCA
:10F1E000100007F00808100410041004080807F0C5
:10F1F000000010041FFC10841080108010800F008D
:10F20000000007F0081810241024101C080A07F248
:10F21000000010041FFC1104110011C011300E0C6D
:10F22000000400000E1C11041084108410441C38CB
:10F2300000001800100010041FFC1004100018003B
:10F24000000010001FF810040004000410041FF850
:10F25000100010001E0011E0001C007013801C0044
:10F2600010001FC0103C00E01F0000E0103C1FC059
:10F2700000001004180C163401C001C01634180C1C
:10F28000100410001C00130400FC13041C001000E8
:10F2900000000804101C1064108413041C041018CF
:10F2A00000000000000000007FFE4002400240021B
:10F2B0000000000030000C0003800060001C000310
:10F2C000000000004002400240027FFE00000000FB
:10F2D000000000000000200040004000400020002E
:10F2E0000000000100010001000100010001000117
:10F2F000000100004000400020000000000000006D
:10F30000000000000098012401440144014400FC75
:10F31000000410001FFC0088010401040088007034
:10F32000000000000070008801040104010400884E
:10F3300000000000007000880104010411081FFC97
:10F340000004000000F8014401440144014400C8E5
:10F3500000000000010401040FFC1104110411005D
:10F360001800000000D601290129012901C9010660
:10F37000000010041FFC008401000100010400FCD7
:10F38000000400000104190419FC0004000400003A
:10F3900000000000000300010101190119FE000036
:10F3A000000010041FFC0024004001B4010C010403
:10F3B00000000000100410041FFC00040004000002
:10F3C0000000010401FC0104010001FC0104010032
:10F3D00000FC010401FC008401000100010400FCA8
:10F3E0000004000000F8010401040104010400F815
:10F3F0000000010101FF0085010401040088007084
:10F40000000000000070008801040104010501FFF4
:10F4100000010104010401FC0084010401000180D9
:10F420000000000000CC01240124012401240198E3
:10F43000000000000100010007F8010401040000C1
:10F440000000010001F8000400040004010801FCB0
:10F450000004010001800170000C001001600180B7
:10F46000010001F0010C003001C00030010C01F07E
:10F47000010000000104018C00740170018C010482
:10F480000000010101810171000E0018016001807E
:10F49000010000000184010C013401440184010CCD
:10F4A0000000000000000000000001003EFC4002DF
:10F4B00040020000000000000000FFFF000000000C
:10F4C00000000000400240023EFC0100000000007D
:10F4D000000000006000800080004000400020002C
:10F4E00020000000000000000000000000000000FC
:10F4F000000000000000000000000000000000000C
:10F5000000000000000000000000000000000000FB
:10F5100000000000000F80380FFE380F8038000018
:10F5200000000000000000000000000000000000DB
:10F530000100000600000C00003800003100000649
:10F5400000000C0000380000300000000000000047
:10F55000000061800067F807F98000618000618029
:10F560000061800061800067F807F9800061800019
:10F57000000000000000000001C0E003E0F00630E1
:10F58000080418081FFFFE040E080787F00381E037
:10F5900000000000000001F000060C000404080652
:10F5A0000C7001F9C0000E00003BE000EC180708E9
:10F5B00008040C180003E00000000001E00007F060
:10F5C00003F818041C0804170807E1D003C0E00082
:10F5D00023B0003C080020080000100000000000DC
:10F5E000000100003100003200001C00000000009B
:10F5F000000000000000000000000000000000000B
:10F6000000000000000000000000000000000000FA
:10F6100000007F0001FFC00780F00C0018100004FC
:10F620002000020000000000002000021000040C76
:10F6300000180780F001FFC0007F000000000000FC
:10F640000000000000000000000000000000420078
:10F65000006600006600003C0000180003FFC000C8
:10F660001800003C00006600006600004200000038
:10F670000000080000080000080000080000080062
:10F6800001FFC0000800000800000800000800009A
:10F6900008000000000000010000310000320000FE
:10F6A0001C0000000000000000000000000000003E
:10F6B000000000000000000000000800000800003A
:10F6C000080000080000080000080000080000080A
:10F6D000000008000008000000000000000000001A
:10F6E0000000380000380000380000000000000072
:10F6F000000000000000000000000000000000000A
:10F700000000000600001C000070000180000E00D8
:10F7100000380000C0000700001C0000300000009E
:10F720000000000000007F8001FFE0038070060001
:10F730001804000804000806001803807001FFE0A8
:10F74000007F8000000000000000000001000801B0
:10F75000000801000803FFF807FFF8000008000098
:10F760000800000800000000000000000001C03890
:10F7700002C0580400980401180402180404180672
:10F780001C1803F81801E0F8000000000000000059
:10F790000001C0E003C0F0040008040808040808E1
:10F7A00006180803F41801E7F00001E0000000006B
:10F7B0000000000000000300000D000011000061C7
:10F7C0000000810803010807FFF80FFFF800010897
:10F7D0000001080000000000000000E007FCD00667
:10F7E0000808061008061008061008061838060F44
:10F7F000F00607C0000000000000000000003F808D
:10F8000001FFE00384300208180410080410080403
:10F810001008071810030FF00007C00000000000D8
:10F820000000000003C0000700000600000600F80A
:10F830000607F806180006E00007000006000000B2
:10F84000000000000001E1E003F7F00634100418A6
:10F8500008041808040C08040C0806161803F3F032
:10F8600001C1E000000000000000F80003FC3003CC
:10F8700006380402080402080402080404100308FD
:10F88000F001FFC0007F0000000000000000000049
:10F890000000000000000000000070380070380018
:10F8A00070380000000000000000000000000000B0
:10F8B0000000000000000000000000000000301AFE
:10F8C00000301C00000000000000000000000000EC
:10F8D00000000000000000000008000014000022EA
:10F8E0000000410000808001004002002004001060
:10F8F00008000800000000000000210000210000B6
:10F900002100002100002100002100002100002131
:10F9100000002100002100000000000000000000A5
:10F920000800080400100200200100400080800050
:10F930004100002200001400000800000000000048
:10F940000003C00004C000040000080038080F389D
:10F950000808380810000C300007E00003C0000061
:10F960000000000000003F8000FFE0038070020FF5
:10F970001006708804C088048308047F8802C09041
:10F9800003012000FE400000080000180001F800FC
:10F990003E0801C20007020007E20000FE00001F4F
:10F9A000C80001F800003800000804000807FFF84C
:10F9B00007FFF804080804080804080804080806F3
:10F9C000180803F41801E7F00001E000000000004F
:10F9D00000003F8001FFE00380700200180400086F
:10F9E0000400080400080400100600200780C0007E
:10F9F000000004000807FFF807FFF80400080400EF
:10FA00000804000804001802001003807001FFE0E1
:10FA1000007F8000000004000807FFF807FFF804DB
:10FA20000808040808040808040808043E0804003C
:10FA30000806001801006000000004000807FFF835
:10FA400007FFF8040808040800040800040800047C
:10FA50003E000600000600000180000000000000DB
:10FA600000003F8001FFE0038070060018040008DA
:10FA70000402080402080203F00783F000020000F9
:10FA8000020004000807FFF807FFF8040808000850
:10FA90000000080000080000080004080807FFF83C
:10FAA00007FFF8040008000000000000040008043C
:10FAB000000804000807FFF807FFF8040008040026
:10FAC000080400080000000000000000000000061C
:10FAD0000000070000010400010400010400030706
:10FAE000FFFE07FFFC040000040000040000040007
:10FAF0000807FFF807FFF8040C08001800003E0094
:10FB000004C7800503C80600F80400380400180084
:10FB1000000804000807FFF807FFF80400080000C9
:10FB20000800000800000800000800000800001895
:10FB300000006000000004000807FFF807800807C5
:10FB4000FC00007FC00003F80007C00078000780B9
:10FB50000807FFF807FFF804000804000807FFF88B
:10FB600007000803C00000E000003800001E00008D
:10FB700007000001C00400F007FFF80400000000C7
:10FB800000007F8001FFE003807006001804000879
:10FB900004000806001803003001FFE0007F800029
:10FBA000000004000807FFF807FFF8040408040435
:10FBB00000040400040400040400060C0003F80020
:10FBC00001F000000000000000007F8001FFE00362
:10FBD00080700600880400880400C806003C03000A
:10FBE0003E01FFE6007F8400000004000807FFF8E4
:10FBF00007FFF8040808040800040C00040F0004C0
:10FC00000BC00610F003F03801E008000008000007
:10FC10000001E0F803F0300630100418080418085A
:10FC2000040C08040C080206180207F00781E00023
:10FC30000000018000060000040000040000040031
:10FC40000807FFF807FFF80400080400000400009C
:10FC500006000001800004000007FFE007FFF00439
:10FC6000001800000800000800000800000800005C
:10FC70000804001007FFE004000004000006000074
:10FC800007E00007FE00041FE00001F80000380054
:10FC900001E0043E0007C00006000004000004006C
:10FCA0000007E00007FFC0041FF80007C007F800C6
:10FCB00007FF80043FF80007C004F80007000004B5
:10FCC000000000000004000806001807C07805F1D5
:10FCD000C8003E00001F800463E80780F806001893
:10FCE0000400080000000400000600000780000770
:10FCF000E008047C08001FF80007F800180804E07A
:10FD000008070000060000040000000000010008D1
:10FD10000600380400F80403E8040F08047C080512
:10FD2000F00807C008070018040060000000000089
:10FD3000000000000000000000000000003FFFFE87
:10FD40002000022000022000022000022000020009
:10FD5000000000000000000008000007000000C0D4
:10FD6000000038000006000001C000003000000E56
:10FD70000000010000000000000000002000022040
:10FD800000022000022000022000023FFFFE0000CF
:10FD90000000000000000000000000000000000063
:10FDA00000000008000010000030000020000030BB
:10FDB000000010000008000000000000000000002B
:10FDC000010000010000010000010000010000012D
:10FDD000000001000001000001000001000001001E
:10FDE00000010000000000000000002000002000D2
:10FDF00000100000100000000000000000000000E3
:10FE00000000000000000000000000F00019F800F1
:10FE10001B18002208002608002408002410003FB8
:10FE2000F8001FF80000080000180000000400009F
:10FE300007FFF80FFFF00018180010080020080056
:10FE40002008003018001FF0000FC0000000000064
:10FE5000000007C0001FF000183000200800200834
:10FE6000002008003C08001C10000060000000009A
:10FE700000000000000007C0001FF000381800203C
:10FE80000800200800200804101007FFF80FFFF0FA
:10FE90000000100000000000000000000007C0008B
:10FEA0001FF0001230002218002208002208003241
:10FEB00008001E10000E20000000000000002000BE
:10FEC00000200800200801FFF803FFF806200804BE
:10FED00020080420080720000300000000000000A4
:10FEE0000000000E000E6E001FF30031B10020B1C3
:10FEF0000020B1003191001F13002E1E00200E00C3
:10FF0000300000000004000807FFF80FFFF80010A1
:10FF100008002000002000002008003FF8001FF823
:10FF200000000800000000000000000000200800A1
:10FF30002008002008063FF8063FF80000080000EF
:10FF400008000008000000000000000000000000A1
:10FF50000000030000030020010020010020030630
:10FF60003FFE063FFC000000000000000000000013
:10FF70000004000807FFF80FFFF8000188000300E5
:10FF8000002FC00038F800203800200800000800CA
:10FF90000000000000000000040008040008040045
:10FFA0000807FFF80FFFF80000080000080000082D
:10FFB000000000000000002008003FF8003FF800AB
:10FFC0001008002000003FF8003FF8001008002053
:10FFD00000003FF8003FF800000800000000200883
:10FFE000003FF8003FF8001008001000002000005B
:10FFF0002008003FF8001FF8000008000000000083
:020000040801F1
:10000000000007C0000FF000183000300800200882
:10001000002008003008001830000FF00007C00072
:100020000000000000002001003FFF003FFF001023
:1000300011002009002008002008003038001FF0BF
:10004000000FC00000000000000007C0001FF0000B
:100050003818002008002008002009001011001F97
:10006000FF003FFF00000100000000200800200802
:10007000002008003FF8003FF800080800100800C2
:1000800020080020000030000030000000000000C8
:1000900000000000000C78001E1800330800230840
:1000A0000021080021880021980030F0003860000D
:1000B000000000000000200000200000200000FFE1
:1000C000F003FFF80020080020080020080000309E
:1000D000000000000000000000002000003FF000D1
:1000E0007FF8000018000008000008002010003F02
:1000F000F8007FF000001000000000000000200069
:10010000003000003C00003F800023F00000780039
:100110000070002380003C00003000002000002020
:1001200000003C00003FE00023F80000E000270052
:10013000003E00003FE00021F80001E0003E00002A
:100140002000000000002008002008003838003E91
:10015000680027800003C8002CF8003838002018F9
:100160000020080000000000000020000030030014
:100170003C01003F830023EC000070002380003C22
:10018000000020000020000000000000000000002F
:100190000038080020380020F80023E8002F8800ED
:1001A0003E08003808002018000070000000000021
:1001B0000000000000000000000000000000080037
:1001C0000014001FF7FC30000620000200000000B1
:1001D000000000000000000000000000000000001F
:1001E00000000000FFFFFF00000000000000000012
:1001F00000000000000000000000000020000230AD
:1002000000061FF7FC0014000008000000000000BA
:1002100000000000000000000000000000180000C6
:1002200060000040000040000020000010000008B6
:1002300000000400000400000C000010000000009A
:1002400000000000000000000000000000000000AE
:10025000000000000000000000000000000000009E
:10026000000000000000000000000000000000008E
:10027000000000000000000000000000000000007E
:10028000000000000000000000000000000000006E
:10029000000000000000000000000000000000005E
:1002A000000000000000000000000000000000004E
:1002B000000000000000000000000000000000003E
:1002C000000000000000000000000000000000002E
:1002D00000000000000007F000C007FFE1E007F0A9
:1002E00001E0000000C0000000000000000000006D
:1002F00000000000000000000000000000000000FE
:1003000000000000000000000000000000000000ED
:1003100000000000000000000000000000000000DD
:1003200000000000000000000000000000000000CD
:1003300000000000000000000000000000000000BD
:100340000000000000000020000001C00000078045
:1003500000001F0000001E0000001C20000001C063
:100360000000078000001F0000001E0000001C00AD
:10037000000000000000000000000000000000007D
:10038000000000000000000000000000000000006D
:10039000000000000000000000000000000000005D
:1003A000000000000000000000000000000000004D
:1003B000000000000000000000000000000000003D
:1003C000000000180C0000180C0000180FE0001FBF
:1003D000FC0003F80C0000180C0000180C000018BA
:1003E0000C0000180C0000180FE0001FFC0003F8C0
:1003F0000C0000180C0000180C00000000000000A9
:1004000000000000000000000000000000000000EC
:1004100000000000000000000000000000000000DC
:1004200000000000000000000000000000000000CC
:1004300000000000000000000000000000000000BC
:1004400000000000000000000780007807C000FCEA
:100450000640010E002003070020020380200FFF4A
:10046000FFFC0201C0200200E0600130704001F09A
:100470003F8000F01F0000000000000000000000AE
:10048000000000000000000000000000000000006C
:10049000000000000000000000000000000000005C
:1004A000000000000000000000000000000000004C
:1004B000000000000000000000000000000000FE3E
:1004C000000001FF000003018000020080600301C2
:1004D00081C001FF070000FE18000000E0000003DB
:1004E000BF00000CFFC00071806001C1002003014B
:1004F00080600000FFC000003F000000000000001E
:1005000000000000000000000000000000000000EB
:1005100000000000000000000000000000000000DB
:1005200000000000000000000000000000000000CB
:1005300000000000000000000000000000000000BB
:100540001F0000007FC000FCC0C001FF80600303EB
:10055000E0200202782002061E2003FC074001F082
:100560000380000103C000011C600001E0200001C5
:100570000020000100400000018000000000000099
:10058000000000000000000000000000000000006B
:10059000000000000000000000000000000000005B
:1005A000000000000000000000000000000000004B
:1005B000000000000000000000000000000000003B
:1005C0000000002000001C6000001C4000001F8094
:1005D00000000F000000000000000000000000000C
:1005E000000000000000000000000000000000000B
:1005F00000000000000000000000000000000000FB
:1006000000000000000000000000000000000000EA
:1006100000000000000000000000000000000000DA
:1006200000000000000000000000000000000000CA
:1006300000000000000000000000000000000000BA
:1006400000000000000000000000000000000000AA
:10065000000000000000000000000007F800003F5C
:10066000FF00007807C001C000E003000030040074
:100670000008080000041000000200000000000054
:10068000000000000000000000000000000000006A
:10069000000000000000000000000000000000005A
:1006A000000000000000000000000000000000004A
:1006B000000000000000000000000000000000003A
:1006C00000001000000208000004040000080300FD
:1006D000003001C000E0007807C0003FFF000007C5
:1006E000F800000000000000000000000000000012
:1006F00000000000000000000000000000000000FA
:1007000000000000000000000000000000000000E9
:1007100000000000000000000000000000000000D9
:1007200000000000000000000000000000000000C9
:1007300000000000000000000000000000000000B9
:10074000000000000000000C1800000E3800000E31
:10075000380000063000000360000061438000FFA5
:10076000FF80006143000003600000063000000EBF
:100770003800000E3800000C1800000000000000D7
:100780000000000000000000000000000000000069
:100790000000000000000000000000000000000059
:1007A0000000000000000000000000000000000049
:1007B0000000000000000000000000000000000039
:1007C0000000000000000000800000008000000029
:1007D0008000000080000000800000008000007F9A
:1007E000FF0000008000000080000000800000008A
:1007F0008000000080000000800000000000000079
:1008000000000000000000000000000000000000E8
:1008100000000000000000000000000000000000D8
:1008200000000000000000000000000000000000C8
:1008300000000000000000000000000000000000B8
:10084000000000000001000000E3000000E20000E2
:1008500000FC000000780000000000000000000024
:100860000000000000000000000000000000000088
:100870000000000000000000000000000000000078
:100880000000000000000000000000000000000068
:100890000000000000000000000000000000000058
:1008A0000000000000000000000000000000000048
:1008B0000000000000000000000000000000000038
:1008C00000000000800000008000000080000000A8
:1008D0008000000080000000800000008000000018
:1008E0008000000080000000800000008000000008
:1008F0008000000080000000800000000000000078
:1009000000000000000000000000000000000000E7
:1009100000000000000000000000000000000000D7
:1009200000000000000000000000000000000000C7
:1009300000000000000000000000000000000000B7
:10094000000000000000000000C0000001E0000006
:1009500001E0000000C000000000000000000000F6
:100960000000000000000000000000000000000087
:100970000000000000000000000000000000000077
:100980000000000000000000000000000000000067
:100990000000000000000000000000000000000057
:1009A0000000000000000000000000000000000047
:1009B0000000000000000000000000000000000037
:1009C00000000000000C00000038000000E0000003
:1009D000038000000E00000038000000E00000036B
:1009E0008000000E00000038000000E000000380DE
:1009F00000000E00000018000000000000000000D1
:100A000000000000000000000000000000000000E6
:100A100000000000000000000000000000000000D6
:100A200000000000000000000000000000000000C6
:100A300000000000000000000000000000000000B6
:100A4000000000000000000FF800007FFF0000F031
:100A50000780018000C00300006002000020020047
:100A600000200200002003000060018000C000E0C0
:100A70000380007FFF00000FF8000000000000006E
:100A80000000000000000000000000000000000066
:100A90000000000000000000000000000000000056
:100AA0000000000000000000000000000000000046
:100AB0000000000000000000000000000000000036
:100AC0000000000000000000000000800020008006
:100AD0000020008000200080006001FFFFE003FF95
:100AE000FFE0000000600000002000000020000087
:100AF00000200000000000000000000000000000D6
:100B000000000000000000000000000000000000E5
:100B100000000000000000000000000000000000D5
:100B200000000000000000000000000000000000C5
:100B300000000000000000000000000000000000B5
:100B4000000000000000007800E000980160010053
:100B500002600200046002000860020010600200EF
:100B6000206002004060030080600183006001FE9D
:100B700000E0007C07800000000000000000000092
:100B80000000000000000000000000000000000065
:100B90000000000000000000000000000000000055
:100BA0000000000000000000000000000000000045
:100BB0000000000000000000000000000000000035
:100BC00000000000000000F0078001F007C00100F5
:100BD000004002000020020100200201002002016A
:100BE0000020030380200186804001FCC0C0007803
:100BF0007F8000001E0000000000000000000000D8
:100C000000000000000000000000000000000000E4
:100C100000000000000000000000000000000000D4
:100C200000000000000000000000000000000000C4
:100C300000000000000000000000000000000000B4
:100C4000000000000800000038000000480000011B
:100C5000880000060800000C081000300810004052
:100C6000081001FFFFF003FFFFF003FFFFF000009B
:100C7000081000000810000008100000000000002C
:100C80000000000000000000000000000000000064
:100C90000000000000000000000000000000000054
:100CA0000000000000000000000000000000000044
:100CB0000000000000000000000000000000000034
:100CC00000000000000000000780001F864003E1D4
:100CD000002003020020030400200304002003047A
:100CE00000200304002003060040030301C00301A9
:100CF000FF8003007E0000000000000000000000F4
:100D000000000000000000000000000000000000E3
:100D100000000000000000000000000000000000D3
:100D200000000000000000000000000000000000C3
:100D300000000000000000000000000000000000B3
:100D40000000000000000007FC00003FFF000070F2
:100D5000C380008180C00101006003020020020204
:100D6000002002020020020200200203004001C114
:100D700080C000C0FF8000007E0000000000000076
:100D80000000000000000000000000000000000063
:100D90000000000000000000000000000000000053
:100DA0000000000000000000000000000000000043
:100DB0000000000000000000000000000000000033
:100DC00000000000000000F0000003C000000380ED
:100DD000000003000000030007E003003FE0030100
:100DE000C000030600000318000003600000038039
:100DF00000000300000000000000000000000000F0
:100E000000000000000000000000000000000000E2
:100E100000000000000000000000000000000000D2
:100E200000000000000000000000000000000000C2
:100E300000000000000000000000000000000000B2
:100E4000000000001F0000783F8000FC60C0018EA1
:100E5000C04003078020020300200201802002011D
:100E600080200201C0200301E040018670C000FC28
:100E70003F8000781F00000000000000000000001C
:100E80000000000000000000000000000000000062
:100E90000000000000000000000000000000000052
:100EA0000000000000000000000000000000000042
:100EB0000000000000000000000000000000000032
:100EC0000000003F000000FF81C001C0C1C0010060
:100ED00060200200202002002020020020200200CA
:100EE0002060020040C00100C18000C18F00007F6F
:100EF000FE00001FF00000000000000000000000E5
:100F000000000000000000000000000000000000E1
:100F100000000000000000000000000000000000D1
:100F200000000000000000000000000000000000C1
:100F300000000000000000000000000000000000B1
:100F400000000000000000000000000000000000A1
:100F5000000000000000000300C0000781E000075F
:100F600081E0000300C0000000000000000000005D
:100F70000000000000000000000000000000000071
:100F80000000000000000000000000000000000061
:100F90000000000000000000000000000000000051
:100FA0000000000000000000000000000000000041
:100FB0000000000000000000000000000000000031
:100FC0000000000000000000000000000000000021
:100FD0000000000000000006006600060078000027
:100FE0000000000000000000000000000000000001
:100FF00000000000000000000000000000000000F1
:1010000000000000000000000000000000000000E0
:1010100000000000000000000000000000000000D0
:1010200000000000000000000000000000000000C0
:1010300000000000000000000000000000000000B0
:10104000000000000000000080000001C00000035C
:10105000600000063000000C180000180C00003082
:1010600006000060030000C0018001000040020093
:10107000002004000010000000000000000000003C
:101080000000000000000000000000000000000060
:101090000000000000000000000000000000000050
:1010A0000000000000000000000000000000000040
:1010B0000000000000000000000000000000000030
:1010C00000000004100000041000000410000004E0
:1010D00010000004100000041000000410000004C0
:1010E00010000004100000041000000410000004B0
:1010F00010000004100000041000000000000000B8
:1011000000000000000000000000000000000000DF
:1011100000000000000000000000000000000000CF
:1011200000000000000000000000000000000000BF
:1011300000000000000000000000000000000000AF
:101140000000000000000400001002000020010068
:10115000004000C00180006003000030060000185D
:101160000C00000C180000063000000360000001B5
:10117000C00000008000000000000000000000002F
:10118000000000000000000000000000000000005F
:10119000000000000000000000000000000000004F
:1011A000000000000000000000000000000000003F
:1011B000000000000000000000000000000000002F
:1011C0000000000000000078000001F80000023874
:1011D000000002000000040000C0040079E00400E8
:1011E00081E0040100C004030000020200000306C5
:1011F000000001FC000000F80000000000000000FA
:1012000000000000000000000000000000000000DE
:1012100000000000000000000000000000000000CE
:1012200000000000000000000000000000000000BE
:1012300000000000000000000000000000000000AE
:101240000000000FF800003FFE000070078000C0A3
:1012500000C00101F8400307FC20021E04200230F8
:10126000082002203020023FFC20013F0440018082
:101270000CC000E03180001FC20000000000000030
:10128000000000000000000000000000000000005E
:10129000000000000000000000000000000000004E
:1012A000000000000000000000000000000000003E
:1012B000000000000000000000000000000000002E
:1012C000002000000060000003E000003E2000035A
:1012D000E020003E200003E020000380200007FC07
:1012E0002000003FE0000003FE2000003FE000007F
:1012F00001E00000002000000020000000000000CD
:1013000000000000000000000000000000000000DD
:1013100000000000000000000000000000000000CD
:1013200000000000000000000000000000000000BD
:1013300000000000000000000000000000000000AD
:101340000000020000200200002003FFFFE003FF76
:10135000FFE0020100200201002002010020020142
:10136000002002010020030300200186806001FCB0
:10137000C0C000F87F8000001F00000000000000D7
:10138000000000000000000000000000000000005D
:10139000000000000000000000000000000000004D
:1013A000000000000000000000000000000000003D
:1013B000000000000000000000000000000000002D
:1013C00000000007F800003FFF000070078000C029
:1013D00000C00100004003000020020000200200C5
:1013E00000200200002002000020010000400180D7
:1013F00000C003C0018000300600000000000000B3
:1014000000000000000000000000000000000000DC
:1014100000000000000000000000000000000000CC
:1014200000000000000000000000000000000000BC
:1014300000000000000000000000000000000000AC
:101440000000020000200200002003FFFFE003FF75
:10145000FFE0020000200200002002000020020045
:1014600000200300006001000040018000C000F087
:101470000780007FFE00000FF80000000000000061
:10148000000000000000000000000000000000005C
:10149000000000000000000000000000000000004C
:1014A000000000000000000000000000000000003C
:1014B000000000000000000000000000000000002C
:1014C0000000020000200200002003FFFFE003FFF5
:1014D000FFE00201002002010020020100200201C1
:1014E00000200201002002038020020FE020030000
:1014F000006003C000E00060030000000000000086
:1015000000000000000000000000000000000000DB
:1015100000000000000000000000000000000000CB
:1015200000000000000000000000000000000000BB
:1015300000000000000000000000000000000000AB
:101540000000020000200200002003FFFFE003FF74
:10155000FFE0020100200201002002010000020160
:101560000000020100000201000002038000030FDE
:10157000E0000300000003C0000000600000000065
:10158000000000000000000000000000000000005B
:10159000000000000000000000000000000000004B
:1015A000000000000000000000000000000000003B
:1015B000000000000000000000000000000000002B
:1015C00000000007F800003FFE000070078001C027
:1015D00001C00100004003000020020000200200C2
:1015E000002002000020010020200100204003C054
:1015F0003F8000303F8000002000000020000000FD
:1016000000000000000000000000000000000000DA
:1016100000000000000000000000000000000000CA
:1016200000000000000000000000000000000000BA
:1016300000000000000000000000000000000200A8
:1016400000200200002003FFFFE003FFFFE0020094
:101650008020020080200000800000008000000048
:101660008000020080200200802003FFFFE003FFD3
:10167000FFE0020000200200002000000000000047
:10168000000000000000000000000000000000005A
:10169000000000000000000000000000000000004A
:1016A000000000000000000000000000000000003A
:1016B000000000000000000000000000000000002A
:1016C00000000000000000000000020000200200F6
:1016D0000020020000200200002003FFFFE003FFC3
:1016E000FFE00200002002000020020000200200B3
:1016F00000200000000000000000000000000000CA
:1017000000000000000000000000000000000000D9
:1017100000000000000000000000000000000000C9
:1017200000000000000000000000000000000000B9
:1017300000000000000000000000000000000000A9
:1017400000000000000E0000000F0000000F00006D
:10175000000102000001020000010200000302007B
:10176000000603FFFFFC03FFFFF802000000020079
:101770000000020000000200000000000000000065
:101780000000000000000000000000000000000059
:101790000000000000000000000000000000000049
:1017A0000000000000000000000000000000000039
:1017B0000000000000000000000000000000000029
:1017C0000000020000200200002003FFFFE003FFF2
:1017D000FFE00200C0200201002000078000000F8F
:1017E000E0000030F80002603E2003800F2003007C
:1017F00003E0020000E002000020000000200000E2
:1018000000000000000000000000000000000000D8
:1018100000000000000000000000000000000000C8
:1018200000000000000000000000000000000000B8
:1018300000000000000000000000000000000000A8
:101840000000020000200200002003FFFFE003FF71
:10185000FFE0020000200200002000000020000045
:1018600000200000002000000020000000200000F8
:101870000060000000E00000030000000000000025
:101880000000000000000000000000000000000058
:101890000000000000000000000000000000000048
:1018A0000000000000000000000000000000000038
:1018B0000000000000000000000000000000020026
:1018C00000200200002003FFFFE003E0002003FFF0
:1018D0000020001FF0000001FF8000000FE000006A
:1018E0001E000003E000003E002003E0002003FF94
:1018F000FFE003FFFFE002000020020000200000E4
:1019000000000000000000000000000000000000D7
:1019100000000000000000000000000000000000C7
:1019200000000000000000000000000000000000B7
:1019300000000000000000000000000000000200A5
:1019400000200200002003FFFFE00380002003F0DE
:10195000002000FC0000001F00000007C000000184
:10196000F00000007C0002001F80020007E003FF7F
:10197000FFE0020000000200000000000000000084
:101980000000000000000000000000000000000057
:101990000000000000000000000000000000000047
:1019A0000000000000000000000000000000000037
:1019B0000000000000000000000000000000000027
:1019C0000000000FF800003FFE0000F007800180DB
:1019D00000C00100004002000020020000200200C0
:1019E00000200200002001000040018000C000F043
:1019F0000380003FFE00000FF80000000000000020
:101A000000000000000000000000000000000000D6
:101A100000000000000000000000000000000000C6
:101A200000000000000000000000000000000000B6
:101A300000000000000000000000000000000000A6
:101A40000000020000200200002003FFFFE003FF6F
:101A5000FFE00200802002008020020080000200DF
:101A600080000200800002008000030180000183EA
:101A7000000000FE0000007C0000000000000000EC
:101A80000000000000000000000000000000000056
:101A90000000000000000000000000000000000046
:101AA0000000000000000000000000000000000036
:101AB0000000000000000000000000000000000026
:101AC0000000000FF800007FFF0000F0038001809D
:101AD00001C00100064002000420020004200200B0
:101AE0000620020003E0010000F80180005C00E035
:101AF000038C003FFF0C000FFC18000000000000EA
:101B000000000000000000000000000000000000D5
:101B100000000000000000000000000000000000C5
:101B200000000000000000000000000000000000B5
:101B300000000000000000000000000000000000A5
:101B40000000020000200200002003FFFFE003FF6E
:101B5000FFE00201002002010020020180000201DA
:101B6000E0000201FC0003033F80018607E001FC66
:101B700000E000F80020000000200000000000004D
:101B80000000000000000000000000000000000055
:101B90000000000000000000000000000000000045
:101BA0000000000000000000000000000000000035
:101BB0000000000000000000000000000000000025
:101BC0000000000000000078060000FE01E0018631
:101BD00000C0030300400203002002018020020134
:101BE00080200201C0200200C0200100E0600180CE
:101BF00070C003E03F8000001F00000000000000F4
:101C000000000000000000000000000000000000D4
:101C100000000000000000000000000000000000C4
:101C200000000000000000000000000000000000B4
:101C300000000000000000000000000000000000A4
:101C400000000060000003800000030000000200AC
:101C50000000020000200200002003FFFFE003FF5D
:101C6000FFE002000020020000200200000002004D
:101C700000000380000000E0000000000000000001
:101C80000000000000000000000000000000000054
:101C90000000000000000000000000000000000044
:101CA0000000000000000000000000000000000034
:101CB0000000000000000000000000000000020022
:101CC00000000200000003FFFF0003FFFFC002004E
:101CD0000040020000600000002000000020000022
:101CE000002000000020020000400200008003FFEE
:101CF000FF000200000002000000000000000000E1
:101D000000000000000000000000000000000000D3
:101D100000000000000000000000000000000000C3
:101D200000000000000000000000000000000000B3
:101D300000000000000000000000000000000000A3
:101D40000000020000000200000003C0000003FCCD
:101D50000000023FC0000003F80000007F80000088
:101D600007E000000780000078000203C000023C8A
:101D7000000003C00000020000000200000000009C
:101D80000000000000000000000000000000000053
:101D90000000000000000000000000000000000043
:101DA0000000000000000000000000000000000033
:101DB0000000000000000000000000000000020021
:101DC000000003C0000003FF8000023FFE0002008D
:101DD0007FE000000F000200F00003EF000003FFAF
:101DE0008000020FFE0000003FE000001F0002071D
:101DF000E00003F800000300000002000000000003
:101E000000000000000000000000000000000000D2
:101E100000000000000000000000000000000000C2
:101E200000000000000000000000000000000000B2
:101E300000000000000000000000000000000000A2
:101E400000000200002002000020038000E003F0F8
:101E5000032002FC0C20021F30000007C000000716
:101E6000F00002187C0002601F20038003E00200E3
:101E700000E0020000200000002000000000000040
:101E80000000000000000000000000000000000052
:101E90000000000000000000000000000000000042
:101EA0000000000000000000000000000000000032
:101EB0000000000000000000000000000000000022
:101EC0000000020000000300000003C0000003F84F
:101ED0000000023E0020020FC0200001FFE00000D1
:101EE0007FE000038020021C0020027000000380BD
:101EF00000000200000002000000000000000000DE
:101F000000000000000000000000000000000000D1
:101F100000000000000000000000000000000000C1
:101F200000000000000000000000000000000000B1
:101F300000000000000000000000000000000000A1
:101F4000000000000020006000E0038003E00300C8
:101F50000FA002003E200200F8200203E020020F42
:101F60008020023E00200278002003E00060038011
:101F700000E002000300000000000000000000007C
:101F80000000000000000000000000000000000051
:101F90000000000000000000000000000000000041
:101FA0000000000000000000000000000000000031
:101FB0000000000000000000000000000000000021
:101FC0000000000000000000000000000000000011
:101FD0000000000000001FFFFFFC100000041000C4
:101FE00000041000000410000004100000041000A1
:101FF00000041000000400000000000000000000C9
:1020000000000000000000000000000000000000D0
:1020100000000000000000000000000000000000C0
:1020200000000000000000000000000000000000B0
:1020300000000000000000000000000000000000A0
:10204000000000000000000000000700000003C0C6
:10205000000000780000001E00000003C000000027
:10206000F00000001E0000000780000000F00000EB
:10207000003C00000006000000000000000000001E
:102080000000000000000000000000000000000050
:102090000000000000000000000000000000000040
:1020A0000000000000000000000000000000000030
:1020B0000000000000000000000000000000000020
:1020C00000000000000010000004100000041000D8
:1020D00000041000000410000004100000041000B0
:1020E00000041FFFFFFC00000000000000000000D3
:1020F00000000000000000000000000000000000E0
:1021000000000000000000000000000000000000CF
:1021100000000000000000000000000000000000BF
:1021200000000000000000000000000000000000AF
:10213000000000000000000000000000000000009F
:10214000000000000000000000000000000002008D
:10215000000004000000080000001800000010004B
:102160000000180000001800000004000000020039
:10217000000000000000000000000000000000005F
:10218000000000000000000000000000000000004F
:10219000000000000000000000000000000000003F
:1021A000000000000000000000000000000000002F
:1021B000000000000000000000000000000000001F
:1021C000000100000001000000010000000100000B
:1021D00000010000000100000001000000010000FB
:1021E00000010000000100000001000000010000EB
:1021F00000010000000100000001000000010000DB
:1022000000000000000000000000000000000000CE
:1022100000000000000000000000000000000000BE
:1022200000000000000000000000000000000000AE
:10223000000000000000000000000000000000009E
:10224000000000000000000000001000000010006E
:10225000000010000000180000000800000004004A
:10226000000000000000000000000000000000006E
:10227000000000000000000000000000000000005E
:10228000000000000000000000000000000000004E
:10229000000000000000000000000000000000003E
:1022A000000000000000000000000000000000002E
:1022B000000000000000000000000000000000001E
:1022C00000000000038000018FC000038C60000646
:1022D0001820000410200004102000042020000416
:1022E0002040000620400003FFC00001FFE0000086
:1022F000002000000020000000C0000000000000DE
:1023000000000000000000000000000000000000CD
:1023100000000000000000000000000000000000BD
:1023200000000000000000000000000000000000AD
:10233000000000000000000000000000000000009D
:102340000000020000000200000003FFFFE007FFA2
:10235000FFC0000180C000020060000200200004F5
:1023600000200004002000040020000600400003BC
:1023700000C00001FF800000FE000000000000001F
:10238000000000000000000000000000000000004D
:10239000000000000000000000000000000000003D
:1023A000000000000000000000000000000000002D
:1023B000000000000000000000000000000000001D
:1023C00000000000000000007E000001FF8000030C
:1023D00081C000020040000600200004002000042C
:1023E000002000040020000600200003C04000017F
:1023F000C08000000300000000000000000000009A
:1024000000000000000000000000000000000000CC
:1024100000000000000000000000000000000000BC
:1024200000000000000000000000000000000000AC
:10243000000000000000000000000000000000009C
:1024400000000000000000007E000001FF8000038B
:1024500080C000060060000400200004002000048A
:102460000020020400400202008003FFFFE007FF9B
:10247000FFC000000040000000400000000000001D
:10248000000000000000000000000000000000004C
:10249000000000000000000000000000000000003C
:1024A000000000000000000000000000000000002C
:1024B000000000000000000000000000000000001C
:1024C00000000000000000007E000001FF8000030B
:1024D00011C000021040000410600004102000042D
:1024E00010200004102000061020000310400001FE
:1024F000F0C00000710000000000000000000000BB
:1025000000000000000000000000000000000000CB
:1025100000000000000000000000000000000000BB
:1025200000000000000000000000000000000000AB
:10253000000000000000000000000000000000009B
:10254000000000000000000400000004002000045F
:10255000002000040020007FFFE001FFFFE00104F5
:1025600000200304002002040020020400200204D2
:1025700000000200000001C0000001C000000000D7
:10258000000000000000000000000000000000004B
:10259000000000000000000000000000000000003B
:1025A000000000000000000000000000000000002B
:1025B000000000000000000000000000000000001B
:1025C0000000000000000000001C0000E33E0003CB
:1025D000FFC200020CC3000404C1000404C10004D3
:1025E00004C1000404C100060CC10003F8C30005C7
:1025F000F0620006007E0006003C000000000000C3
:1026000000000000000000000000000000000000CA
:1026100000000000000000000000000000000000BA
:1026200000000000000000000000000000000000AA
:10263000000000000000000000000000000000009A
:102640000000020000200200002003FFFFE007FF5F
:10265000FFE000010020000200200006000000044E
:102660000000000400000004002000060020000319
:10267000FFE00001FFE0000000200000002000005B
:10268000000000000000000000000000000000004A
:10269000000000000000000000000000000000003A
:1026A000000000000000000000000000000000002A
:1026B000000000000000000000000000000000001A
:1026C00000000000000000000000000400200004E2
:1026D000002000040020000400200387FFE0038F97
:1026E000FFE0038000200000002000000020000028
:1026F00000200000000000000000000000000000BA
:1027000000000000000000000000000000000000C9
:1027100000000000000000000000000000000000B9
:1027200000000000000000000000000000000000A9
:102730000000000000000000000000000000000099
:102740000000000000000000000000000006000083
:102750000007000000010000000100040001000467
:10276000000100040003000400060387FFFC038F40
:10277000FFF80380000000000000000000000000DF
:102780000000000000000000000000000000000049
:102790000000000000000000000000000000000039
:1027A0000000000000000000000000000000000029
:1027B0000000000000000000000000000000000019
:1027C0000000020000200200002003FFFFE007FFDE
:1027D000FFE0000008200000102000003000000092
:1027E000FC0000058E00000707A0000601E00004C1
:1027F00000E00004002000000020000000000000B5
:1028000000000000000000000000000000000000C8
:1028100000000000000000000000000000000000B8
:1028200000000000000000000000000000000000A8
:102830000000000000000000000000000000000098
:102840000000000000000000000002000020020064
:102850000020020000200200002003FFFFE007FF2D
:10286000FFE0000000200000002000000020000029
:102870000020000000000000000000000000000038
:102880000000000000000000000000000000000048
:102890000000000000000000000000000000000038
:1028A0000000000000000000000000000000000028
:1028B0000000000000000000000000000000000018
:1028C0000000000400200007FFE0000FFFE000020E
:1028D000002000040000000400200007FFE00003C7
:1028E000FFE00002002000040000000400200007B8
:1028F000FFE00003FFE000000020000000000000F7
:1029000000000000000000000000000000000000C7
:1029100000000000000000000000000000000000B7
:1029200000000000000000000000000000000000A7
:102930000000000000000000000000000000000097
:10294000000000040020000400200007FFE0000F4A
:10295000FFE000010020000200200002000000044F
:102960000000000400000004002000060020000316
:10297000FFE00001FFE00000002000000020000058
:102980000000000000000000000000000000000047
:102990000000000000000000000000000000000037
:1029A0000000000000000000000000000000000027
:1029B0000000000000000000000000000000000017
:1029C00000000000000000007E000000FF80000307
:1029D00081C0000200400006002000040020000426
:1029E0000020000400200006002000020040000338
:1029F00081C00001FF8000007E0000000000000098
:102A000000000000000000000000000000000000C6
:102A100000000000000000000000000000000000B6
:102A200000000000000000000000000000000000A6
:102A30000000000000000000000000000000000096
:102A4000000000040001000400010007FFFF000F68
:102A5000FFFF000100C1000200410004002000044B
:102A600000200004002000040020000600400003B5
:102A700001C00001FF8000007E0000000000000097
:102A80000000000000000000000000000000000046
:102A90000000000000000000000000000000000036
:102AA0000000000000000000000000000000000026
:102AB0000000000000000000000000000000000016
:102AC00000000000000000007E000001FF80000305
:102AD00080C0000200600004002000040020000408
:102AE00000200004002000020041000300C1000398
:102AF000FFFF0007FFFF00000001000000010000D1
:102B000000000000000000000000000000000000C5
:102B100000000000000000000000000000000000B5
:102B200000000000000000000000000000000000A5
:102B30000000000000000000000000000000000095
:102B40000000000400200004002000040020000415
:102B50000020000FFFE0000FFFE00000C020000198
:102B600000200002002000060020000400000004F5
:102B7000000000070000000300000000000000004B
:102B80000000000000000000000000000000000045
:102B90000000000000000000000000000000000035
:102BA0000000000000000000000000000000000025
:102BB0000000000000000000000000000000000015
:102BC000000000000000000003E00001C0E000037E
:102BD000E0400006302000043020000418200004EB
:102BE00018200004182000040C2000020C600003D0
:102BF00007C0000783800000000000000000000004
:102C000000000000000000000000000000000000C4
:102C100000000000000000000000000000000000B4
:102C200000000000000000000000000000000000A4
:102C30000000000000000000000000000000000094
:102C40000000000000000004000000040000000478
:102C50000000000C0000001FFF8000FFFFC0000408
:102C60000060000400200004002000040020000494
:102C70000040000001800000000000000000000093
:102C80000000000000000000000000000000000044
:102C90000000000000000000000000000000000034
:102CA0000000000000000000000000000000000024
:102CB0000000000000000000000000000000000014
:102CC000000000040000000400000007FF80000F67
:102CD000FFC0000000600000002000000020000095
:102CE00000200000002000040040000400800007D5
:102CF000FFE0000FFFC000000040000000400000A7
:102D000000000000000000000000000000000000C3
:102D100000000000000000000000000000000000B3
:102D200000000000000000000000000000000000A3
:102D30000000000000000000000000000000000093
:102D400000000004000000040000000780000007ED
:102D5000F0000004FE0000041FC0000003E00000BB
:102D6000038000001C0000046000000780000006D3
:102D7000000000040000000000000000000000004F
:102D80000000000000000000000000000000000043
:102D90000000000000000000000000000000000033
:102DA0000000000000000000000000000000000023
:102DB000000000000000000000000000000000040F
:102DC0000000000600000007C0000007FC0000042F
:102DD0003F80000003E000040F800006F0000007C1
:102DE000F0000007FF8000040FE0000003800004F3
:102DF0003C000007C00000060000000400000000C6
:102E000000000000000000000000000000000000C2
:102E100000000000000000000000000000000000B2
:102E200000000000000000000000000000000000A2
:102E30000000000000000000000000000000000092
:102E400000000000002000040020000400600007D3
:102E500000E0000783200007E6000004F8000000FF
:102E60003C0000045E20000587A0000601E000048D
:102E700000600004002000000020000000000000AE
:102E80000000000000000000000000000000000042
:102E90000000000000000000000000000000000032
:102EA0000000000000000000000000000000000022
:102EB0000000000000000000000000000000000012
:102EC00000000004000000040003000700030007E6
:102ED000E0010004F80100041F02000007FC0000EC
:102EE00000E000000700000438000007C0000006F2
:102EF00000000004000000040000000000000000CA
:102F000000000000000000000000000000000000C1
:102F100000000000000000000000000000000000B1
:102F200000000000000000000000000000000000A1
:102F30000000000000000000000000000000000091
:102F400000000000000000078060000600E00004B0
:102F500003E0000407A000040E2000043C2000044D
:102F600070200005E02000078020000700600004BA
:102F700000E00000038000000000000000000000EE
:102F80000000000000000000000000000000000041
:102F90000000000000000000000000000000000031
:102FA0000000000000000000000000000000000021
:102FB0000000000000000000000000000000000011
:102FC0000000000000000000000000000000000001
:102FD0000000000000000000000000008000000071
:102FE00080000001400007FE3FF8080000041000C8
:102FF00000021000000200000000000000000000BD
:1030000000000000000000000000000000000000C0
:1030100000000000000000000000000000000000B0
:1030200000000000000000000000000000000000A0
:103030000000000000000000000000000000000090
:103040000000000000000000000000000000000080
:103050000000000000000000000000000000FFFF72
:10306000FFFF000000000000000000000000000062
:103070000000000000000000000000000000000050
:103080000000000000000000000000000000000040
:103090000000000000000000000000000000000030
:1030A0000000000000000000000000000000000020
:1030B0000000000000000000000000000000000010
:1030C00000000000000010000002100000020800D4
:1030D000000407FE3FF800014000000080000000EF
:1030E0008000000000000000000000000000000060
:1030F00000000000000000000000000000000000D0
:1031000000000000000000000000000000000000BF
:1031100000000000000000000000000000000000AF
:10312000000000000000000000000000000000009F
:10313000000000000000000000000000000000008F
:1031400000001800000030000000400000004000B7
:1031500000004000000020000000300000000800D7
:103160000000040000000200000002000000020055
:1031700000000C000000180000000000000000002B
:10318000000000000000000000000000000000003F
:10319000000000000000000000000000000000002F
:1031A000000000000000000000000000000000001F
:1031B0000000000000000000000000000000C6D574
:1031C0000000000000E0380000783C00003C78007F
:1031D000003C70C0001CE1E01FFFFFF0001CE3009A
:1031E0000E1CE7C0079CE78003DCEF0003DCEE0069
:1031F00001DCFC60009CF9F07FFFFFF8000000009C
:1032000001C00E0001FFFF0001C00E0001C00E0052
:1032100001C00E0001FFFE0001C00E0001C00E0043
:1032200001C00E0001FFFE0001C00E0001C00E0033
:1032300000000000D6D000000000000700000007DA
:1032400080000007000000070000000700000007E2
:1032500001801FFFFFE01FFFFFE01E0701C01E07E8
:1032600001C01E0701C01E0701C01E0701C01E07C6
:1032700001C01FFFFFC01FFFFFC01E0701C01C07CA
:1032800001800007000000070000000700000007A1
:103290000000000700000007000000070000000712
:1032A00000000007000000000000BFC60000000092
:1032B00000000780003C07C001FC07803FE007805A
:1032C00039C1C78001C0E78001C0F78001C07780A5
:1032D00001DE77807FFE078001C0078003C3C780BF
:1032E00003E1E78003F8F78007FCE7F00FDE67F8FB
:1032F0000FDC07F81FC0FF801DDFE78039CC078097
:1033000071C0078061C0078001C0078001C00780CD
:1033100001E0078001E0078001C007000000000015
:10332000BCBC000000000380300003C03C0003C0B0
:103330003C0003C0380003C0380003C0386003F805
:1033400038F07FFFFFF003C0380003C0380003C02F
:10335000380003DC39C003FFFFE007E383C03FC14F
:1033600083C07FC1C3803BC1C78003C0EF0003C0DF
:10337000EF0003C07E0003C07C0003C07C0003C0DC
:10338000FE003BC3EF803F8787F80FBF03F8077845
:1033900000E000000000000034620108FFFF0000B0
:1033A000FFFF000010840000FFFF000018C60000AF
:1033B00010848040C02A80D420609FDF1A4C80B2E5
:1033C000E615406A94BFEA12375B80A4C8ED10305E
:1033D00050708FAFCFEFD250E6963CEBB97D32FA0A
:1033E000F2DBBF9E754C280033CFCFCFCFCFCFCFEE
:1033F000340067CF4223F88FF88FF38AA06400006F
:103400004104100003F00F300006D04F000009A067
:103410006C000CFFFFFFF4000F40C600003F00F4FB
:1034200000237D35F3306CEECEFC9000C709A00080
:1034300000F40C700002F00F400000032000000CAC
:103440008000005DA3000CFCEF606F401CE08F006B
:1034500007F27F4000001DF93000018EFB200000C4
:103460006FD0420006F4EB0005F48F634CE019FFC7
:10347000FC30000F4000000C3000016730000000FD
:10348000CB9F2001002F00B804F003F00A80D50084
:103490000E74E48C00002AC52E200000000B801062
:1034A000000005D1CDF50001D48B05E000990C801A
:1034B0000F001E108A05F0000001DCF5000000007E
:1034C0001000001675000001EFCF900006F206F123
:1034D0000008F106F00002F87E6000009FF6000090
:1034E00003EFE300412EB2DC11F48F203FB6F26F00
:1034F0002004FFA02FB305EF7003DFFFAAF4000044
:1035000020000042F8F7F27000071009D105F20020
:10351000E8004F300AE000CC000EB000F8000DC00B
:1035200000CC000AE0003F3000CA0003F30006F1BF
:1035300000050081000AC1000D90004F2000F90035
:103540000AE0008F0006F3004F4006F2008F000AE9
:10355000E000F7005F201D700AA000500000002767
:10356000000012F0002E9F9E104DFC5103FAE10066
:10357000580B300002720000004F40000004F400BD
:1035800000004F40008FFFFFFF82447F7442000421
:10359000F40000004F40000003C30000C6F8F5E04F
:1035A000466658CCCB56BC00001300007E0000E7F6
:1035B0000004F2000AB0001E50006F0000D90002A3
:1035C000F20009D0000F60005F1000BA0000015740
:1035D00051002CECEC20AE101EA0F80008F0F80012
:1035E00008F1F80008F4F80008F4F80008F4F8000E
:1035F00008F0FA000AF07F616F7008FFF80000021F
:103600000000233748FFF8000F8000F8000F80000B
:10361000F8000F8000F8000F8000F8000F8000F81D
:10362000015761001DFCEE30AF101EB0A8000CE089
:1036300000000EB000007F400003E900001CD00035
:1036400000DE10000AF300007F733331CFFFFFF478
:1036500001576203DFCEE4BE101EC84000BE00006A
:103660000DC0067AF3009CEC300000CD000008FF8E
:1036700090009F9E505EB19FFFA1000200000000DD
:103680000330000003FF000000CFF000006FAF0028
:10369000001E88F0000AD08F0004F408F000DA0061
:1036A0008F006FCBBDFB648888CF84000008F000DA
:1036B00000008F00043333300FFFFFC04F40000085
:1036C0004F3000006F1331008FEFFD308E203FB080
:1036D000000009F0000008F1CC0009F07F506E9066
:1036E00009FFFA10000200000036751006FDCE40FA
:1036F0004F700000BE000000DB033000FADFFE3038
:10370000FF302DD0F80005F4CC0004F4AE0006F232
:103710002F924EC004EFFC1000010000133333332E
:1037200013CCCCCDF4000000BD0000007F200000D1
:103730002E6000000AE0000001F60000006F10009B
:10374000000BD0000000CC0000000EC0000000FC08
:10375000000000167610003EFCFE300BF101FB006D
:10376000CC000CD00AD100EB001DD7CD10019FCEAC
:103770009100CD101DB02F70006F21F80008F10CE2
:10378000E505EC001AFFFB10000020000000167495
:103790000003EECFB00DC103F82F6000CC4F400006
:1037A0009E1F70009F0CE407FF01CFFD9F000030BB
:1037B000BD000000EB02303AF306FFFE40000300BC
:1037C0000066CC000000000066CC66CC0000000063
:1037D00000C6F8F5E0000004B0006BFE06DFA408A8
:1037E000FA20002AFC5100029FE9000018F00000B6
:1037F000019BBBBB96888886000000067777769C85
:10380000CCCC90A200000FFA400006BFC5000028F3
:10381000FB0039EE76CFD600FA400002000000002F
:10382000677201CFCEE46F301EC24000CE00000EA2
:10383000B0000AF30006F60002F900003C30000078
:1038400000000027400004F80000000030000000E5
:10385000006BFCFC6000019D30002BA1008B100070
:10386000000B802F2007A9202F19A009D69F00C484
:10387000C604F207C00A6F408D008C0088F00CC0AF
:1038800008A0088F40CC00C800D4F40AD14E906E36
:103890000BA03FFD5FCD203F1002001100009C30C7
:1038A00000000000007FA779A000000014786100EC
:1038B0000000003300000000EF10000004FF700063
:1038C000000AEBC000000F96F200005F21F7000035
:1038D000BD00BD0001F9337F3006FFFFFF900DD022
:1038E000000AD02F700005F47F100000FA33333344
:1038F000000CFCCEFB10CC0004F80CC0000CC0CCBB
:103900000001EA0CD778DC10CFCCCDE60CC0000764
:10391000F4CC00000F8CC00002F7CC3334CF2CFF66
:10392000FFFB3000257510007FDCEE604F8001BE8C
:103930002CE00003F5F80000042F80000000F800E0
:1039400000000F80000000EA00000C6AE10005F4AE
:103950001FC314EC002CFFF91000002000003333CB
:1039600032000CFCCFFA10CC0004EC0CC00004F7C1
:10397000CC00000EBCC00000CCCC00000CCCC000C1
:1039800000CCCC00000F9CC00008F4CC3349F80CEC
:10399000FFFFC40033333331CFCCCCC3CC000000A5
:1039A000CC000000CC000000CD777740CFCCCC60BD
:1039B000CC000000CC000000CC000000CC33333140
:1039C000CFFFFFF433333332CFCCCCC6CC00000072
:1039D000CC000000CC000000CC333320CFFFFF80B0
:1039E000CC000000CC000000CC000000CC000000A7
:1039F000CC00000000257520007FECEE604F9000A9
:103A0000AE2CE00002F6F90000000F80000000F884
:103A1000006BBB6F800488F8EB00000F8AE20000A7
:103A2000F81FC4027F601AFFFE5000002000003320
:103A30000000023CC000008FCC000008FCC0000069
:103A40008FCC000008FCC333339FCFFFFFFFFCC0C7
:103A500000008FCC000008FCC000008FCC000008E4
:103A6000FCC000008F358F8F8F8F8F8F8F8F8F8F40
:103A70008F00000042000000F8000000F800000085
:103A8000F8000000F8000000F8000000F800000056
:103A9000F8130000F84F4004F52FB22CF105EFFDAC
:103AA0003000011000330000132CC0001CD1CC00EA
:103AB0000AF30CC007F400CC04F6000CC4EA0000C2
:103AC000CFCF90000CC08F6000CC00BE300CC00186
:103AD000DD10CC0003FC0CC00005F933000000CC65
:103AE000000000CC000000CC000000CC000000CCA6
:103AF000000000CC000000CC000000CC000000CC96
:103B0000000000CC333332CFFFFFF8332000000237
:103B100032CFA000000CF8CFF100002FF8CDF70055
:103B2000009EF8CCAC0000F8F8CC3F3005F2F8CCA1
:103B30000DA00BB0F8CC06E12F50F8CC01F68E00AA
:103B4000F8CC00ACD800F8CC003FF200F8CC000D67
:103B5000B000F8330000023CF700008FCFE100080E
:103B6000FCDFA0008FCC5F5008FCC0CD108FCC02D2
:103B7000F908FCC007F48FCC000DC8FCC0003FEF73
:103B8000CC00009FFCC00001EF00257410007FEC0A
:103B9000FE504F9001AF2DD00001EBF800000ADF7E
:103BA0008000008FF8000008FF8000008FF90000FF
:103BB0000CDAE10002F81FC434ED102BFFF91000FD
:103BC00000100000333333100CFCCCFE60CC00013D
:103BD000BE2CC00003F6CC00003F6CC0000AF2CE41
:103BE000BBBEF60CE8884200CC0000000CC0000010
:103BF00000CC0000000CC00000000025741000077D
:103C0000FECFE5004F9001AF20DD00001EB0F800B0
:103C1000000AD0F8000008F0F8000008F0F80000F2
:103C200008F0F900000CE0AE10002F901FC434EF34
:103C30004002BFFFAFE300002001D6333333000C56
:103C4000FCCDFD30CC0001DD0CC00007F2CC000043
:103C50008F1CC3335E90CFFFFFC10CC0005FB0CCA0
:103C600000008F0CC00008F4CC00006F4CC00003B3
:103C7000F7004773000CFCCFB17F3003F9BD0000A3
:103C8000BC7F3000001DF94000007DFE7000002860
:103C9000F9420000AEEA0000AF6F7216F906EFFFBE
:103CA000800000100033333333319CCCFECCC30092
:103CB00000F800000000F800000000F8000000001C
:103CC000F800000000F800000000F800000000F814
:103CD00000000000F800000000F800000000F800FC
:103CE00000330000033CC00000CCCC00000CCCC072
:103CF0000000CCCC00000CCCC00000CCCC00000CF0
:103D0000CCC00000CCCC00000EBAE10002F82FB30A
:103D100014CE103CFFFB2000001000003300000018
:103D2000338F200001FA2F800006F40CD0000BE046
:103D300006F3001F8001F9007F2000AD00DD0000C8
:103D40005F42F600000EA7F1000009EDA00000029E
:103D5000FF50000000DE0000330000430001328FFE
:103D60002002FD0006F54F6006FF2009F10F900AC2
:103D7000CF700DD00CC00FADB00F9008F03F58E0E1
:103D80004F5005F47F03F48F1001F8CB00F8BD000D
:103D900000DBF700ACE900009DF2006EF600005F6A
:103DA000E0001FF200001F90000DE0001320000251
:103DB000320DE1000CF104F9006F70009F21EC005E
:103DC000001EB9F2000004FF80000001EF30000087
:103DD00009FEB000004F84F70000EE00BE2008F49A
:103DE000002FB03FB00008F523100000434F8000C3
:103DF00007F40BE1001EC002F8008F4000AE21EA7C
:103E000000001FA8F2000008FEA0000001FF100043
:103E10000000CC00000000CC00000000CC0000003E
:103E200000CC00001333333323CCCCCDF80000009A
:103E30009F2000004F7000001DC000000BF200002A
:103E400005F7000001EC000000BF2000005F5000FB
:103E5000001EC3333334FFFFFFFCCFF4CD41CC0051
:103E6000CC00CC00CC00CC00CC00CC00CC00CC00F2
:103E7000CC00CC00CC00CEB3688223000006F20058
:103E8000000F800000AD000003F400000DA0000052
:103E90007F100001F600000AC000005F300000E95A
:103EA000000008E000002F60FFF4AF08F08F08F07A
:103EB0008F08F08F08F08F08F08F08F08FCDF8880A
:103EC000001300009F3000FEA006F7F10DA0F73FA1
:103ED000309D240014FFFFFFF3333333301B800386
:103EE000F500230017771003EDBEE20BD001F800B8
:103EF0000000DC019CFFFC0DE500CC2F8000EC0FE6
:103F0000A44BFC06FFF6CC0002000033000000CCFE
:103F1000000000CC000000CC000000CC477200CEB6
:103F2000FCEF50CE101DD0CC0006F4CC0004F4CC35
:103F30000004F4CC0007F3CF634EC0C8CFFD1000DF
:103F40000110000016761003EEAEC10CE101F81F5F
:103F50008000654F4000003F6000000FA000970800
:103F6000E517F5009FFF80000020000000002300FF
:103F700000008F0000008F0000008F0027748F0367
:103F8000EECECF0CE101DF0F80008F4F50008F4F3E
:103F900050008F0F90009F0AE526FF01CFFD7F00A4
:103FA0000010000016761002DEBFC10CE102F71F00
:103FB0009333CB4FFFFFFC3F7000000FA0000008C1
:103FC000F61152007FFFE30000210000043100CF12
:103FD000F404F70008F1006BF7609EFC9008F00015
:103FE00008F00008F00008F00008F00008F00008F1
:103FF000F0000027742703EECEBF0AF100CF0F9028
:10400000008F1F80008F1F80008F0FA0009F08F679
:1040100035EF01AFFEBF0000209F003002EB02FF32
:10402000FFE2002564003300000CC00000CC00005B
:104030000CC00000CC27750CDDCEF6CE100DCCC028
:10404000008FCC0008FCC0008FCC0008FCC0008FA3
:10405000CC0008F033CC660066CCCCCCCCCCCCCC3D
:10406000CC003300CC00330000006700CF00CF004D
:10407000CF00CF00CF00CF00CF00CF00CF00DC8D2E
:10408000F526203300000CC00000CC00000CC0005E
:1040900000CC00175CC00BF3CC07F60CC3EA00CFD2
:1040A000FF100CC2F900CC07F50CC00CE2CC002FBD
:1040B000B033BCBCBCBCBCBCBCBCBCBCBCBC6427C2
:1040C00074027730CBECFF7ECEF4CE102FF301FBE1
:1040D000CC000CC000CCCC000CC000CFCC000CC07D
:1040E00000CFCC000CC000CFCC000CC000CFCC0067
:1040F0000CC000CF6427750CADCDF6CE100DCCC032
:10410000009FCC0008FCC0008FCC0008FCC0008FD2
:10411000CC0008F000167610002DEBEE300CE1011B
:10412000DC00F80006F34F40004F42F60004F40FA5
:10413000A0008F108F615E90008FFF900000010043
:104140000062477200CCECEF50CE101ED0CC0006BF
:10415000F3CC0004F4CC0004F4CC0008F2CE405EB2
:10416000C0CDDFFD10CC011000CC000000CC000061
:1041700000330000000027743603EEAECC0CE101E2
:10418000EC0F8000CC4F5000CC4F5000CC0F900073
:10419000CC0AE406FC01CFFDDC000020CC000000CE
:1041A000CC000000CC0000003364372CAEF4CE10FD
:1041B0000CC000CC000CC000CC000CC000CC000037
:1041C00002775006FDAFC0DD004F5BD200003CFD22
:1041D0008200027DE384001F8DC307F63CFFF800D8
:1041E0000020000470008F006BF769EFC908F00031
:1041F0008F0008F0008F0008F0006F5101DFC00051
:10420000208600047FC0008FFC0008FFC0008FFCE8
:104210000008FFC0008FCC0009F8F426FF1CFFC97E
:10422000F0011000470000765F5002F70EA007F182
:1042300009E00CB002F51F5000DA6F00006EBA0002
:10424000001FF300000BE0004700056000856F30A1
:104250000EE002F71F703FF506F20DB09CC909E0B1
:1042600008E0D77D0D9003F5F22F4F5000FCE00DD4
:10427000CF0000AF9007FB00005F3002F600373040
:1042800003731EB00CE104F56F50009DDB00001FAE
:10429000F100005FF50001EA9E100BF11FA05F70B6
:1042A00006F5670000867F3003F71F9009F20BD0F8
:1042B0000EB005F33F6000E99F10009DDA00002F6B
:1042C000F500000DE000000F9000007F20001FF9B6
:1042D000000017300000277777723CCCCFF3000046
:1042E0004F800001EC00000CF100007F500003F94A
:1042F00000001DE333324FFFFFF8000050001CE2C6
:10430000008F1000CC0000CC0000DC0001F9004A56
:10431000F2006FB00003F70000EB0000CC0000CC0F
:104320000000BD00003F910003A132DADADADADAE8
:10433000DADADADADADADADA410008F4000AE00086
:104340004F4004F4004F4003F6000AE7005FD01F1F
:104350009004F4004F4004F4007F204E9008600069
:104360000231000005EFF7005AE707FB7D861003D6
:10437000BC90000000000003740000000058DFFC47
:104380000000069EFFFFFC00007FFFFFFFFC000017
:104390008FFFFFFFFC00008FFFFFD7AC00008FFBFB
:1043A00061008C00008D0000008C00008C0000007B
:1043B0008C00008C000364AC00008C00AFFFFC009C
:1043C000208C00FFFFFB6DFFEC004DFFA1FFFFFC09
:1043D000000000008FFFF400000000014400000016
:1043E0000000377777777777777750FB8FF8888873
:1043F00088DF89F1F408800000008C00F4F63A8030
:104400000000008C34F4FFFF800000008FFFF4F503
:1044100009800000008D01F4F408800000008C0089
:10442000F4FCBEEBBBBBBBDFBCF4FA8DD88888883C
:10443000CE89F4F408800000008C00F4F73B800083
:1044400000008D34F4FFCF800000008FDEF4F4090B
:10445000800000008C00F4F409900000008C00F44F
:10446000DEBFFBBBBBBBFFCDF0144444444444441B
:1044700044107777317777777776FFFF84FFFFFFF8
:10448000FFFFFFFF84FFFFFFFFFFBCCC52CCCCCC73
:10449000CCCB0000000000000000DFFF72EFFFFF48
:1044A000FFFCFFFF84FFFFFFFFFFFFFF84FFFFFF15
:1044B000FFFF588810788888888557771077777736
:1044C0007775FFFF84FFFFFFFFFFFFFF84FFFFFF04
:1044D000FFFFDFFF72FFFFFFFFFD0000000000098C
:1044E000600000000000AFF6000000000AFFFE03BD
:1044F000500000AFFFF33EF9000AFFFF30EFFF90DE
:10450000AFFFF3006FFFFBFFFF300006FFFFFFF37D
:104510000000006FFFFF3000000006FFF300000006
:1045200000006C30000000035000015103EF6001F7
:10453000CFC1FFFF61CFFF86FFFFDFFFF306FFFF65
:10454000FFF30007FFFFF30001CFFFFF6001CFFF84
:10455000FFFF60CFFFF8FFFF5DFFF306FFF71DF3DE
:104560000006FA000100000200000000A7000000A1
:10457000000004FF000000001514FF02500003CFEC
:1045800084FF0CF9000DFF34FF09FF806FF404FF76
:1045900000AFF2BFA004FF001FF7FF6003FF000C95
:1045A000FAFF4000320009FCEF700000000DF9AF87
:1045B000D00000003FF52FF9000001CFE008FFC553
:1045C000337EFF30009FFFFFFFF5000004BFFFEACE
:1045D0002000000000100000000000047720000010
:1045E000002209FF40300003EE7DFFB8F9000BFF09
:1045F000FFFFFFFF6002FFFFFFFFFC0013EFF81259
:10460000CFFB30FFFFD0001FFFFCFFFFA0000FFF1C
:10461000FCACFFE1004FFFC700EFFD78EFF90006AB
:10462000FFFFFFFFFE3009FFFFFFFFFF5000AA1C46
:10463000FF73C600000008FF4000000000014400B6
:10464000000000007777400000007E889F10004344
:104650003D8333D8332CFDCCCCCCCFE60C400000CE
:1046600000C800C44426071C800C4884C0F4C8005D
:10467000C4884C0F4C800C4884C0F4C800C4884CDB
:104680000F4C800C4884C0F4C800C42213040C8072
:104690000C50000000D7008FFFFFFFFF10002444E4
:1046A00044440000000000161057400000003EFC8B
:1046B0002CF80000006ED4EEDF8000008FA7E5DF4D
:1046C000F800019F89FFF6AFA001CF7AFFFFF97FC5
:1046D000B1BF6CFFFFFFFC6F711CFFFFFFFFF820F5
:1046E00000CFFFA8CFFF80000CFFF408FFF8000008
:1046F000CFFF408FFF80000BFFF408FFF7000000A2
:1047000002BBA100000000004FFF400000000004B9
:10471000FFF400000000004FFF400000000336FFE0
:10472000F632000000FFFFFFFFF0000006FFFFFF72
:10473000F300000006FFFFF30000000006FFF30097
:104740000007777736F3377775FFFFFE304EFFFFB0
:10475000CFFFFFFFEFFEFFECFFFFFFFFFF7AA7CDCC
:10476000FFFFFFFFFFFFFB0027777777610000EF78
:10477000FFFFFFF80004FB444444EE000BF200008E
:10478000008F602FC00000001FD09F500000000A63
:10479000F4FE3320000336FAFFFFD0002FFFFCFFAA
:1047A000FFF977BFFFFCFFFFFFFFFFFFFCFFFFFFED
:1047B000FFFFFFFCFFFFFFFFFFFFFB00002577511E
:1047C00000000019FFFFFE70AB01CFFFCDFFFDFC25
:1047D0000DFF70001BFFFC5FF500000AFFFCBFA08F
:1047E00000006FFFFB2410000004444100000000A3
:1047F00000000077777000000774FFFFD000003FD3
:10480000F3FFFE100001CFC0FFFFC5337EFF30FD78
:104810009FFFFFFFF3007104BFFFE81000000000DE
:104820001000000000000AC0000AFC000AFFCFFFD1
:10483000FFFCFFFFFFCFFFFFFCFFFFFFC788FFFC70
:104840000003FFC00003FC0000038000000AC0005A
:1048500000000AFC0000000AFFC0000FFFFFFC0977
:1048600060FFFFFFC04F2FFFFFFC00F4FFFFFFC002
:10487000AE0788FFFC05100003FFC000000003FC2A
:1048800000000000038000000000000000F710009E
:104890000000AC0002DC100000AFC00E71BA0000D6
:1048A000AFFC004D91F3FFFFFFC0962F2A9FFFFF43
:1048B000FC04F2C86CFFFFFFC00F4984CFFFFFFC70
:1048C0000AE0D78C788FFFC0517F1D70003FFC003D
:1048D000AF35F100003FC00723E6000000380009B3
:1048E000F6000000000000820000377777777777C6
:1048F000777750FA88888888888889F1F4033000AF
:1049000000000000F4F45FF50000000000F4F4CFB4
:10491000FC0000380000F4F45FF50003EF9000F4B1
:10492000F40000003EFFF900F4F4003603EFFFFF4F
:1049300090F4F403EF7EFFFFFFC0F4F43EFFFFFFAF
:10494000FFFFC0F4F4CFFFFFFFFFFFC0F4F49CCCE7
:10495000CCCCCCCC90F4F400000000000000F3BFFD
:10496000FFFFFFFFFFFFFFD00344444444444443A0
:104970000000000000023000000000003EF90000CE
:10498000000000CFFF900000003B2DFFF700000368
:10499000ECC2DFF500003EBCFC2D600003EBCFFF56
:1049A000C000003EBCFFFF600003EBCFFFF600003D
:1049B0003EDCFFFF600000FAAFFFF6000000F61AD1
:1049C000FF60000000FF46F600000000FFFF6000EF
:1049D000000000444300000000007720000032FF88
:1049E000400003E4FF40003EF4FF4003EFF4FF40CB
:1049F0003EFFF4FF43EFFFF4FF7EFFFFF4FFFFFFF6
:104A0000FFF4FF5DFFFFF4FF41DFFFF4FF401DFFF8
:104A1000F4FF4001DFF4FF40001DF4FF400001D42B
:104A200023000000108100000000000FE7000000DC
:104A30000000FFFD500000000FFFFFB4000000FF6A
:104A4000FFFFFA20000FFFFFFFFF8100FFFFFFFFC6
:104A5000FFE70FFFFFFFFFFFF5FFFFFFFFFFA10FC6
:104A6000FFFFFFFC2000FFFFFFD400000FFFFE60F0
:104A7000000000FFF8100000000FA100000000007F
:104A80002000000000000077777500777775FFFF42
:104A9000FC00FFFFFCFFFFFC00FFFFFCFFFFFC0032
:104AA000FFFFFCFFFFFC00FFFFFCFFFFFC00FFFF20
:104AB000FCFFFFFC00FFFFFCFFFFFC00FFFFFCFF13
:104AC000FFFC00FFFFFCFFFFFC00FFFFFCFFFFFC03
:104AD00000FFFFFCFFFFFC00FFFFFCFFFFFC00FFEF
:104AE000FFFCFFFFFB00FFFFFB2444410024444187
:104AF00077777777777775FFFFFFFFFFFFFCFFFF83
:104B0000FFFFFFFFFCFFFFFFFFFFFFFCFFFFFFFFBB
:104B1000FFFFFCFFFFFFFFFFFFFCFFFFFFFFFFFFAB
:104B2000FCFFFFFFFFFFFFFCFFFFFFFFFFFFFCFF9E
:104B3000FFFFFFFFFFFCFFFFFFFFFFFFFCFFFFFF8B
:104B4000FFFFFFFCFFFFFFFFFFFFFCFFFFFFFFFF7B
:104B5000FFFB244444444444415000000870F600E4
:104B6000004FF4FF60004FF4FFF6004FF4FFFF60CA
:104B70004FF4FFFFF64FF4FFFFFFAFF4FFFFFFFF1F
:104B8000F4FFFFFD5FF4FFFFD14FF4FFFD104FF482
:104B9000FFD1004FF4FD10004FF4D100003FF3109F
:104BA0000000033000000053000000000006FE304B
:104BB000000000006FFFE300000006FFFFFE300072
:104BC000006FFFFFFFE30006FFFFFFFFFE306FFFF8
:104BD000FFFFFFFFE3888888888888867777777764
:104BE000777775FFFFFFFFFFFFFCFFFFFFFFFFFF72
:104BF000FCFFFFFFFFFFFFFB0000000710000000AD
:104C0000AFC100000AFFF80000AFFFD1000AFFFDAE
:104C10001000AFFFD1000AFFFD10007FFFE1000090
:104C20003FFFF9000003FFFF9000003FFFF9000085
:104C300003FFFF9000003FFFF7000003FFF30000B9
:104C4000003D30005300000006FE3000002FFFE35F
:104C5000000006FFFE3000006FFFE3000006FFFECD
:104C60003000006FFFE3000008FFFE00003EFFFA87
:104C70000003EFFFA0003EFFFA0003EFFFA0002EAD
:104C8000FFFA00001DFFA0000001C90000000000A5
:104C900017760000000008FFF0000000008FFF0002
:104CA00000000008FFF0000000008FFF00000DFF73
:104CB000FFFFFFFFF7FFFFFFFFFFFF8FFFFFFFFF7C
:104CC000FFF85888CFFF8888100008FFF000000028
:104CD000008FFF0000000008FFF0000000005FFDF3
:104CE000000000DFFFFFFFFFFF7FFFFFFFFFFFF878
:104CF000FFFFFFFFFFFF858888888888810000000C
:104D000009800000000000006FF6000000000000B5
:104D1000EFFD000000000007FFFF70000000001E14
:104D2000FCCFE1000000008FC00CF800000002EF93
:104D3000C00CFE2000000AFFC00CFFA000002FFFE7
:104D4000C00CFFF20000CFFFE77EFFFB0004FFFF77
:104D5000F88FFFFF400CFFFFC00CFFFFB06FFFFF9D
:104D6000C33CFFFFF6EFFFFFFFFFFFFFFDDFFFFF8D
:104D7000FFFFFFFFFD04444444444444400000005E
:104D800000000031000000000000008C107752008D
:104D9000001477BFC1FFFFB106EFFFFFFCCCEFFCB3
:104DA0005FFFCCEFF60004F8DFD1008F60000077E2
:104DB000FF2000660000000EFA0000000000006FF7
:104DC000F5000031000001DFCA70008C10777CFF15
:104DD0005FF977BFC1FFFFF61DFFFFFFFCCCCB40A3
:104DE000018CCCEFF60000000000008F6000000096
:104DF000000000660000000003300000000000001A
:104E00003EE3000000000003EFFE30000000003E23
:104E1000FFFFE300000003EFFFFFFE3000003EFF56
:104E2000F66FFFE30003EFFF6006FFFE302EFFF694
:104E300000006FFFE20AFF60000006FFA00096007E
:104E4000000000690001C900000000AC101CFF90C8
:104E500000000AFFC11FFFF90000AFFFF103FFFFD1
:104E6000900AFFFF30003FFFF9AFFFF3000003FFA0
:104E7000FFFFFF300000003FFFFFF30000000003D2
:104E8000FFFF3000000000003FF3000000000000C2
:104E9000022000000000030133333333300008F6F2
:104EA0001EFFFFFFFC0006FFE33FFFFFFFC003EF15
:104EB000FFE1000008FC00FFFFFFB000008FC0030F
:104EC0004DFA43000008FC0000CF80000057BFD718
:104ED000700CF8000007FFFFFD00CF9333330AFF8B
:104EE000FF300CFFFFFFF80DFF4000CFFFFFFFF486
:104EF0001D6000167776000000000CFFFFF900002F
:104F00000000FFFFFFC33333330FFFFFFFFFFFFF3F
:104F1000F6FFFFFFFFFFFFFFCFFFFFFFFFFFFFFCDD
:104F2000FFFFFFFFFFFFFFCFFFFFFFFFFFFFFCFFC4
:104F3000FFFFFFFFFFFFCFFFFFFFFFFFFFFCFFFFB4
:104F4000FFFFFFFFFFCFFFFFFFFFFFFFFC4FFFFF54
:104F5000FFFFFFFE3000000001000000000000061F
:104F6000F6000000000006FFF60000000006FFFF4C
:104F7000F600000006FFFFFFF6000001FFFFFFFF45
:104F8000F000000004FFF400000000004FFF4000AC
:104F900000000004FFF400000000004FFF4000008C
:104FA000577762888077774FFFFF7333AFFFFCFF3F
:104FB000FFFFFFFFFFFFCFFFFFFFFFF6AA6CFFFF22
:104FC000FFFFFFFFFFB144444444444440057100E7
:104FD00000000005FF8000000000EFFE2000000040
:104FE0000FFFF700000000DFFA0000000008FF10CC
:104FF000000000002FF900000000009FF6000000F4
:105000000000DFE60007200001DFF81AFE71000152
:10501000DFFFFFFF8000009FFFFFF500000028DF9B
:10502000E50002531000000000006FFFE6000000E2
:105030000130FB02BF5000006A6AEA000CC0004B5E
:1050400040786FA33CC12A60195006EFFF6E8102C1
:10505000A300000443B8A1591000004776A3887B41
:1050600030001AFFFFAAE70086009F700BC006A25F
:105070000690F9001DB00018813BEC36DF300000CF
:1050800029B83EFFC300000000000010000000002F
:10509000000000005ABBBA1000000006FE888E40D7
:1050A0000000006FDC000C40000006F68C000C5382
:1050B00033326F939C000CFECCDEEFFFF9003EF81C
:1050C000004FF4000003E6C8004FF400003E60C843
:1050D000004FF40001EEBBE7004FF40004E88871D4
:1050E000004FF40004C00000004FF63336C000004B
:1050F000004FBCCCCDC00000004F000004C0000039
:10510000004F000004C00000004F000004EBBBBBD8
:10511000BBCF000000444444444277777777772040
:1051200000FAEFFE89FDE300F4CFFC00F4AE30F4AA
:10513000CFFC00F40AE2F4CFFC00F400BAF4BFFFA5
:10514000FFF1008CF404444410008CF400000000D3
:10515000008CF447777777718CF4CC888888E88C5A
:10516000F4C8000000C88CF4C8000000C88CF4C863
:10517000000000C88CFFFFFFFFFFFFFB1444444406
:105180004444400277740006FFF5000AFFE0000E79
:10519000FF90002FFF448B6FFFFFFAAFFFFFF2EF8E
:1051A000FCFFA08401FF400005FC000009F40000A2
:1051B0000DD000001F6000005E000000960000009F
:1051C00020000000000008800000000000005DD406
:1051D00000000000003CFFFFC300000001DFFFFFF4
:1051E000FD10000006FFFFFFFF60000008FFFFFF4B
:1051F000FF80000009FFFFFFFF9000000CFFFFFF92
:10520000FFC000000FFFFFFFFFD000003FFFFFFFC8
:10521000FFF30000AFFFFFFFFFFA0003FFFFFFFFF8
:10522000FFFF303EFFFFFFFFFFFFE32FFFFFFFFF0A
:10523000FFFFF2000003BFFF300000000000AAFAE9
:10524000000000000000033000000023333333333C
:1052500033333320FDCCCCCCCCCCCCCCF1F400001F
:105260000000000000F4F4C88C4F0C4884C0F4F433
:10527000211304031224C0F4F49B6390C2966CC003
:10528000F4F468426081644860F4F46447777777A7
:105290004260F4F4966CCCCCCC6390F4F6333333A8
:1052A00033333333F4BFFFFFFFFFFFFFFFD00000B6
:1052B0000000000430000000004BF700000004BFB5
:1052C000FF1000004BFFFF800004BFFFFFF1004B09
:1052D000FFFFFFF800CFFFFFFFFF10078888AFFF39
:1052E0008000000004FFF1000000004FF800000003
:1052F0000004FF10000000004F800000000004F1D7
:105300000000009BBBBBBB010000FFFFFFFF0B3099
:1053100000FFFFFFFF0CE300FFFFFFFF0CFE30FF6D
:10532000FFFFFF09CCB1FFFFFFFF300000FFFFFFD1
:10533000FFFFFFFCFFFFFFFFFFFFFCFFFFFFFFFF83
:10534000FFFCFFFFFFFFFFFFFCFFFFFFFFFFFFFC76
:10535000FFFFFFFFFFFFFCFFFFFFFFFFFFFCFFFF63
:10536000FFFFFFFFFCFFFFFFFFFFFFFCFFFFFFFF53
:10537000FFFFFB2444444444444100000047777449
:105380001000000003AEFFFFFFFC5000019FFFFE76
:10539000CCCFFFFD303CFFE62001015CFFE65FF76C
:1053A00006AFFFFC614FFA0533DFFFFFFFFE6170C0
:1053B000002FFFC6445AFFF5000006D416AB832C1D
:1053C000A000000006EFFFFF900000000006FFB9FC
:1053D000EFA00000000000513305000000000000B5
:1053E00003FF70000000000000006A0000000026BB
:1053F0007777777777777777400EDCCCCCCCCCCCCF
:10540000CCCCCF40F43333333333333331C80F4C48
:10541000FFFFFFFFFFFFFF4CB1F4CFFFFFFFFFFFD8
:10542000FFF46C8F4CFFFFFFFFFFFFFF4088F4CFBE
:10543000FFFFFFFFFFFFF4088F4CFFFFFFFFFFFFA1
:10544000FF4088F4CFFFFFFFFFFFFFF4CF6F49CC91
:10545000CCCCCCCCCCCC3C80F6333333333333336D
:1054600033C70AFFFFFFFFFFFFFFFFFE202677770E
:10547000777777777777400EDCCCCCCCCCCCCCCCA4
:10548000CF40F43333333333330000C80F4CFFFFC6
:10549000FFFFFFC0000CB1F4CFFFFFFFFFFC0000D7
:1054A0006C8F4CFFFFFFFFFFC0000088F4CFFFFFB1
:1054B000FFFFFC0000088F4CFFFFFFFFFFC0000054
:1054C00088F4CFFFFFFFFFFC0000CF6F49CCCCCCAE
:1054D000CCCC90000C80F63333333333333333C7C3
:1054E0000AFFFFFFFFFFFFFFFFFE2026777777779A
:1054F00077777777400EDCCCCCCCCCCCCCCCCF4003
:10550000F43333333310000000C80F4CFFFFFFF4B7
:105510000000000CB1F4CFFFFFFF400000006C8FD3
:105520004CFFFFFFF40000000088F4CFFFFFFF40B6
:10553000000000088F4CFFFFFFF40000000088F41B
:10554000CFFFFFFF40000000CF6F49CCCCCCC300A1
:1055500000000C80F63333333333333333C70AFF61
:10556000FFFFFFFFFFFFFFFE202677777777777734
:105570007777400EDCCCCCCCCCCCCCCCCF40F43349
:1055800033300000000000C80F4CFFFC000000009A
:10559000000CB1F4CFFFC000000000006C8F4CFF86
:1055A000FC00000000000088F4CFFFC000000000F5
:1055B00000088F4CFFFC00000000000088F4CFFFC3
:1055C000C00000000000CF6F49CCC90000000000FF
:1055D0000C80F63333333333333333C70AFFFFFFE3
:1055E000FFFFFFFFFFFE20267777777777777777C4
:1055F000400EDCCCCCCCCCCCCCCCCF40F4000000EA
:105600000000000000C80F40000000000000000C77
:10561000B1F400000000000000006C8F40000000AA
:10562000000000000088F4000000000000000008F6
:105630008F40000000000000000088F4000000001F
:1056400000000000CF6F40000000000000000C8050
:10565000F63333333333333333C70AFFFFFFFFFFF0
:10566000FFFFFFFE2000069BB7400002CFFDFFF9C1
:10567000000DFFF4AFFF805FFFF40AFFE1AFFFF41E
:1056800051AFF5DF83F48A0CF8FFF633516FFCFF5E
:10569000FF6006FFFCFFFFD01FFFFCFFFD1013FFA4
:1056A000FCFFD164863FFACF96F4861CF88FFFF496
:1056B00011CFF32FFFF41CFFE008FFF5CFFF4000F0
:1056C0007EFEFFC300000034420000000000000026
:1056D0000000000000000004000000000000300492
:1056E000020C01000C00C005040501071600000AA9
:1056F0000A0C000052005009081001FE9200B00B85
:105700000B0D00FFDA00000A0A0D00FF1B018003E9
:105710000205010720015005051101FC4B01600540
:10572000051100FC7601F006070600038B01100945
:1057300009090001B4019003020401FEB801300719
:1057400005020104BD01500402020100BF01A006D0
:10575000060D00FFE6010009080D01FF1A0200090D
:10576000050C010038020009080C0100680200095C
:10577000070D01FF96020009090C0000CC02000988
:10578000080D01FF00030009080D01FF34030009A3
:10579000090C00006A030009090D00FFA5030009B8
:1057A000080D00FFD903100402090100E2032004E0
:1057B000020B01FEED0320080708000009040009A0
:1057C000070501031B046008070801003704A00750
:1057D000070C00006104500E0D1001FCC904200AE2
:1057E0000A0C00000505200A090C01003B05200AEF
:1057F000090D01FF7605D00A090C0100AC05C008AF
:10580000080C0100DC05C008080C01000C06D00AD9
:10581000090D01FF4706400B090C01007D068004BD
:10582000020C01008906C008080D00FFBD06200A11
:10583000090C0100F306C008080C01002307D00D75
:105840000C0C01006B07400B090C0100A107F00ACA
:10585000090D01FFDC07200A090C01001208200BCA
:105860000A0D01FF5308200A090C01008908D0091C
:10587000080D01FFBD0890090A0C0000F908D00AC4
:10588000090D01FF3409200A0A0C00007009C00D3F
:105890000E0C0000C409200A0A0C0000000A200AAD
:1058A0000A0C00003C0A9009090C0000720A50041E
:1058B000041001FD920AA006070D00FFC00A500463
:1058C000031000FDD80AB00606070005ED0A4007E0
:1058D000080200FEF50A000504030009FB0AD008CF
:1058E000080A00FF230B2009080E01FF5B0B60086C
:1058F000080A00FF830B2009080E00FFBB0B60089D
:10590000080A00FFE30BE004060D00000A0C200962
:10591000080D00FC3E0C2009070D01006C0C100462
:10592000020D0100790C20040411FFFC9B0C3008CF
:10593000070D0100C90C1004020D0100D60C000E69
:105940000C0901000C0D2009070901002C0D20098C
:10595000090A00FF590D2009080D01FC8D0D2009D1
:10596000080D00FCC10DA00505090100D80D600857
:10597000070A01FFFB0D2005050C00FF190E200989
:10598000070A01FF3C0E100808090000600E200CF9
:105990000C090000960E100808090000BA0E100845
:1059A000080D00FCEE0E100808090000120F70052B
:1059B000061000FD420FF003020E01FE500F7005AD
:1059C000051000FD780FE00A090401038A0FB00DED
:1059D0000E1000FDFA0F2011121000FD8A100010A9
:1059E000100D0000F21000100E0B01003F11900C82
:1059F0000B0C01FF8111B00D0E1000FEF111B00D66
:105A00000E0F00FE5A12900C0D0F00FEBC12E00E9D
:105A10000F0C00001613E00E0F0E00007F13B00DE8
:105A20000E0C0000D313B00D0E0F00FE3C14E00668
:105A3000070B00006314500A0B0B0000A014E00ECB
:105A40000F0D00FF02152011120F00FE8915B00D79
:105A50000E0F00FEF21520090A0F00FE3D16900CF5
:105A60000D0F00FE9F16B00D0E0F00FE0817B00DB3
:105A70000E0F00FE711720090A0F00FEBC17C00DA3
:105A80000E0C00001018700B0A0F01FF5B18700B52
:105A90000A0F00FFA618900C0D0D0000FB18900CCB
:105AA0000D04000415190010101000FE95190010C7
:105AB000100F00FF0D1A0010100A00005D1A0010F0
:105AC000100A00FFAD1A2011110B00000B1BE00E95
:105AD0000F0D00006D1BE00E0F1000FEE51B900C7B
:105AE0000D0D00003A1C0010100E00FEAA1C001044
:105AF000101100FD321DB00D0E0F00FE9B1D0008A1
:105B0000081000FDDB1D0010101100FD631E2011A8
:105B1000120B0000C61E900C0D0D00FF1B1FB00DD8
:105B20000E1100FD921F5012120D0000072090145C
:105B3000150C000085209014150C00000321901412
:105B4000150C000081219014150C0000FF21901409
:105B5000150C00007D22B00D0C1101FD00000700A6
:105B60000A000B000C0010001200130014001800B3
:105B70001B0020002500260027003D003F004700B5
:105B80004A004B004C005000510052005300660088
:105B90006700700073007600770078007A0092004A
:105BA0009400C300C400C600E600F2001B012301FC
:105BB0005A01EA013F0240024102420243029202BC
:105BC000200000005F000100000000000000000055
:105BD0000000000001F00000930260005C5B01081F
:105BE0000000000032000200092B09370938093A89
:105BF0001111111211141115111611171118111A72
:105C0000121312141216121813111312131313165F
:105C1000131713181319131A141214131414141538
:105C20001416141714181419141A15111513151520
:105C3000151615171518151916121613161416150C
:105C40001616161716181619161A171117121713F3
:105C500017151716171717181719181218151816D9
:105C6000181718181819181A1911191219141915C2
:105C7000191619171A111A121A131A151A161A17B1
:105C80001A181A1A222422282230223222352236C9
:105C900022372238223A22422244224522462248F2
:105CA0002250225222542255225622572258225B39
:105CB000233A2342234A234D235023532356235A66
:105CC0002424242824302432244A24532456245AB9
:105CD000245B25372538254225462550255626376D
:105CE0002638263A26432644264526462647264871
:105CF000264A264B264C264D264E264F2650265108
:105D00002652265326552656265726582659265AB1
:105D1000265B270D270F272227422746274A274D94
:105D2000275027532756275A28422846284F2850BD
:105D300028532856285A2942294629502956295A93
:105D40002A422A442A452A472A482A4E2A4F2A50BC
:105D50002A512A532A542A552A562A572A582A5A47
:105D60002B422B502C242C282C302C322C422C460D
:105D70002C4A2C502C532C562C582C5A2D222D2486
:105D80002D282D302D322D352D362D372D382D3A0D
:105D90002D4B2D562D582D5A2E422E462E4B2E4F22
:105DA0002E502E562E5A2F462F502F5A3022303535
:105DB000303730383039303A30443045304630476B
:105DC0003048304B305030513052305430553056CE
:105DD0003059305A305B310D310F312231263129A3
:105DE000312A314231463149314A314D314F3150FA
:105DF000315331543155315A3222323532363237FD
:105E000032383239323A3242325633243328333040
:105E100033323335333633373338333A334233461C
:105E200033503356335A34423446344B344E344F65
:105E300034503451345234563458345A350D350EAA
:105E4000350F351B351C3522352435283530353294
:105E500035343535353735383539353A35423546C7
:105E6000354A354E35503553355435563558355AF3
:105E7000355B3622364536473648364E364F365134
:105E80003653365436553659365B370A370D370E8A
:105E9000370F371B371C3722372437283730373234
:105EA000373E37423746375037533756375A375EC3
:105EB000380A380D380E380F381B381C3822382471
:105EC0003828383038323835383E3842384638503D
:105ED00038533856385A385E3924392839303932EF
:105EE00039463956395A3A0A3A0D3A0E3A0F3A1BA0
:105EF0003A1C3A223A243A283A303A323A353A377A
:105F00003A383A393A3A3A3E3A423A463A503A52AE
:105F10003A553A563A573A5E3B223B243B283B30AF
:105F20003B323B423B463B4A3B503B563B583B5A3D
:105F30003C2B43574358435A465A47034708470A9E
:105F4000473E4748475E4C46505750585059505A64
:105F50005158530D530F5344534553465347534CD5
:105F60005350535253555356535753585359535AEA
:105F7000535B570D570F5742574457455746575095
:105F80005752580D580F584458455846585259447E
:105F900059455946595059525A0D5A0F5A445A4563
:105FA0005A465A505A525B445B455B465B505C2BE9
:105FB000F405050601FC00010001FB01FFFFFF00E5
:105FC000FEFE01FEFEFDFE00FE0001020100FD01DD
:105FD0000000FC040200F60200FD010201000001C5
:105FE000FD00FBFD030100FB0105ECFCFB05FDFFD3
:105FF00000FD0103010000FBFF010000FA01FBFBB3
:10600000FBFBEDFAEEF4EC01FEFDFDFEFDFE00F8FB
:10601000FDF6F803EC01000001000101FFFFFFFFA6
:10602000FFFFFF01FFFBFD00010101020202FFFB78
:10603000FBFBFBFCFFFFFFFFFEFEFBFEFCFEFBFC91
:10604000F9FA01FA01DADAF1F7FBFFFFFBF9FAFAE4
:1060500000010000000000FFFFFFFF00FFFFFEFF48
:10606000FFFFFFFF00FFFFFFFFFF00FFFFFFF9F94A
:10607000F8F9FFF9FFF9FFFAF6F605FBFAFAFAED7F
:10608000FAE9F2EA00FCF5F2FFFFFFFFFFFF00FF75
:10609000FF00FBF9FAFDFAF90000000000FF000024
:1060A00001000100FF01FED6D6F2FFFFFFFDFD005B
:1060B000FFFFFFFD00FF040404F8FEF9FB03F700F7
:1060C00000FFFFFEFFFBFEFBFCF400FEFEFF0000F6
:1060D00000FFFFFF000000000101ECECECEDEDEC37
:1060E000FAF9F9F9FC0404040304ECECFFEFECEF1B
:1060F000EDEFF4F4F1FAFE00FFFFFFFFFFFF00FEFB
:10610000FE05EAF7EAF8F8EDFBFBFAFB04F4F5F418
:10611000F8F9FD0504F1FBF1FBFAF2FDFDFCFD04CD
:1061200003F8F8F8FBFBFF04FAFAFAFAF9FBF805B2
:10613000E9F3E9F5F5EBF9F9F9F9040504030505C7
:10614000F0EFEFF0FAF6FB0503FAFAF9FA00FBFFBD
:10615000FBFBF9F9FBFDFEFDFD04040505FA05FB5B
:10616000FCFEFBFCFEF0F0FBFCFB0400FBFC04006F
:106170000504020501F1F1FCFDFDFDFCFDF4F5FE59
:10618000FEFDFEFBFBFBFBFBEFF0FCFCFCFCFBFC69
:10619000FCFCFCFBE85B0108B05F0108E4010000C7
:1061A000E007000010630108D462010814630108CD
:1061B000B4620108C0620108D8620108B062010837
:1061C000246301082C630108C4620108CC62010841
:1061D00018630108B86201081C630108086301081C
:1061E000E862010800630108F4620108DC6201084A
:1061F000E2070B09E2070B0DFFFF0000FFFF0000A5
:10620000E939000010840000E9390000E939000094
:1062100010840000B104000000F8000055AD00003B
:10622000BB540000BB540000FFFF0000BB54000043
:10623000E2070B17506C65617365207573652074F8
:106240006865207374796C757320636C69636B2067
:106250007468652063726F7373206F6E2074686555
:106260002073637265656E2E5468652063726F7368
:10627000732077696C6C20616C77617973206D6F26
:10628000766520756E74696C20746865207363721E
:1062900065656E2061646A7573746D656E742069DE
:1062A0007320636F6D706C657465642E0000000070
:1062B00053610000576500004A756E6500000000DC
:1062C000546800004D61726368000000417072699B
:1062D0006C0000004D6F000046720000446563656D
:1062E0006D6265720000000053657074656D6265D3
:1062F000720000004E6F76656D62657200000000EE
:106300004F63746F62657200417567757374000046
:1063100053750000547500004D6179004A756C7921
:10632000000000004A616E75617279004665627214
:1063300075617279000000005863010800000020B8
:10634000A80100001A08000818640108A80100202C
:1063500038A7000030300008412D0102030404205A
:1063600009060708090204060883FFFF13352814ED
:1063700008792B1408BD1E1918013A0326D0901E67
:10638000B2330108B3041AB5041AB8041ABC041ACB
:10639000C1041AC7041ACE04411AE808100ECC56DC
:1063A0000108C05B0108946101081083021013DF2B
:1063B0009E1B087D0423120422B4023C201309E62C
:1063C000140805E31B08A9041B61E40812E51B0877
:1063D000E90C1A110C1A390481180A10630108D447
:1063E00062010814081AB4081AC0041AD8041AB0B2
:1063F000041A24141A2C041AC40C1ACC041A180CEB
:106400001AB8081A1C081A08041AE80C1119081AF4
:08641000F4082ADC0C0117005E
:0400000508000131BD
:00000001FF
